frame_id,ball_carrier,control_probability,contested,contextual_xG,best_pass_option,best_pass_EV,risk_index,team_compactness,possession_probability,momentum_state
0,1.0,0.9295125021411308,False,0.04708585112996667,1.0,0.04708585112996667,0.0,5218.291415800821,1.0,Neutral
1,1.0,0.9998766183853149,False,0.04636241374409122,1.0,0.04636241374409122,0.0,0.0,1.0,Neutral
2,1.0,0.9998922348022461,False,0.04553814912299406,1.0,0.04553814912299406,0.0,0.0,1.0,Neutral
3,2.0,0.9965180145265384,False,0.019350852175697267,2.0,0.019350852175697267,0.0,0.0,1.0,Neutral
4,2.0,0.9964470854798305,False,0.01912003020840443,2.0,0.01912003020840443,0.0,0.0,1.0,Neutral
5,2.0,0.9741067552964676,False,0.018889416925581607,2.0,0.018889416925581607,0.0,2396.3206947764434,1.0,Neutral
6,2.0,0.8823441308838595,False,0.018681650688453642,2.0,0.018681650688453642,0.0,5479.125983617592,1.0,Neutral
7,1.0,0.9967359900474548,False,0.04251524161072409,1.0,0.04251524161072409,0.0,8108.086055407484,1.0,Neutral
8,1.0,0.9970322847366333,False,0.04211290208859883,1.0,0.04211290208859883,0.0,10404.99646312228,1.0,Neutral
9,1.0,0.9956898093223572,False,0.04211480027795541,1.0,0.04211480027795541,0.0,10356.343822058256,1.0,Neutral
10,1.0,0.9942495822906494,False,0.042189865556456534,1.0,0.042189865556456534,0.0,10322.487087546351,1.0,Neutral
11,1.0,0.9826000332832336,False,0.042339455591295094,1.0,0.042339455591295094,0.0,10256.948916057514,1.0,Neutral
12,1.0,0.975846529006958,False,0.04247202150651572,1.0,0.04247202150651572,0.0,12411.947002862533,1.0,Neutral
13,1.0,0.8431957208392158,False,0.04329686666660731,1.0,0.04329686666660731,0.0,10051.005393757185,1.0,Neutral
14,1.0,0.8336940214328087,False,0.04370329779360817,45.0,0.07840136387999844,0.7215612891147998,9931.457777485299,1.0,Neutral
15,40.0,0.8299801828777901,False,0.02848702693562248,45.0,0.36516643063842036,0.49249142683080394,9802.10417662187,1.0,Neutral
16,1.0,0.8064432242081297,False,0.04485846067948892,45.0,0.190675595431749,0.6394310775311588,9650.223872088061,1.0,Neutral
17,1.0,0.787442745946396,False,0.04564408381276268,45.0,0.23989141977471207,0.7445983610911049,9490.381859556746,1.0,Neutral
18,1.0,0.7637196129774517,False,0.04643387310319862,45.0,0.22409810132921007,0.6870304823878224,9274.069425535825,1.0,Neutral
19,39.0,0.6792723545502278,False,0.022626721070327583,39.0,0.022626721070327583,0.0,9084.824410550575,1.0,Neutral
20,2.0,0.8055139309286415,False,0.017551101084745495,2.0,0.017551101084745495,0.0,8879.577527169226,1.0,Neutral
21,1.0,0.6717781697148393,False,0.04869890485475645,45.0,0.1660195218743276,0.622663883651371,10653.609021915494,1.0,Neutral
22,2.0,0.79622500357815,False,0.017574189232597723,2.0,0.017574189232597723,0.0,10507.367574909327,1.0,Neutral
23,40.0,0.872983801907413,False,0.0685198611737929,45.0,0.08020740199668427,0.7485033531904909,10363.158609005994,1.0,Neutral
24,40.0,0.8761570935196711,False,0.07649512063985552,40.0,0.07649512063985552,0.0,10162.868916829502,1.0,Neutral
25,40.0,0.8790517941677682,False,0.08278976725861686,40.0,0.08278976725861686,0.0,10020.88219385656,1.0,Neutral
26,40.0,0.879820620400227,False,0.09073313170233403,40.0,0.09073313170233403,0.0,9908.99901510814,1.0,Neutral
27,40.0,0.8811199188888136,False,0.09642030874981922,40.0,0.09642030874981922,0.0,9811.09586176043,1.0,Neutral
28,35.0,0.5505922436714172,True,0.01178879037620043,40.0,0.01895527821286074,0.8098985802983284,9706.256580399035,1.0,Neutral
29,40.0,0.9063309551877874,False,0.10497636720003582,40.0,0.10497636720003582,0.0,9642.533573633038,1.0,Positive
30,40.0,0.8864356233699968,False,0.10968422818449446,40.0,0.10968422818449446,0.0,9556.508012401675,1.0,Positive
31,35.0,0.8047934770584106,False,0.012272258867668518,40.0,0.02339226781320091,0.7956169450810303,9449.592581144669,1.0,Positive
32,35.0,0.8380399346351624,False,0.012324404653307171,40.0,0.024859595068760922,0.7922737074911071,9355.19515906744,1.0,Positive
33,35.0,0.8105408549308777,False,0.012320769145638972,40.0,0.025571929320616287,0.7911124581429697,9279.076533254574,1.0,Neutral
34,35.0,0.6615192294120789,False,0.012214930565740795,40.0,0.02608778016057492,0.791608131070459,8857.513027161302,1.0,Neutral
35,40.0,0.8895011273970351,False,0.12691177902909212,40.0,0.12691177902909212,0.0,9185.188357057672,1.0,Positive
36,2.0,0.6449469535426425,False,0.01798527127546379,2.0,0.01798527127546379,0.0,9163.400467113726,1.0,Neutral
37,75.0,0.5019665360450745,True,0.09854094356121162,75.0,0.09854094356121162,0.0,9183.51689672663,1.0,Positive
38,75.0,0.5914168357849121,True,0.10363990314393315,75.0,0.10363990314393315,0.0,7186.089734956539,1.0,Positive
39,75.0,0.6465602517127991,True,0.10696749367333727,75.0,0.10696749367333727,0.0,7020.804206963097,1.0,Positive
40,75.0,0.7206891179084778,False,0.10917669348728432,75.0,0.10917669348728432,0.0,9132.707392557959,1.0,Positive
41,75.0,0.7526193261146545,False,0.10972166200912375,75.0,0.10972166200912375,0.0,7255.72826867269,1.0,Positive
42,75.0,0.7720429301261902,False,0.11082322515559094,75.0,0.11082322515559094,0.0,9535.698009075903,1.0,Positive
43,75.0,0.7967222332954407,False,0.10701151812561689,75.0,0.10701151812561689,0.0,9886.143589091704,1.0,Positive
44,75.0,0.8036567568778992,False,0.09765229079287635,75.0,0.09765229079287635,0.0,10272.031252731853,1.0,Positive
45,75.0,0.8062604665756226,False,0.08288239761211627,75.0,0.08288239761211627,0.0,8469.647844332198,1.0,Positive
46,75.0,0.8503162860870361,False,0.06318388570802395,75.0,0.06318388570802395,0.0,5221.664296411756,1.0,Positive
47,75.0,0.813961923122406,False,0.05426272158402561,75.0,0.05426272158402561,0.0,5746.984640415061,1.0,Positive
48,75.0,0.7285681366920471,False,0.050401776422572674,75.0,0.050401776422572674,0.0,6108.194786130794,1.0,Positive
49,75.0,0.7294212579727173,False,0.04689330625087034,75.0,0.04689330625087034,0.0,15523.97220515064,1.0,Positive
50,75.0,0.8281197547912598,False,0.0436461287368937,75.0,0.0436461287368937,0.0,11908.859689016246,1.0,Positive
51,40.0,0.5734416842460632,True,0.01,40.0,0.01,0.0,5107.9977335314925,1.0,Positive
52,40.0,0.42609110474586487,True,0.01,40.0,0.01,0.0,10345.477738992038,1.0,Positive
53,69.0,0.5257911086082458,True,0.02546418491939485,69.0,0.02546418491939485,0.0,5415.122415021856,1.0,Positive
54,69.0,0.5257776379585266,True,0.02600775264931815,69.0,0.02600775264931815,0.0,11448.685853729989,1.0,Positive
55,75.0,0.3649529814720154,True,0.03525303832209867,75.0,0.03525303832209867,0.0,16927.719169594337,1.0,Neutral
56,75.0,0.4341135025024414,True,0.03270827384967856,75.0,0.03270827384967856,0.0,15875.99619696984,1.0,Neutral
57,69.0,0.6205720901489258,True,0.028020262100368516,69.0,0.028020262100368516,0.0,12794.419606607256,1.0,Neutral
58,75.0,0.5819461941719055,True,0.03147522525968601,75.0,0.03147522525968601,0.0,21122.44360179332,1.0,Neutral
59,75.0,0.4987961947917938,True,0.029983668490545595,75.0,0.029983668490545595,0.0,26370.176509303892,1.0,Neutral
60,75.0,0.5293051600456238,True,0.02939043649192855,75.0,0.02939043649192855,0.0,3773.1826394102945,1.0,Neutral
61,75.0,0.5202783942222595,True,0.029242477007826118,75.0,0.029242477007826118,0.0,129.4777499589211,1.0,Neutral
62,75.0,0.5486254692077637,True,0.029502859988245245,75.0,0.029502859988245245,0.0,3648.501752719291,1.0,Neutral
63,75.0,0.5310608744621277,True,0.029992935848108398,75.0,0.029992935848108398,0.0,6426.357177859643,1.0,Neutral
64,75.0,0.49317750334739685,True,0.030213253914601234,75.0,0.030213253914601234,0.0,4132.979615434721,1.0,Neutral
65,69.0,0.4786941111087799,True,0.03300484315609772,69.0,0.03300484315609772,0.0,9508.813628501575,1.0,Neutral
66,69.0,0.459025114774704,True,0.0333852186033099,69.0,0.0333852186033099,0.0,9880.841460545618,1.0,Neutral
67,69.0,0.477579265832901,True,0.033863606702970284,69.0,0.033863606702970284,0.0,3255.200380474725,1.0,Neutral
68,69.0,0.49630996584892273,True,0.034231034487166793,69.0,0.034231034487166793,0.0,3253.6875555647266,1.0,Neutral
69,69.0,0.5091792345046997,True,0.0345783557321136,69.0,0.0345783557321136,0.0,3219.626586078447,1.0,Neutral
70,69.0,0.5492087006568909,True,0.03471843284172747,69.0,0.03471843284172747,0.0,3172.0949971344435,1.0,Neutral
71,69.0,0.665421724319458,False,0.03480399813748406,69.0,0.03480399813748406,0.0,3077.875599556554,0.9791666666666666,Neutral
72,69.0,0.7570940852165222,False,0.03487673066953088,69.0,0.03487673066953088,0.0,2939.099488781277,0.9591836734693877,Neutral
73,69.0,0.7858350276947021,False,0.034847873051534604,69.0,0.034847873051534604,0.0,2839.209471902429,0.94,Neutral
74,69.0,0.8951290845870972,False,0.0347176794648496,69.0,0.0347176794648496,0.0,189.46635530066553,0.9215686274509803,Neutral
75,77.0,0.755350147873981,False,0.029801199932650225,77.0,0.029801199932650225,0.0,2521.580278275654,0.9230769230769231,Neutral
76,75.0,0.7675726561194536,False,0.032687631018780854,75.0,0.032687631018780854,0.0,952.5126162177513,0.9245283018867925,Neutral
77,87.0,0.9886929429262024,False,0.010917583371931763,87.0,0.010917583371931763,0.0,888.5586792710587,0.9259259259259259,Neutral
78,87.0,0.9784111183494592,False,0.011214201762132933,87.0,0.011214201762132933,0.0,2515.3480363942676,0.9272727272727272,Neutral
79,87.0,0.9767831209856983,False,0.011408910157454353,87.0,0.011408910157454353,0.0,2259.0594066419035,0.9285714285714286,Neutral
80,77.0,0.9055373645144721,False,0.029029670913200453,77.0,0.029029670913200453,0.0,2115.7080847640214,0.9298245614035088,Neutral
81,77.0,0.9014000952356308,False,0.029124227068696152,77.0,0.029124227068696152,0.0,1970.991912356154,0.9310344827586207,Neutral
82,87.0,0.9895658032430602,False,0.011946243380896235,87.0,0.011946243380896235,0.0,1863.1042667114207,0.9322033898305084,Neutral
83,87.0,0.999893088876071,False,0.012096352025462529,87.0,0.012096352025462529,0.0,0.0,0.9333333333333333,Neutral
84,87.0,0.9692608564939384,False,0.012261955811113256,87.0,0.012261955811113256,0.0,0.0,0.9344262295081968,Neutral
85,87.0,0.961645616922554,False,0.012425144251843021,87.0,0.012425144251843021,0.0,0.0,0.9354838709677419,Neutral
86,87.0,0.9541490191824591,False,0.012555828380355299,87.0,0.012555828380355299,0.0,608.1572724333512,0.9365079365079365,Neutral
87,77.0,0.8703722518334247,False,0.03010385037260193,77.0,0.03010385037260193,0.0,1462.8366202270322,0.9375,Neutral
88,87.0,0.982833072157177,False,0.012909892360216052,87.0,0.012909892360216052,0.0,1443.5442115231272,0.9384615384615385,Neutral
89,159.0,0.928915278704326,False,0.024401879442668802,159.0,0.024401879442668802,0.0,1430.2383738651044,0.9393939393939394,Neutral
90,87.0,0.9794537158394143,False,0.01330731455553845,87.0,0.01330731455553845,0.0,1408.8956588625329,0.9402985074626866,Neutral
91,159.0,0.9261882210452107,False,0.02488571112534271,159.0,0.02488571112534271,0.0,1378.1982070701351,0.9411764705882353,Neutral
92,153.0,0.997285008430481,False,0.03690813837423587,153.0,0.03690813837423587,0.0,1425.755308121271,0.927536231884058,Neutral
93,87.0,0.9052869670693782,False,0.013752884194235013,87.0,0.013752884194235013,0.0,1404.9842493042936,0.9285714285714286,Neutral
94,77.0,0.6330843725997423,False,0.0335231866638863,77.0,0.0335231866638863,0.0,1360.8724262816786,0.9295774647887324,Neutral
95,159.0,0.917205292723051,False,0.025694501838274177,159.0,0.025694501838274177,0.0,1241.1222942183033,0.9305555555555556,Neutral
96,159.0,0.9199638427732008,False,0.025627631269199373,159.0,0.025627631269199373,0.0,1210.2188891303063,0.9315068493150684,Neutral
97,159.0,0.921774349771048,False,0.025498857582590267,159.0,0.025498857582590267,0.0,1205.5973746828413,0.9324324324324325,Neutral
98,87.0,0.9717440381151826,False,0.014050602127411015,87.0,0.014050602127411015,0.0,1252.1061513748045,0.9333333333333333,Neutral
99,159.0,0.45368873155132317,True,0.025529864628652928,159.0,0.025529864628652928,0.0,1225.8014098669412,0.9333333333333333,Neutral
100,87.0,0.8701879134906957,False,0.014188285717270915,87.0,0.014188285717270915,0.0,1173.904565815559,0.9342105263157895,Neutral
101,87.0,0.8643535531384313,False,0.014175740878913386,87.0,0.014175740878913386,0.0,1141.5115173718664,0.935064935064935,Neutral
102,77.0,0.6035429981782705,False,0.037048552220515854,77.0,0.037048552220515854,0.0,1101.0169414795912,0.9358974358974359,Neutral
103,87.0,0.7581801499817366,False,0.014102991817623249,87.0,0.014102991817623249,0.0,1074.8098150079777,0.9367088607594937,Neutral
104,87.0,0.8417075275078426,False,0.014078524948920182,87.0,0.014078524948920182,0.0,1031.3309065009314,0.9375,Neutral
105,159.0,0.9154494015032483,False,0.024983507765222172,159.0,0.024983507765222172,0.0,1039.6353448951663,0.9382716049382716,Neutral
106,87.0,0.8335732463173601,False,0.014045780481710133,87.0,0.014045780481710133,0.0,935.0567646101808,0.9390243902439024,Neutral
107,182.0,0.5635165706833364,False,0.03812949264102604,182.0,0.03812949264102604,0.0,908.3413663150354,0.9397590361445783,Neutral
108,182.0,0.5644743210158114,False,0.03793508126474143,182.0,0.03793508126474143,0.0,870.1390515736427,0.9404761904761905,Neutral
109,77.0,0.3085625544342128,True,0.038984264775978265,181.0,0.039064080093193176,0.01300783018149465,879.8396213985288,0.9404761904761905,Neutral
110,87.0,0.8108883338168178,False,0.013951869792735775,87.0,0.013951869792735775,0.0,807.588875104138,0.9411764705882353,Neutral
111,156.0,0.5846271226984284,False,0.03750824010088098,156.0,0.03750824010088098,0.0,779.5661333600235,0.9418604651162791,Neutral
112,156.0,0.588875953729093,False,0.0375095023638326,156.0,0.0375095023638326,0.0,757.3629974832152,0.9425287356321839,Neutral
113,153.0,0.9889290928840637,False,0.031338399981368524,153.0,0.031338399981368524,0.0,733.9541433891446,0.9318181818181818,Neutral
114,153.0,0.9790923595428467,False,0.03065405794147655,153.0,0.03065405794147655,0.0,739.464891867789,0.9213483146067416,Neutral
115,153.0,0.981704831123352,False,0.030213272987727427,153.0,0.030213272987727427,0.0,722.6599050645059,0.9111111111111111,Neutral
116,153.0,0.9835979342460632,False,0.02977208040845373,153.0,0.02977208040845373,0.0,696.4889086231317,0.9010989010989011,Neutral
117,153.0,0.9722095727920532,False,0.02914209722384917,153.0,0.02914209722384917,0.0,685.113412760603,0.8913043478260869,Neutral
118,153.0,0.9709455966949463,False,0.028537838241482184,153.0,0.028537838241482184,0.0,679.8948778173709,0.8817204301075269,Neutral
119,153.0,0.963336169719696,False,0.02800283924921736,153.0,0.02800283924921736,0.0,684.2671531063696,0.8723404255319149,Neutral
120,153.0,0.9615797400474548,False,0.0275041713405021,153.0,0.0275041713405021,0.0,672.1782669151847,0.8631578947368421,Neutral
121,153.0,0.9565848112106323,False,0.02718055473796824,153.0,0.02718055473796824,0.0,663.8064767481318,0.8541666666666666,Neutral
122,153.0,0.952024519443512,False,0.02684095893429087,153.0,0.02684095893429087,0.0,657.1383095749688,0.845360824742268,Neutral
123,153.0,0.9436259269714355,False,0.026560410449616094,153.0,0.026560410449616094,0.0,739.1534209922229,0.8367346938775511,Neutral
124,153.0,0.9507021903991699,False,0.02675234316479609,153.0,0.02675234316479609,0.0,669.3821395107033,0.8282828282828283,Neutral
125,153.0,0.9486609101295471,False,0.02690106301410821,153.0,0.02690106301410821,0.0,677.9990322576083,0.82,Neutral
126,153.0,0.9442453980445862,False,0.029357662925628244,153.0,0.029357662925628244,0.0,675.2015830826942,0.8118811881188119,Neutral
127,153.0,0.9426612854003906,False,0.03215215653371235,153.0,0.03215215653371235,0.0,661.1901254311354,0.803921568627451,Neutral
128,153.0,0.9415816068649292,False,0.034092497490086485,153.0,0.034092497490086485,0.0,643.454035038304,0.7961165048543689,Neutral
129,153.0,0.934365451335907,False,0.037605788013586244,153.0,0.037605788013586244,0.0,638.2884011518537,0.7884615384615384,Neutral
130,153.0,0.9408740401268005,False,0.04278677010861259,153.0,0.04278677010861259,0.0,801.2163486203186,0.780952380952381,Neutral
131,153.0,0.9406004548072815,False,0.050771530345611715,153.0,0.050771530345611715,0.0,779.159025060436,0.7735849056603774,Neutral
132,153.0,0.9418470859527588,False,0.05998500446598612,153.0,0.05998500446598612,0.0,566.8792449232647,0.7663551401869159,Neutral
133,156.0,0.5618175018960793,False,0.03766065892796764,156.0,0.03766065892796764,0.0,650.8939805527228,0.7685185185185185,Neutral
134,156.0,0.688660970905346,False,0.0377927132672687,156.0,0.0377927132672687,0.0,605.5926605291546,0.7706422018348624,Neutral
135,159.0,0.8503222588130435,False,0.022702181315395857,159.0,0.022702181315395857,0.0,634.8729868850787,0.7727272727272727,Neutral
136,153.0,0.9494675993919373,False,0.08651116246643975,153.0,0.08651116246643975,0.0,626.411607642379,0.7657657657657657,Neutral
137,153.0,0.9472551941871643,False,0.09114971013616377,153.0,0.09114971013616377,0.0,638.1788507643794,0.7589285714285714,Neutral
138,153.0,0.5175648927688599,True,0.09630996527789455,211.0,0.10710957984158719,0.013911904036374257,635.5554733356058,0.7589285714285714,Positive
139,153.0,0.9287757873535156,False,0.10334211242287747,153.0,0.10334211242287747,0.0,644.1625880166011,0.7522123893805309,Positive
140,153.0,0.927387535572052,False,0.10909295814710063,153.0,0.10909295814710063,0.0,645.0534791015548,0.7456140350877193,Positive
141,153.0,0.9118834137916565,False,0.11468460213900608,153.0,0.11468460213900608,0.0,637.6338799468494,0.7391304347826086,Positive
142,153.0,0.9099429845809937,False,0.12138058351763659,153.0,0.12138058351763659,0.0,632.189841901391,0.7327586206896551,Positive
143,156.0,0.6857537244470233,False,0.04095471891964869,77.0,0.06795426159828806,0.1252783958403234,628.3586309516286,0.7350427350427351,Positive
144,156.0,0.6825963024313407,False,0.04175286640046236,77.0,0.07536999715799428,0.1252698575775328,600.0685257748064,0.7372881355932204,Positive
145,156.0,0.6781424197932714,False,0.04255946334624031,77.0,0.0825272085813464,0.1245196449297386,574.682600165478,0.7394957983193278,Positive
146,195.0,0.6916565195500725,False,0.014909665316310576,195.0,0.014909665316310576,0.0,579.7742764045445,0.7416666666666667,Positive
147,77.0,0.5574522106434302,False,0.13575124184195486,77.0,0.13575124184195486,0.0,571.5411047686175,0.743801652892562,Positive
148,195.0,0.6790948989616125,False,0.01507519763278981,195.0,0.01507519763278981,0.0,555.4227463121778,0.7459016393442623,Positive
149,156.0,0.6446519875953186,False,0.045069548636694566,77.0,0.10439759558123136,0.11282807513595135,573.7394071279422,0.7479674796747967,Positive
150,159.0,0.8472529371784459,False,0.02466107721347835,159.0,0.02466107721347835,0.0,564.7977801360628,0.75,Positive
151,159.0,0.845709497632876,False,0.02483905108151228,159.0,0.02483905108151228,0.0,558.6681785675688,0.752,Positive
152,159.0,0.8434389344998602,False,0.024978196941036892,159.0,0.024978196941036892,0.0,557.9000224261794,0.753968253968254,Positive
153,159.0,0.8402404332110813,False,0.02507947975076266,159.0,0.02507947975076266,0.0,592.5746745377219,0.7559055118110236,Neutral
154,159.0,0.8390056292371033,False,0.025131717631519165,159.0,0.025131717631519165,0.0,636.5464093306904,0.7578125,Neutral
155,156.0,0.6157974162478425,False,0.045626857221784264,77.0,0.13468358385446028,0.10411276475230463,657.091151706962,0.7596899224806202,Neutral
156,159.0,0.8326264374022116,False,0.0252363228772058,159.0,0.0252363228772058,0.0,672.254715982238,0.7615384615384615,Neutral
157,77.0,0.5015378417825851,True,0.1889130925876192,77.0,0.1889130925876192,0.0,669.6834918544496,0.7615384615384615,Positive
158,77.0,0.4993482020874033,True,0.1917161582469335,77.0,0.1917161582469335,0.0,667.3218909258609,0.7615384615384615,Positive
159,159.0,0.8256277576585358,False,0.025519800140715972,159.0,0.025519800140715972,0.0,653.5782366139404,0.7633587786259542,Positive
160,159.0,0.8221991781177528,False,0.025607104170322147,159.0,0.025607104170322147,0.0,649.6289303811022,0.7651515151515151,Positive
161,159.0,0.8190169033539316,False,0.02564158991172367,159.0,0.02564158991172367,0.0,660.8710960143646,0.7669172932330827,Positive
162,159.0,0.81628830751668,False,0.025655003094935902,159.0,0.025655003094935902,0.0,652.5568191127868,0.7686567164179104,Positive
163,159.0,0.8146623200346237,False,0.025668105649454338,159.0,0.025668105649454338,0.0,675.0902260608287,0.7703703703703704,Positive
164,156.0,0.6387372101920585,False,0.045688410419567116,77.0,0.137716778770137,0.11999827990192183,691.387200288488,0.7720588235294118,Positive
165,156.0,0.6463439692336185,False,0.04536064393229825,77.0,0.14094358592997702,0.12459113839067314,721.5932966734633,0.7737226277372263,Positive
166,156.0,0.651532467239964,False,0.0452107238963255,77.0,0.14009152240537434,0.12817143416870522,725.0281704830104,0.7753623188405797,Positive
167,156.0,0.6600190321707124,False,0.04519354161057163,77.0,0.14025600839662816,0.1329730359505443,727.6758330967604,0.7769784172661871,Positive
168,156.0,0.6685922053564497,False,0.045258919221238904,77.0,0.1400803392197651,0.13738263692885738,724.925123862281,0.7785714285714286,Neutral
169,156.0,0.6764730151917712,False,0.04536316132507178,77.0,0.1425318616943428,0.14153287080136884,743.3818334184828,0.7801418439716312,Neutral
170,156.0,0.6864665403488187,False,0.045043127714691905,77.0,0.14628671328956588,0.1473321791955738,785.8630941854759,0.7816901408450704,Neutral
171,156.0,0.6945306557248144,False,0.044522826094868816,77.0,0.14839113233901038,0.15190462517232134,832.6893646087317,0.7832167832167832,Neutral
172,156.0,0.698962750988473,False,0.0440290341856588,77.0,0.14962954306445986,0.15510250348998628,872.3482714767063,0.7847222222222222,Neutral
173,156.0,0.7011412835648346,False,0.043633071629196156,77.0,0.1485182427431619,0.1554141136531599,886.3534132524159,0.7862068965517242,Neutral
174,156.0,0.7051412849442671,False,0.04327267837920942,77.0,0.1479770688828567,0.07814406243136203,484.964146774544,0.7876712328767124,Neutral
175,156.0,0.7045112467539624,False,0.04294638231942032,77.0,0.1459069772231355,0.07828931555367179,881.8200772300718,0.7891156462585034,Neutral
176,156.0,0.7051418108023064,False,0.04280544090932485,77.0,0.14552138191591016,0.07873090585692588,897.3063444467505,0.7905405405405406,Neutral
177,,,False,,,,,,,Neutral
178,228.0,0.960954888066246,False,0.018145531500420895,228.0,0.018145531500420895,0.0,0.0,0.7919463087248322,Neutral
179,229.0,0.664454097448467,False,0.02645410791175067,229.0,0.02645410791175067,0.0,0.0,0.7933333333333333,Neutral
180,229.0,0.6697856869622629,False,0.02650973480136745,229.0,0.02650973480136745,0.0,0.0,0.7947019867549668,Neutral
181,229.0,0.6725032285172527,False,0.026587746447556886,229.0,0.026587746447556886,0.0,0.0,0.7960526315789473,Neutral
182,228.0,0.9664527735073858,False,0.018181513258290333,228.0,0.018181513258290333,0.0,0.0,0.7973856209150327,Neutral
183,229.0,0.5545449256896973,True,0.02673200645345918,229.0,0.02673200645345918,0.0,0.0,0.7973856209150327,Neutral
184,228.0,0.9675774296552903,False,0.018245132729323835,228.0,0.018245132729323835,0.0,0.0,0.7987012987012987,Neutral
185,228.0,0.9683409161958454,False,0.0182847920423754,228.0,0.0182847920423754,0.0,0.0,0.8,Neutral
186,229.0,0.6715484857559204,False,0.026972866376701505,229.0,0.026972866376701505,0.0,0.0,0.8012820512820513,Neutral
187,229.0,0.4334453046321869,True,0.02728356678728846,229.0,0.02728356678728846,0.0,50.38739065635374,0.8012820512820513,Neutral
188,229.0,0.4185933768749237,True,0.02786135237946372,229.0,0.02786135237946372,0.0,46.75696923725457,0.8012820512820513,Neutral
189,229.0,0.5942882895469666,True,0.028557138273015165,229.0,0.028557138273015165,0.0,0.0,0.8012820512820513,Neutral
190,229.0,0.4037764072418213,True,0.02937950317079322,229.0,0.02937950317079322,0.0,21.128323834948915,0.8012820512820513,Neutral
191,229.0,0.598986029624939,True,0.03005529795356935,229.0,0.03005529795356935,0.0,0.0,0.8012820512820513,Neutral
192,229.0,0.5790664553642273,True,0.030615577707218913,229.0,0.030615577707218913,0.0,0.0,0.8012820512820513,Neutral
193,229.0,0.5156986117362976,True,0.031168490341903752,229.0,0.031168490341903752,0.0,0.0,0.8012820512820513,Neutral
194,229.0,0.5642653703689575,True,0.03176212819919541,229.0,0.03176212819919541,0.0,0.0,0.8012820512820513,Neutral
195,228.0,0.5170513391494751,True,0.018649872072746394,228.0,0.018649872072746394,0.0,0.0,0.8012820512820513,Neutral
196,228.0,0.6546988487243652,False,0.018870589770358798,228.0,0.018870589770358798,0.0,0.0,0.802547770700637,Neutral
197,228.0,0.725897490978241,False,0.019153252745850165,228.0,0.019153252745850165,0.0,0.0,0.8037974683544303,Neutral
198,228.0,0.7553637027740479,False,0.019463409861939864,228.0,0.019463409861939864,0.0,0.0,0.8050314465408805,Neutral
199,228.0,0.7853151559829712,False,0.019794624223750237,228.0,0.019794624223750237,0.0,0.0,0.80625,Neutral
200,228.0,0.7250748872756958,False,0.02012704542049237,228.0,0.02012704542049237,0.0,15.459892223830142,0.8074534161490683,Neutral
201,228.0,0.7874462604522705,False,0.02045848497369019,228.0,0.02045848497369019,0.0,2.325536504947995,0.808641975308642,Neutral
202,228.0,0.9687598892775475,False,0.02078694286897275,228.0,0.02078694286897275,0.0,36.22281160172244,0.8098159509202454,Neutral
203,231.0,0.68342125415802,False,0.08410695593702358,231.0,0.08410695593702358,0.0,102.1554290593462,0.8109756097560976,Neutral
204,229.0,0.5096060037612915,True,0.04201690435762705,229.0,0.04201690435762705,0.0,158.57095659391382,0.8109756097560976,Neutral
205,231.0,0.7504038949172845,False,0.09224406618416567,231.0,0.09224406618416567,0.0,223.24514196255075,0.8121212121212121,Neutral
206,231.0,0.523537278175354,True,0.09121600282849976,231.0,0.09121600282849976,0.0,254.85991753154553,0.8121212121212121,Neutral
207,228.0,0.9599075789042606,False,0.022310736317900978,228.0,0.022310736317900978,0.0,280.02635207863693,0.8132530120481928,Neutral
208,229.0,0.49395090341567993,True,0.047661191000589395,229.0,0.047661191000589395,0.0,297.9082380858547,0.8132530120481928,Neutral
209,231.0,0.5295572876930237,True,0.09742258818343585,231.0,0.09742258818343585,0.0,320.501282817312,0.8132530120481928,Neutral
210,228.0,0.8566509485244751,False,0.02293721105222061,228.0,0.02293721105222061,0.0,332.0379158412418,0.8143712574850299,Neutral
211,228.0,0.8517571687698364,False,0.02317774869432987,228.0,0.02317774869432987,0.0,341.1225261647906,0.8154761904761905,Neutral
212,228.0,0.8198710083961487,False,0.023397708137608372,228.0,0.023397708137608372,0.0,346.5811478289821,0.8165680473372781,Neutral
213,228.0,0.7584502696990967,False,0.02365513150578439,228.0,0.02365513150578439,0.0,361.50529626169714,0.8176470588235294,Neutral
214,228.0,0.7026713490486145,False,0.023970444935979298,228.0,0.023970444935979298,0.0,378.1115116295109,0.8187134502923976,Neutral
215,228.0,0.6630567312240601,False,0.02431863347928005,228.0,0.02431863347928005,0.0,380.93861766261364,0.8197674418604651,Neutral
216,228.0,0.613182008266449,True,0.02475188691079004,228.0,0.02475188691079004,0.0,384.56539089855335,0.8197674418604651,Neutral
217,228.0,0.5952996015548706,True,0.025184736573450096,228.0,0.025184736573450096,0.0,412.73121901612444,0.8197674418604651,Neutral
218,228.0,0.5640639066696167,True,0.025611846559985208,228.0,0.025611846559985208,0.0,0.0,0.8197674418604651,Neutral
219,229.0,0.5170118808746338,True,0.044500091918675266,229.0,0.044500091918675266,0.0,0.0,0.8197674418604651,Neutral
220,229.0,0.561991274356842,True,0.04333843740994185,229.0,0.04333843740994185,0.0,0.0,0.8197674418604651,Neutral
221,,,False,,,,,,,Neutral
222,236.0,0.6525959057385212,False,0.0491471283412136,239.0,0.19126181883042906,0.09906814784683048,460.805937768702,0.8208092485549133,Neutral
223,240.0,0.5766693353652954,True,0.3011330337224227,240.0,0.3011330337224227,0.0,1224.1971480297582,0.8208092485549133,Positive
224,240.0,0.5865527987480164,True,0.30152073635888627,240.0,0.30152073635888627,0.0,1229.093945935813,0.8208092485549133,Positive
225,240.0,0.6203674077987671,True,0.301350767013992,240.0,0.301350767013992,0.0,736.1116290052441,0.8208092485549133,Positive
226,236.0,0.6152334583660056,False,0.05452888920297136,239.0,0.1945604916962986,0.2024621754332906,729.8565699803574,0.8218390804597702,Positive
227,240.0,0.6612988710403442,False,0.3071366634807413,240.0,0.3071366634807413,0.0,719.3119440915675,0.8171428571428572,Positive
228,237.0,0.728722981516306,False,0.031146779326945963,237.0,0.031146779326945963,0.0,707.7971865289425,0.8181818181818182,Positive
229,236.0,0.6018707234459354,False,0.07329584940996249,239.0,0.20641917135448132,0.20625287415133392,687.655859502328,0.8192090395480226,Positive
230,237.0,0.7129126879741555,False,0.03223910273098175,237.0,0.03223910273098175,0.0,675.4690882871917,0.8202247191011236,Positive
231,237.0,0.7097248072004667,False,0.03280720842490514,237.0,0.03280720842490514,0.0,656.0535527518367,0.8212290502793296,Positive
232,237.0,0.7071658551270339,False,0.0333901907833439,237.0,0.0333901907833439,0.0,636.6787447408428,0.8222222222222222,Positive
233,236.0,0.5723814411308223,False,0.08501458156500658,239.0,0.1854825844506195,0.21186813544998975,616.7732733046354,0.8232044198895028,Positive
234,236.0,0.566166450366344,False,0.0845172593285124,239.0,0.1771359294484613,0.21360180727690864,595.933275675578,0.8241758241758241,Positive
235,236.0,0.5622324956898547,False,0.08323002955959055,239.0,0.16878308590321303,0.21688398743722428,586.6806826276264,0.825136612021858,Positive
236,236.0,0.5595917279513385,False,0.0822197387861781,239.0,0.16278387330945318,0.21975559728301036,578.6195581106871,0.8260869565217391,Positive
237,236.0,0.5557772705420229,False,0.08234583490839156,239.0,0.157980648130689,0.11083767941838402,1276.350949105286,0.827027027027027,Positive
238,236.0,0.5501660896798365,False,0.08388430089778443,239.0,0.15383459171332847,0.1105766991818278,566.1565701709078,0.8279569892473119,Positive
239,236.0,0.5442163204652679,True,0.08244927171711494,239.0,0.15035813738224527,0.21932775356694956,2698.4378108693286,0.8279569892473119,Positive
240,236.0,0.5391968832131258,True,0.07998033169352557,239.0,0.14649625716566714,0.21970880498887327,2668.0295720844224,0.8279569892473119,Positive
241,236.0,0.5376730003977479,True,0.07733875192188258,239.0,0.14293389830620645,0.10952339619382018,2669.6353551326147,0.8279569892473119,Positive
242,236.0,0.5340263055372294,True,0.070247888301328,244.0,0.1377204171385206,0.17092274105213642,2637.0413037965577,0.8279569892473119,Positive
243,237.0,0.6549962516868397,False,0.04012815677568354,244.0,0.10776280689292717,0.29527445475425484,2609.764764491689,0.8288770053475936,Positive
244,236.0,0.5324912561898414,True,0.05853900586367997,244.0,0.16668940976794575,0.1648195070426093,2571.12118653033,0.8288770053475936,Positive
245,236.0,0.5315336022590673,True,0.0551067559911879,244.0,0.17919967564414807,0.16334461477864495,2566.416329032231,0.8288770053475936,Positive
246,236.0,0.5303273744312128,True,0.051658579856970005,244.0,0.18850712138423628,0.16205872058285503,2533.3120599644935,0.8288770053475936,Positive
247,239.0,0.6990136831426582,False,0.2730474612406466,239.0,0.2730474612406466,0.0,2498.3868944465885,0.8297872340425532,Positive
248,239.0,0.6898808607731118,False,0.26667753777118397,239.0,0.26667753777118397,0.0,2490.7190266690473,0.8306878306878307,Positive
249,239.0,0.6836961898867485,False,0.2636106021276834,239.0,0.2636106021276834,0.0,2765.296449442103,0.8315789473684211,Positive
250,239.0,0.674251976962946,False,0.26053706770701535,239.0,0.26053706770701535,0.0,2742.864639665733,0.8324607329842932,Positive
251,239.0,0.7494357932932834,False,0.2574176904779007,239.0,0.2574176904779007,0.0,2611.8370785282023,0.8333333333333334,Positive
252,236.0,0.5323778544828182,True,0.03699997901993278,244.0,0.2175821857568163,0.18636211839240707,2780.875934091728,0.8333333333333334,Positive
253,239.0,0.7409803974972358,False,0.2495895041775486,239.0,0.2495895041775486,0.0,2572.7337706164008,0.8341968911917098,Positive
254,236.0,0.6283881719864576,False,0.03669840068719498,239.0,0.10759806773043756,0.4532610583987935,2523.9200234304917,0.8350515463917526,Positive
255,236.0,0.6250299054087314,False,0.036855341228769205,239.0,0.10675894125877407,0.3398957019283291,2481.5262115099795,0.8358974358974359,Positive
256,236.0,0.6201405664677245,False,0.036899738849199476,239.0,0.1057062783316242,0.5672412103831682,2444.014524469153,0.8367346938775511,Positive
257,236.0,0.6225052958099332,False,0.03691759462448908,239.0,0.10458441059176768,0.45448493881119045,2405.499294505694,0.8375634517766497,Positive
258,236.0,0.738312632573995,False,0.03687625633874234,239.0,0.10330902684652778,0.4545317175251928,2387.767877160462,0.8383838383838383,Positive
259,236.0,0.7360476176079973,False,0.0366833912591391,239.0,0.10152863638764371,0.3417938078283937,2366.8867874757443,0.8391959798994975,Positive
260,236.0,0.725076370975644,False,0.03698327469358542,239.0,0.10072721096467968,0.45538918249013616,2333.3439443426187,0.84,Positive
261,236.0,0.7212095840289259,False,0.03672049247258799,239.0,0.09899689475151094,0.4577491670790943,2340.487731389299,0.8407960199004975,Positive
262,236.0,0.7159318382066481,False,0.03657071221638758,239.0,0.09764697535163921,0.459032309902512,2342.7175331148837,0.8415841584158416,Positive
263,236.0,0.7098597267335085,False,0.036494085861409536,239.0,0.09684578680387239,0.45809384466615816,2329.5604447259916,0.8423645320197044,Positive
264,236.0,0.7050288168800756,False,0.036335053120266164,239.0,0.0959789256522564,0.4584905697218477,2327.233804030689,0.8431372549019608,Positive
265,239.0,0.861256260224268,False,0.2219867329337292,239.0,0.2219867329337292,0.0,2317.3464935623592,0.8439024390243902,Positive
266,239.0,0.8593135110292738,False,0.22019106435699415,239.0,0.22019106435699415,0.0,2323.790956986477,0.8446601941747572,Positive
267,239.0,0.85670907623303,False,0.2176003777850481,239.0,0.2176003777850481,0.0,2348.4684045688005,0.8454106280193237,Positive
268,282.0,0.420844971707295,True,0.03317745486481351,282.0,0.03317745486481351,0.0,2351.9165791540363,0.8454106280193237,Positive
269,282.0,0.4139420384549032,True,0.033170165041952096,298.0,0.03966224538475046,0.7123626717204972,2524.747990754017,0.8454106280193237,Positive
270,282.0,0.41181225628379897,True,0.033124478789950736,298.0,0.03995429334307921,0.7115529944076362,2516.169731943819,0.8454106280193237,Positive
271,266.0,0.4321392100505288,True,0.02666889651314968,266.0,0.02666889651314968,0.0,2497.97312887947,0.8454106280193237,Positive
272,266.0,0.4340783598281839,True,0.02701372035373813,266.0,0.02701372035373813,0.0,2488.791694264943,0.8454106280193237,Positive
273,236.0,0.593000689155737,False,0.03592758880875893,298.0,0.2095896222338445,0.3394087345543298,2479.17286196003,0.8461538461538461,Positive
274,236.0,0.593677803673779,False,0.03602022256432709,298.0,0.20865551933988113,0.3421063940084803,1823.461976015989,0.84688995215311,Positive
275,236.0,0.590665934971128,False,0.03617230762255715,298.0,0.20830652797171284,0.3452839133560767,2470.0639536155954,0.8476190476190476,Positive
276,281.0,0.5638207175085596,False,0.017886286263883375,281.0,0.017886286263883375,0.0,1836.9268372783627,0.8483412322274881,Positive
277,266.0,0.4693538433900027,True,0.028550536123105034,237.0,0.04052289480391094,0.5785671358586931,1843.660729195779,0.8483412322274881,Positive
278,266.0,0.4739425909594715,True,0.028787985857583263,237.0,0.0441992437589298,0.5808362619004436,1843.2334285321542,0.8483412322274881,Positive
279,266.0,0.47629247896309507,True,0.029066066190906875,237.0,0.047977220679710136,0.5838615758159069,1840.7116801274276,0.8483412322274881,Positive
280,266.0,0.4800682283160881,True,0.029321711455614383,237.0,0.05130302660720604,0.5879169112888912,1851.1526342525603,0.8483412322274881,Positive
281,266.0,0.46924899997463054,True,0.029548107743313647,237.0,0.054260820481410774,0.5925645731893844,2465.532297067045,0.8483412322274881,Neutral
282,266.0,0.4869696922290787,True,0.02977258979238974,237.0,0.05704524038017688,0.5980109864246803,1862.1759292478785,0.8483412322274881,Neutral
283,266.0,0.4727408335956109,True,0.03000751266515492,237.0,0.059700280920449086,0.6044235661327145,2467.5679913935214,0.8483412322274881,Neutral
284,239.0,0.6673339476512272,False,0.21409172496593157,298.0,0.26048745981169563,0.2750786381910823,1902.593265642754,0.8490566037735849,Positive
285,266.0,0.4975579100389835,True,0.030431940142198886,237.0,0.06449801444501035,0.6139748803974864,1914.6886743454077,0.8490566037735849,Positive
286,266.0,0.5021017212943543,True,0.03064169166018469,237.0,0.06650500634346686,0.6222096585015109,1928.7212037379427,0.8490566037735849,Positive
287,266.0,0.5184229932564671,True,0.03083163769977249,298.0,0.05304986264847811,0.696168804229034,1866.7514167502402,0.8490566037735849,Positive
288,282.0,0.4486237556851386,True,0.03202486310544749,282.0,0.03202486310544749,0.0,1879.1861335876076,0.8490566037735849,Positive
289,282.0,0.44192915270683597,True,0.03194914685024787,237.0,0.05297645103618803,0.6715594635109934,1956.0179315221326,0.8490566037735849,Neutral
290,282.0,0.4484110876335667,True,0.031888492579468665,282.0,0.031888492579468665,0.0,1901.7460104030517,0.8490566037735849,Neutral
291,266.0,0.5730881317084445,False,0.031371713017067385,298.0,0.060057307144833906,0.6885431358460475,1565.345639013995,0.8497652582159625,Neutral
292,266.0,0.5224344704897129,True,0.03146344707556857,298.0,0.06110078130154424,0.6884327848865694,1929.4352259442237,0.8497652582159625,Neutral
293,266.0,0.5279147174466917,True,0.0315366034872868,298.0,0.06156765430721963,0.6896582373757241,1900.7606780018232,0.8497652582159625,Neutral
294,266.0,0.5337256688510823,True,0.031598488896143175,266.0,0.031598488896143175,0.0,1566.6525203087826,0.8497652582159625,Neutral
295,266.0,0.5375825923714845,True,0.031651470256298206,266.0,0.031651470256298206,0.0,1521.0607244171783,0.8497652582159625,Neutral
296,266.0,0.5367477176583632,True,0.03169009412781214,266.0,0.03169009412781214,0.0,1517.1768881980138,0.8497652582159625,Neutral
297,266.0,0.5350638683937822,True,0.03171771471061565,266.0,0.03171771471061565,0.0,1504.508846837417,0.8497652582159625,Neutral
298,281.0,0.5966919372472056,False,0.017773181688570262,281.0,0.017773181688570262,0.0,1525.4888318963658,0.8504672897196262,Neutral
299,281.0,0.5987248082064689,False,0.017758459088938604,281.0,0.017758459088938604,0.0,1864.2542093590118,0.8511627906976744,Neutral
300,266.0,0.5207891692864264,True,0.03175671307290511,298.0,0.06747535853938436,0.6767603980788404,1855.0581829545783,0.8511627906976744,Neutral
301,266.0,0.5066821384681504,True,0.0317548299581072,298.0,0.06780722850811344,0.844679289209544,1876.8878690595136,0.8511627906976744,Neutral
302,266.0,0.5050353105516138,True,0.03174533200882684,298.0,0.06769950602324443,0.8450601964021239,1869.1233727490949,0.8511627906976744,Neutral
303,236.0,0.678343801205243,False,0.0374713545498524,239.0,0.07309714901036597,0.6651818000986024,1477.4035478345172,0.8518518518518519,Neutral
304,236.0,0.6769851800080829,False,0.037481519962381575,239.0,0.07233579000383994,0.53306880905517,1464.2065542820956,0.8525345622119815,Neutral
305,236.0,0.6717974672736374,False,0.03740921358026414,239.0,0.07336734246306928,0.5317114310094216,1455.7008677343333,0.8532110091743119,Neutral
306,236.0,0.667052435355739,False,0.03736182790300862,239.0,0.0744022640898841,0.5300811403174158,1442.784533332128,0.8538812785388128,Neutral
307,266.0,0.5142670019383253,True,0.03170939711050426,266.0,0.03170939711050426,0.0,1429.8559937926116,0.8538812785388128,Neutral
308,266.0,0.5110540964787602,True,0.031714462532947234,266.0,0.031714462532947234,0.0,1415.4308579080473,0.8538812785388128,Neutral
309,266.0,0.5032391019266379,True,0.031725497399051464,266.0,0.031725497399051464,0.0,1429.581959109315,0.8538812785388128,Neutral
310,266.0,0.5047613146529539,True,0.03174089590921551,266.0,0.03174089590921551,0.0,1392.360380277182,0.8538812785388128,Neutral
311,266.0,0.48734515739140016,True,0.03175242399547726,298.0,0.0677185988414671,0.6742435462628356,1790.7928517809332,0.8538812785388128,Neutral
312,266.0,0.48436690309467617,True,0.031748975404177794,298.0,0.06842145259934991,0.6715587516210726,1781.5961423149308,0.8538812785388128,Neutral
313,266.0,0.484292907084403,True,0.03173289019959761,237.0,0.04464377071324085,0.7368162526817785,1931.2149031094514,0.8538812785388128,Neutral
314,266.0,0.4847580794164054,True,0.03171103627048149,266.0,0.03171103627048149,0.0,2588.0377331083628,0.8538812785388128,Neutral
315,266.0,0.4864064651401416,True,0.03168843149668987,266.0,0.03168843149668987,0.0,1987.8585367548349,0.8538812785388128,Neutral
316,236.0,0.7638259530067444,False,0.037630650722731564,239.0,0.08589704715120938,0.3831502307325542,1962.2880893285555,0.8545454545454545,Neutral
317,266.0,0.5873110765897425,False,0.03167457886771557,266.0,0.03167457886771557,0.0,438.1786014040276,0.8552036199095022,Neutral
318,266.0,0.5797349157832407,False,0.03166294575550236,266.0,0.03166294575550236,0.0,421.43889062587823,0.8558558558558559,Neutral
319,266.0,0.5333055280322746,True,0.03164737388020147,266.0,0.03164737388020147,0.0,1916.7832139053426,0.8558558558558559,Neutral
320,266.0,0.5725218220360376,False,0.03163883495966829,266.0,0.03163883495966829,0.0,408.0542162915219,0.8565022421524664,Neutral
321,266.0,0.5699579394901996,False,0.03164924370975005,266.0,0.03164924370975005,0.0,400.6691620429214,0.8571428571428571,Neutral
322,266.0,0.5673853006255832,False,0.03165779627911174,266.0,0.03165779627911174,0.0,392.7681003394919,0.8577777777777778,Neutral
323,281.0,0.6342684600209706,False,0.017740646788892513,281.0,0.017740646788892513,0.0,1175.7103704865247,0.8584070796460177,Neutral
324,281.0,0.6034036547221673,False,0.01775280692565775,281.0,0.01775280692565775,0.0,1159.1368880014084,0.8590308370044053,Neutral
325,281.0,0.5941121202599539,False,0.017766655914930603,281.0,0.017766655914930603,0.0,2113.672995090843,0.8596491228070176,Neutral
326,281.0,0.5813103499952746,False,0.017769721064393295,281.0,0.017769721064393295,0.0,2086.936357873003,0.8602620087336245,Neutral
327,281.0,0.579857221889356,False,0.017770261368952555,281.0,0.017770261368952555,0.0,2071.3020403983455,0.8608695652173913,Neutral
328,236.0,0.5156333976262871,True,0.03719297020392571,298.0,0.15297434720160075,0.4325842474201098,2054.5884752375855,0.8608695652173913,Neutral
329,281.0,0.5969900547765169,False,0.017771513991306397,281.0,0.017771513991306397,0.0,2038.163056249765,0.8614718614718615,Neutral
330,281.0,0.5951423195430104,False,0.01777644187947154,281.0,0.01777644187947154,0.0,2023.253382129315,0.8620689655172413,Neutral
331,281.0,0.5764564506493052,False,0.017780600425964837,281.0,0.017780600425964837,0.0,1311.4986543595774,0.8626609442060086,Neutral
332,281.0,0.5707732435492486,False,0.017778076046186427,281.0,0.017778076046186427,0.0,2003.8026466662473,0.8632478632478633,Neutral
333,281.0,0.568735592262292,False,0.017774545723875046,281.0,0.017774545723875046,0.0,1998.3901368822856,0.8638297872340426,Neutral
334,266.0,0.37310371200319636,True,0.03156216132585001,298.0,0.07506131290079225,0.5803056169923705,1995.7086134779547,0.8638297872340426,Neutral
335,281.0,0.5759663685569009,False,0.017776176648446107,281.0,0.017776176648446107,0.0,1988.3854437893685,0.864406779661017,Neutral
336,281.0,0.5651990194542535,False,0.017775895319838756,281.0,0.017775895319838756,0.0,1978.726776267796,0.8649789029535865,Neutral
337,281.0,0.575239710436816,False,0.01777303049061489,281.0,0.01777303049061489,0.0,1960.300736003547,0.865546218487395,Neutral
338,281.0,0.5758032818110156,False,0.017766167518432102,281.0,0.017766167518432102,0.0,2242.526140521076,0.8661087866108786,Neutral
339,281.0,0.5764402172561057,False,0.01775967899307672,281.0,0.01775967899307672,0.0,2243.3919148100067,0.8666666666666667,Neutral
340,281.0,0.5754952321845057,False,0.017751844009341565,281.0,0.017751844009341565,0.0,1909.753195732195,0.8672199170124482,Neutral
341,236.0,0.4444537875829817,True,0.03584247182105669,324.0,0.15196920291717292,0.7392223868038836,2212.3358257196505,0.8672199170124482,Neutral
342,236.0,0.43975124596873416,True,0.0357525495084866,324.0,0.15052685329281942,0.7391303401476244,2204.1605439653836,0.8672199170124482,Neutral
343,281.0,0.5767302250880599,False,0.017729745270412843,281.0,0.017729745270412843,0.0,2196.5139157024546,0.8677685950413223,Neutral
344,,,False,,,,,,,Neutral
345,327.0,1.0,False,0.026467687230474813,327.0,0.026467687230474813,0.0,0.0,0.8683127572016461,Neutral
346,327.0,1.0,False,0.026507180855762154,327.0,0.026507180855762154,0.0,0.0,0.8688524590163934,Neutral
347,327.0,1.0,False,0.02656839010840269,327.0,0.02656839010840269,0.0,0.0,0.8693877551020408,Neutral
348,327.0,1.0,False,0.026666221853937043,327.0,0.026666221853937043,0.0,0.0,0.8699186991869918,Neutral
349,327.0,1.0,False,0.026849401685073986,327.0,0.026849401685073986,0.0,0.0,0.8704453441295547,Neutral
350,327.0,1.0,False,0.027039989860716183,327.0,0.027039989860716183,0.0,0.0,0.8709677419354839,Neutral
351,327.0,1.0,False,0.027245562890815395,327.0,0.027245562890815395,0.0,0.0,0.8714859437751004,Neutral
352,327.0,1.0,False,0.027350096716385712,327.0,0.027350096716385712,0.0,0.0,0.872,Neutral
353,327.0,1.0,False,0.02730457964188995,327.0,0.02730457964188995,0.0,0.0,0.8725099601593626,Neutral
354,327.0,1.0,False,0.027017781126316823,327.0,0.027017781126316823,0.0,0.0,0.873015873015873,Neutral
355,327.0,1.0,False,0.026618877650112945,327.0,0.026618877650112945,0.0,0.0,0.8735177865612648,Neutral
356,327.0,1.0,False,0.02662161016275437,327.0,0.02662161016275437,0.0,0.0,0.8740157480314961,Neutral
357,327.0,1.0,False,0.02660034650422082,327.0,0.02660034650422082,0.0,0.0,0.8745098039215686,Neutral
358,327.0,1.0,False,0.02656256676298671,327.0,0.02656256676298671,0.0,0.0,0.875,Neutral
359,327.0,1.0,False,0.026620010030958312,327.0,0.026620010030958312,0.0,0.0,0.8754863813229572,Neutral
360,327.0,1.0,False,0.026943405252690258,327.0,0.026943405252690258,0.0,0.0,0.875968992248062,Neutral
361,327.0,1.0,False,0.027043508011947968,327.0,0.027043508011947968,0.0,0.0,0.8764478764478765,Neutral
362,327.0,1.0,False,0.027152641268558025,327.0,0.027152641268558025,0.0,0.0,0.8769230769230769,Neutral
363,327.0,1.0,False,0.02735329025417565,327.0,0.02735329025417565,0.0,0.0,0.8773946360153256,Neutral
364,327.0,1.0,False,0.02700746960667395,327.0,0.02700746960667395,0.0,0.0,0.8778625954198473,Neutral
365,327.0,1.0,False,0.026764127323998372,327.0,0.026764127323998372,0.0,0.0,0.8783269961977186,Neutral
366,327.0,1.0,False,0.02652365098734846,327.0,0.02652365098734846,0.0,0.0,0.8787878787878788,Neutral
367,327.0,0.9047527437331205,False,0.026439951660348657,327.0,0.026439951660348657,0.0,0.0,0.879245283018868,Neutral
368,327.0,0.8949405736687808,False,0.026801402510118325,327.0,0.026801402510118325,0.0,0.0,0.8796992481203008,Neutral
369,327.0,0.8918653036862942,False,0.026617177120168277,327.0,0.026617177120168277,0.0,0.0,0.8801498127340824,Neutral
370,327.0,1.0,False,0.02712830732411157,327.0,0.02712830732411157,0.0,0.0,0.8805970149253731,Neutral
371,327.0,1.0,False,0.027131622151093764,327.0,0.027131622151093764,0.0,0.0,0.8810408921933085,Neutral
372,327.0,1.0,False,0.026769630086442453,327.0,0.026769630086442453,0.0,0.0,0.8814814814814815,Neutral
373,327.0,0.8925648679023933,False,0.026707982680751214,327.0,0.026707982680751214,0.0,0.0,0.8819188191881919,Neutral
374,335.0,0.8886810314790627,False,0.023622060002601315,335.0,0.023622060002601315,0.0,0.0,0.8823529411764706,Neutral
375,343.0,0.7021740903715401,False,0.023772031969025654,343.0,0.023772031969025654,0.0,0.0,0.8827838827838828,Neutral
376,327.0,0.6935089561805632,False,0.025820368712624175,327.0,0.025820368712624175,0.0,0.0,0.8832116788321168,Neutral
377,327.0,1.0,False,0.025427634611262465,327.0,0.025427634611262465,0.0,0.0,0.8836363636363637,Neutral
378,327.0,0.639277971014256,False,0.025169543654989343,327.0,0.025169543654989343,0.0,0.0,0.8840579710144928,Neutral
379,348.0,0.9630703052518902,False,0.01877945386740625,348.0,0.01877945386740625,0.0,0.0,0.8844765342960289,Neutral
380,343.0,0.6100654214102851,False,0.023104052403839354,343.0,0.023104052403839354,0.0,63.1697837924658,0.8848920863309353,Neutral
381,327.0,1.0,False,0.024667611925242885,327.0,0.024667611925242885,0.0,0.0,0.8853046594982079,Neutral
382,327.0,0.8839625826978037,False,0.024772233697234823,327.0,0.024772233697234823,0.0,0.0,0.8857142857142857,Neutral
383,327.0,0.8909428640990634,False,0.024661735048833622,327.0,0.024661735048833622,0.0,0.0,0.8861209964412812,Neutral
384,349.0,0.8933644290436881,False,0.019349837461226486,349.0,0.019349837461226486,0.0,0.0,0.8865248226950354,Neutral
385,327.0,0.9098745606569228,False,0.02465747853888773,327.0,0.02465747853888773,0.0,0.0,0.8869257950530035,Neutral
386,349.0,0.5094256401062012,True,0.01896347633203993,349.0,0.01896347633203993,0.0,0.0,0.8869257950530035,Neutral
387,327.0,1.0,False,0.024732144224082847,327.0,0.024732144224082847,0.0,0.0,0.8873239436619719,Neutral
388,327.0,0.881751049395808,False,0.02463069595431375,327.0,0.02463069595431375,0.0,0.0,0.887719298245614,Neutral
389,327.0,1.0,False,0.024475903421349622,327.0,0.024475903421349622,0.0,0.0,0.8881118881118881,Neutral
390,327.0,1.0,False,0.024333827029778595,327.0,0.024333827029778595,0.0,0.0,0.8885017421602788,Neutral
391,327.0,1.0,False,0.024220920990210684,327.0,0.024220920990210684,0.0,0.0,0.8888888888888888,Neutral
392,327.0,0.8756403543586915,False,0.0241790816086348,327.0,0.0241790816086348,0.0,0.0,0.889273356401384,Neutral
393,327.0,1.0,False,0.02418169233162817,327.0,0.02418169233162817,0.0,0.0,0.8896551724137931,Neutral
394,327.0,0.8654822587256232,False,0.0242440990023458,327.0,0.0242440990023458,0.0,0.0,0.8900343642611683,Neutral
395,327.0,1.0,False,0.024357820840980735,327.0,0.024357820840980735,0.0,0.0,0.8904109589041096,Neutral
396,327.0,1.0,False,0.024553574730044225,327.0,0.024553574730044225,0.0,0.0,0.8907849829351536,Neutral
397,327.0,1.0,False,0.024744369328357618,327.0,0.024744369328357618,0.0,0.0,0.891156462585034,Neutral
398,327.0,1.0,False,0.024868729202047975,327.0,0.024868729202047975,0.0,0.0,0.8915254237288136,Neutral
399,327.0,1.0,False,0.024997732425632788,327.0,0.024997732425632788,0.0,0.0,0.8918918918918919,Neutral
400,327.0,0.9183385913969893,False,0.025154125892360428,327.0,0.025154125892360428,0.0,0.0,0.8922558922558923,Neutral
401,354.0,0.8004547357559204,False,0.01978014290827833,354.0,0.01978014290827833,0.0,0.0,0.889261744966443,Neutral
402,354.0,0.7499804496765137,False,0.02031845493840836,354.0,0.02031845493840836,0.0,0.0,0.8862876254180602,Neutral
403,354.0,0.735160768032074,False,0.020713744854152703,354.0,0.020713744854152703,0.0,0.0,0.8833333333333333,Neutral
404,327.0,1.0,False,0.0257035129479574,327.0,0.0257035129479574,0.0,0.0,0.8833333333333333,Neutral
405,327.0,1.0,False,0.025811430969254773,327.0,0.025811430969254773,0.0,0.0,0.8833333333333333,Neutral
406,327.0,1.0,False,0.0258887642962386,327.0,0.0258887642962386,0.0,0.0,0.8833333333333333,Neutral
407,327.0,1.0,False,0.026047599831162824,327.0,0.026047599831162824,0.0,0.0,0.8833333333333333,Neutral
408,327.0,1.0,False,0.026175869311423513,327.0,0.026175869311423513,0.0,0.0,0.8833333333333333,Neutral
409,327.0,1.0,False,0.026222797734310736,327.0,0.026222797734310736,0.0,0.0,0.8833333333333333,Neutral
410,327.0,1.0,False,0.02631992131605846,327.0,0.02631992131605846,0.0,0.0,0.8833333333333333,Neutral
411,357.0,0.830780029296875,False,0.01955766702805448,357.0,0.01955766702805448,0.0,0.0,0.8833333333333333,Neutral
412,357.0,0.8096228837966919,False,0.019865953548873078,357.0,0.019865953548873078,0.0,0.0,0.8833333333333333,Neutral
413,357.0,0.7300359010696411,False,0.0209599751080469,357.0,0.0209599751080469,0.0,0.0,0.8833333333333333,Neutral
414,359.0,0.5210480690002441,True,0.01793269941352766,359.0,0.01793269941352766,0.0,315.3835488173726,0.8833333333333333,Neutral
415,327.0,0.9617424162012134,False,0.026327250615622615,327.0,0.026327250615622615,0.0,392.2149688406995,0.8833333333333333,Neutral
416,327.0,0.9931877364022901,False,0.026411206095200916,327.0,0.026411206095200916,0.0,0.0,0.8833333333333333,Neutral
417,327.0,1.0,False,0.02634706373364366,327.0,0.02634706373364366,0.0,0.0,0.8833333333333333,Neutral
418,327.0,0.9865390890726274,False,0.026223170726291576,327.0,0.026223170726291576,0.0,0.0,0.8833333333333333,Neutral
419,327.0,0.9839654823403439,False,0.02622435798580034,327.0,0.02622435798580034,0.0,0.0,0.8833333333333333,Neutral
420,327.0,0.8848963975906372,False,0.026187798367768193,327.0,0.026187798367768193,0.0,602.8252426161893,0.8833333333333333,Neutral
421,327.0,0.8821539282798767,False,0.026232760238506025,327.0,0.026232760238506025,0.0,841.8940098879235,0.8833333333333333,Neutral
422,327.0,0.9786880016326904,False,0.026306160552531155,327.0,0.026306160552531155,0.0,0.0,0.8833333333333333,Neutral
423,327.0,0.969822662690912,False,0.026523303029265134,327.0,0.026523303029265134,0.0,0.0,0.8833333333333333,Neutral
424,327.0,1.0,False,0.026766005186339977,327.0,0.026766005186339977,0.0,0.0,0.8833333333333333,Neutral
425,327.0,1.0,False,0.02702078931465451,327.0,0.02702078931465451,0.0,0.0,0.8833333333333333,Neutral
426,327.0,1.0,False,0.02704650456029293,327.0,0.02704650456029293,0.0,0.0,0.8833333333333333,Neutral
427,327.0,0.967640203540203,False,0.02706034130496891,327.0,0.02706034130496891,0.0,0.0,0.8833333333333333,Neutral
428,327.0,0.9583021850781406,False,0.027048465928557426,327.0,0.027048465928557426,0.0,0.0,0.8833333333333333,Neutral
429,327.0,0.9500002349212785,False,0.02696720111390276,327.0,0.02696720111390276,0.0,0.0,0.8833333333333333,Neutral
430,327.0,0.9345928720267448,False,0.026858048256200216,327.0,0.026858048256200216,0.0,0.0,0.8833333333333333,Neutral
431,327.0,1.0,False,0.026723899987874146,327.0,0.026723899987874146,0.0,0.0,0.8833333333333333,Neutral
432,327.0,0.9351751909146213,False,0.02658849600654833,327.0,0.02658849600654833,0.0,0.0,0.8833333333333333,Neutral
433,327.0,0.9537989000427592,False,0.02647530658064359,327.0,0.02647530658064359,0.0,0.0,0.8833333333333333,Neutral
434,327.0,0.9703732582998303,False,0.026342152671372514,327.0,0.026342152671372514,0.0,0.0,0.8833333333333333,Neutral
435,327.0,0.976353126985563,False,0.026205474827227418,327.0,0.026205474827227418,0.0,0.0,0.8833333333333333,Neutral
436,327.0,0.9819428580734851,False,0.026069167462862527,327.0,0.026069167462862527,0.0,0.0,0.8833333333333333,Neutral
437,327.0,0.987099577520161,False,0.02599514302359356,327.0,0.02599514302359356,0.0,0.0,0.8833333333333333,Neutral
438,327.0,0.9906797338205523,False,0.025980643982185265,327.0,0.025980643982185265,0.0,0.0,0.8833333333333333,Neutral
439,327.0,0.9936439925248802,False,0.026005424151803236,327.0,0.026005424151803236,0.0,0.0,0.8833333333333333,Neutral
440,327.0,1.0,False,0.026060878206484644,327.0,0.026060878206484644,0.0,0.0,0.8833333333333333,Neutral
441,327.0,1.0,False,0.02614785892901798,327.0,0.02614785892901798,0.0,0.0,0.8833333333333333,Neutral
442,327.0,0.9647549148585429,False,0.026264809839729168,327.0,0.026264809839729168,0.0,0.0,0.8833333333333333,Neutral
443,327.0,0.9652178467343888,False,0.02642824001011162,327.0,0.02642824001011162,0.0,0.0,0.8833333333333333,Neutral
444,327.0,0.9660758721930918,False,0.026632358407770552,327.0,0.026632358407770552,0.0,0.0,0.8833333333333333,Neutral
445,327.0,0.9667104194885848,False,0.026809732278620456,327.0,0.026809732278620456,0.0,0.0,0.8833333333333333,Neutral
446,327.0,0.9676417458274077,False,0.026978781201658357,327.0,0.026978781201658357,0.0,0.0,0.8833333333333333,Neutral
447,327.0,0.9683263952345036,False,0.027105922332202506,327.0,0.027105922332202506,0.0,0.0,0.8833333333333333,Neutral
448,362.0,0.9670540535045017,False,0.019592075889119244,362.0,0.019592075889119244,0.0,0.0,0.8833333333333333,Neutral
449,362.0,0.9674293304894065,False,0.01976745927454791,362.0,0.01976745927454791,0.0,0.0,0.8833333333333333,Neutral
450,362.0,0.9668818114909059,False,0.019925866971835522,362.0,0.019925866971835522,0.0,0.0,0.8833333333333333,Neutral
451,362.0,0.9659188304633409,False,0.020036344084796667,362.0,0.020036344084796667,0.0,0.0,0.8833333333333333,Neutral
452,327.0,0.9663359685004091,False,0.02725657151802331,327.0,0.02725657151802331,0.0,0.0,0.8866666666666667,Neutral
453,362.0,0.8942890167236328,False,0.020221202452308445,362.0,0.020221202452308445,0.0,0.0,0.89,Neutral
454,327.0,0.9598138457019851,False,0.027187329250830946,327.0,0.027187329250830946,0.0,0.0,0.8933333333333333,Neutral
455,362.0,0.9513480937374059,False,0.020420166655944094,362.0,0.020420166655944094,0.0,0.0,0.8966666666666666,Neutral
456,327.0,0.9543892670160923,False,0.02693302754572919,327.0,0.02693302754572919,0.0,0.0,0.8966666666666666,Neutral
457,327.0,0.8785110518374758,False,0.02681324695742942,327.0,0.02681324695742942,0.0,0.0,0.8966666666666666,Neutral
458,327.0,0.9283759165728549,False,0.026772129816935508,327.0,0.026772129816935508,0.0,0.0,0.8966666666666666,Neutral
459,327.0,0.9311694731298125,False,0.0268570062781966,327.0,0.0268570062781966,0.0,0.0,0.8966666666666666,Neutral
460,327.0,0.6883688612699691,False,0.026980729680773384,327.0,0.026980729680773384,0.0,0.0,0.8966666666666666,Neutral
461,327.0,0.7590387532338109,False,0.02732716381083852,327.0,0.02732716381083852,0.0,0.0,0.8966666666666666,Neutral
462,327.0,0.7854385502748008,False,0.027160318880290153,327.0,0.027160318880290153,0.0,0.0,0.8966666666666666,Neutral
463,327.0,0.7612254541650822,False,0.0271886262575557,327.0,0.0271886262575557,0.0,0.0,0.8966666666666666,Neutral
464,327.0,0.9657227110447595,False,0.02721130468246703,327.0,0.02721130468246703,0.0,0.0,0.8966666666666666,Neutral
465,327.0,0.8819254634064638,False,0.02725573541432269,327.0,0.02725573541432269,0.0,0.0,0.8966666666666666,Neutral
466,327.0,0.8560089962146362,False,0.027286328939729463,327.0,0.027286328939729463,0.0,0.0,0.8966666666666666,Neutral
467,327.0,0.821896836224959,False,0.027321308626062486,327.0,0.027321308626062486,0.0,0.0,0.8966666666666666,Neutral
468,327.0,0.8779933796058494,False,0.027387758231951127,327.0,0.027387758231951127,0.0,0.0,0.8966666666666666,Neutral
469,327.0,0.7864913752820172,False,0.02741130183843167,327.0,0.02741130183843167,0.0,0.0,0.8966666666666666,Neutral
470,387.0,0.6106816530227661,True,0.026612014920615185,387.0,0.026612014920615185,0.0,0.0,0.8966666666666666,Neutral
471,327.0,0.8522870866436696,False,0.0272617228791377,327.0,0.0272617228791377,0.0,0.0,0.8966666666666666,Neutral
472,327.0,0.8702174213545094,False,0.026879381837095904,327.0,0.026879381837095904,0.0,0.0,0.8966666666666666,Neutral
473,327.0,0.8329053903770566,False,0.027272301037139936,327.0,0.027272301037139936,0.0,0.0,0.8966666666666666,Neutral
474,327.0,0.8084112488258124,False,0.02737115998186956,327.0,0.02737115998186956,0.0,0.0,0.9,Neutral
475,327.0,0.7477005589086215,False,0.027376979044588495,327.0,0.027376979044588495,0.0,0.0,0.9,Neutral
476,327.0,0.5553414228008839,False,0.027295165264433117,327.0,0.027295165264433117,0.0,0.0,0.9,Neutral
477,402.0,0.5765531362583524,False,0.026734536049126546,402.0,0.026734536049126546,0.0,0.0,0.9,Neutral
478,402.0,0.7726675643345717,False,0.027079218229985134,402.0,0.027079218229985134,0.0,0.0,0.9,Neutral
479,402.0,0.5477616507062655,True,0.02681790119302246,402.0,0.02681790119302246,0.0,0.0,0.9,Neutral
480,402.0,0.7656098555153433,False,0.026374472579951375,402.0,0.026374472579951375,0.0,0.0,0.9,Neutral
481,402.0,0.7490931725140039,False,0.025778665068789276,402.0,0.025778665068789276,0.0,0.0,0.9,Neutral
482,402.0,0.7035138165174637,False,0.02510057293814462,402.0,0.02510057293814462,0.0,0.0,0.9,Neutral
483,402.0,0.7233008689730996,False,0.024207775000299907,402.0,0.024207775000299907,0.0,0.0,0.9,Neutral
484,402.0,0.7531787490965332,False,0.023837465920341364,402.0,0.023837465920341364,0.0,0.0,0.9,Neutral
485,402.0,0.8909254849640404,False,0.022727478569871198,402.0,0.022727478569871198,0.0,0.0,0.9,Neutral
486,402.0,0.9057950098140026,False,0.021589022464527697,402.0,0.021589022464527697,0.0,0.0,0.9,Neutral
487,402.0,0.9015258082705792,False,0.021028233711239564,402.0,0.021028233711239564,0.0,0.0,0.9,Neutral
488,402.0,0.8970901433904722,False,0.020402850663541253,402.0,0.020402850663541253,0.0,0.0,0.9,Neutral
489,402.0,0.8435581042424838,False,0.02000285865960483,402.0,0.02000285865960483,0.0,0.0,0.9,Neutral
490,402.0,0.930743838030111,False,0.020027220497160596,402.0,0.020027220497160596,0.0,0.0,0.9,Neutral
491,402.0,0.9392989766396663,False,0.02013756977766027,402.0,0.02013756977766027,0.0,0.0,0.9,Neutral
492,402.0,0.9287042553553685,False,0.020300648221110815,402.0,0.020300648221110815,0.0,0.0,0.9,Neutral
493,402.0,0.9248120169928477,False,0.020708300676887743,402.0,0.020708300676887743,0.0,0.0,0.9,Neutral
494,402.0,0.9194113740604091,False,0.02104722824120611,402.0,0.02104722824120611,0.0,0.0,0.9033333333333333,Neutral
495,402.0,0.794363073862138,False,0.021475904947439207,402.0,0.021475904947439207,0.0,0.0,0.9066666666666666,Neutral
496,402.0,0.9173384055447743,False,0.021406561987973114,402.0,0.021406561987973114,0.0,0.0,0.91,Neutral
497,402.0,0.6793719414641668,False,0.02052851077256182,402.0,0.02052851077256182,0.0,0.0,0.9133333333333333,Neutral
498,402.0,0.9074029935282028,False,0.019556848683347137,402.0,0.019556848683347137,0.0,0.0,0.9166666666666666,Neutral
499,402.0,0.9157369367033726,False,0.016857341537625362,402.0,0.016857341537625362,0.0,0.0,0.92,Neutral
500,399.0,0.5153117596264022,True,0.01,399.0,0.01,0.0,0.0,0.92,Neutral
501,399.0,0.6750227117151971,False,0.026845337028579528,399.0,0.026845337028579528,0.0,0.0,0.92,Neutral
502,327.0,0.7842511454312592,False,0.0266219651498044,327.0,0.0266219651498044,0.0,0.0,0.9233333333333333,Neutral
503,327.0,0.5930088942038615,False,0.02541648621097124,327.0,0.02541648621097124,0.0,0.0,0.9266666666666666,Neutral
504,402.0,0.8991786219307607,False,0.01607002533308315,402.0,0.01607002533308315,0.0,0.0,0.93,Neutral
505,402.0,0.8867201419542636,False,0.014639168948629109,402.0,0.014639168948629109,0.0,0.0,0.9333333333333333,Neutral
506,402.0,0.8761339057515184,False,0.01303402450811126,402.0,0.01303402450811126,0.0,0.0,0.9366666666666666,Neutral
507,327.0,0.6745266285448326,False,0.025196897382012574,327.0,0.025196897382012574,0.0,0.0,0.94,Neutral
508,402.0,0.9922900352615831,False,0.014443058339820066,402.0,0.014443058339820066,0.0,0.0,0.9433333333333334,Neutral
509,428.0,0.7871272563934326,False,0.021590013180304454,428.0,0.021590013180304454,0.0,0.0,0.9433333333333334,Neutral
510,428.0,0.8295314908027649,False,0.021879660705954332,428.0,0.021879660705954332,0.0,0.0,0.9433333333333334,Neutral
511,327.0,0.8802604197139668,False,0.02680627302190497,327.0,0.02680627302190497,0.0,0.0,0.9466666666666667,Neutral
512,428.0,0.7830089330673218,False,0.02174602402249073,428.0,0.02174602402249073,0.0,0.0,0.9466666666666667,Neutral
513,327.0,0.9391927008849877,False,0.0273902790417214,327.0,0.0273902790417214,0.0,0.0,0.95,Neutral
514,327.0,0.9337837361162078,False,0.027401587263966177,327.0,0.027401587263966177,0.0,0.0,0.9533333333333334,Neutral
515,327.0,0.9153111675426807,False,0.02735897236381757,327.0,0.02735897236381757,0.0,0.0,0.9533333333333334,Neutral
516,428.0,0.6887064576148987,False,0.02299225894228745,428.0,0.02299225894228745,0.0,0.0,0.95,Neutral
517,327.0,0.8770664217952006,False,0.027340770912330094,327.0,0.027340770912330094,0.0,0.0,0.95,Neutral
518,428.0,0.6506066918373108,False,0.023711226391459072,428.0,0.023711226391459072,0.0,0.0,0.95,Neutral
519,428.0,0.5402519106864929,True,0.02391597852943736,428.0,0.02391597852943736,0.0,0.0,0.95,Neutral
520,428.0,0.5341380834579468,True,0.02412132637299845,428.0,0.02412132637299845,0.0,0.0,0.95,Neutral
521,327.0,0.8258105165859622,False,0.02729292350134859,327.0,0.02729292350134859,0.0,0.0,0.9533333333333334,Neutral
522,402.0,0.9736900386928259,False,0.01686027550077858,402.0,0.01686027550077858,0.0,0.0,0.9566666666666667,Neutral
523,402.0,0.9723225788456308,False,0.018596958376387935,402.0,0.018596958376387935,0.0,0.0,0.96,Neutral
524,402.0,0.9705592246693729,False,0.01962390942415917,402.0,0.01962390942415917,0.0,0.0,0.9633333333333334,Neutral
525,402.0,0.9696174951582369,False,0.020378949682810503,402.0,0.020378949682810503,0.0,0.0,0.9666666666666667,Neutral
526,402.0,0.9697834257822151,False,0.02091446641787418,402.0,0.02091446641787418,0.0,0.0,0.9666666666666667,Neutral
527,402.0,0.9690842290927646,False,0.0209477209325584,402.0,0.0209477209325584,0.0,0.0,0.9666666666666667,Neutral
528,402.0,0.9671646367744121,False,0.021057846509407226,402.0,0.021057846509407226,0.0,0.0,0.9666666666666667,Neutral
529,402.0,0.9662832317166182,False,0.021147065828808737,402.0,0.021147065828808737,0.0,0.0,0.9666666666666667,Neutral
530,402.0,0.9663748190426211,False,0.02121484377848077,402.0,0.02121484377848077,0.0,0.0,0.9666666666666667,Neutral
531,402.0,0.9650844866245709,False,0.021225230619986716,402.0,0.021225230619986716,0.0,0.0,0.9666666666666667,Neutral
532,402.0,0.9633154732648292,False,0.02151752877202376,402.0,0.02151752877202376,0.0,0.0,0.9666666666666667,Neutral
533,402.0,0.831817884833967,False,0.021690420382676392,402.0,0.021690420382676392,0.0,0.0,0.9666666666666667,Neutral
534,402.0,0.8325356654160038,False,0.021944656643878173,402.0,0.021944656643878173,0.0,0.0,0.9666666666666667,Neutral
535,402.0,0.9599860737051266,False,0.022100477552250895,402.0,0.022100477552250895,0.0,0.0,0.9666666666666667,Neutral
536,402.0,0.8221855258627355,False,0.022102995826033204,402.0,0.022102995826033204,0.0,0.0,0.9666666666666667,Neutral
537,402.0,0.9613737015481207,False,0.02184761201783685,402.0,0.02184761201783685,0.0,0.0,0.9666666666666667,Neutral
538,402.0,0.9584783938000243,False,0.02135579437037397,402.0,0.02135579437037397,0.0,0.0,0.9666666666666667,Neutral
539,402.0,0.9615014798063058,False,0.020469773636631255,402.0,0.020469773636631255,0.0,0.0,0.9666666666666667,Neutral
540,327.0,0.6813575169143147,False,0.027314443687031557,327.0,0.027314443687031557,0.0,0.0,0.9666666666666667,Neutral
541,327.0,0.6941424180123225,False,0.027054056879798494,327.0,0.027054056879798494,0.0,0.0,0.9666666666666667,Neutral
542,402.0,0.8537684135381994,False,0.016456083910946603,402.0,0.016456083910946603,0.0,0.0,0.9666666666666667,Neutral
543,402.0,0.9092511370671679,False,0.014813689999183437,402.0,0.014813689999183437,0.0,0.0,0.9666666666666667,Neutral
544,402.0,0.9773547336512953,False,0.013252389067812299,402.0,0.013252389067812299,0.0,0.0,0.9666666666666667,Neutral
545,402.0,0.9785881659651262,False,0.011792104014308023,402.0,0.011792104014308023,0.0,0.0,0.9666666666666667,Neutral
546,327.0,0.7468034038577458,False,0.026818853253473825,327.0,0.026818853253473825,0.0,0.0,0.9666666666666667,Neutral
547,327.0,0.7872207573075038,False,0.027064567288434198,327.0,0.027064567288434198,0.0,0.0,0.9666666666666667,Neutral
548,327.0,0.7814047710194059,False,0.027000086495496345,327.0,0.027000086495496345,0.0,0.0,0.9666666666666667,Neutral
549,428.0,1.0,False,0.024796151131487094,428.0,0.024796151131487094,0.0,0.0,0.9633333333333334,Neutral
550,428.0,1.0,False,0.02485847210073253,428.0,0.02485847210073253,0.0,0.0,0.96,Neutral
551,428.0,1.0,False,0.025310196073327382,428.0,0.025310196073327382,0.0,0.0,0.9566666666666667,Neutral
552,428.0,1.0,False,0.025501294474662463,428.0,0.025501294474662463,0.0,0.0,0.9533333333333334,Neutral
553,327.0,0.5069686522261019,True,0.01,327.0,0.01,0.0,0.0,0.9533333333333334,Neutral
554,327.0,0.6094329849887805,False,0.025391561530374748,327.0,0.025391561530374748,0.0,0.0,0.9533333333333334,Neutral
555,327.0,0.6971183130458471,False,0.024765324943816117,327.0,0.024765324943816117,0.0,0.0,0.9533333333333334,Neutral
556,327.0,0.7325611796834426,False,0.02426001767013696,327.0,0.02426001767013696,0.0,0.0,0.9533333333333334,Neutral
557,327.0,0.7558918892855027,False,0.024433551690814393,327.0,0.024433551690814393,0.0,0.0,0.9533333333333334,Neutral
558,428.0,1.0,False,0.02690204024316043,428.0,0.02690204024316043,0.0,0.0,0.95,Neutral
559,428.0,1.0,False,0.026830678544762704,428.0,0.026830678544762704,0.0,0.0,0.9466666666666667,Neutral
560,402.0,0.9461883019544296,False,0.01,402.0,0.01,0.0,0.0,0.9466666666666667,Neutral
561,428.0,1.0,False,0.02718155891854841,428.0,0.02718155891854841,0.0,0.0,0.9433333333333334,Neutral
562,428.0,0.9551344602602315,False,0.02728330292515555,428.0,0.02728330292515555,0.0,0.0,0.94,Neutral
563,428.0,0.9461075158420551,False,0.027362383169983462,428.0,0.027362383169983462,0.0,0.0,0.9366666666666666,Neutral
564,428.0,0.9365560128189261,False,0.02726715306622091,428.0,0.02726715306622091,0.0,0.0,0.9333333333333333,Neutral
565,428.0,0.9377244025844649,False,0.027315445634396633,428.0,0.027315445634396633,0.0,0.0,0.93,Neutral
566,428.0,1.0,False,0.027470941939498856,428.0,0.027470941939498856,0.0,0.0,0.9266666666666666,Neutral
567,428.0,1.0,False,0.02744625734552481,428.0,0.02744625734552481,0.0,0.0,0.9233333333333333,Neutral
568,428.0,1.0,False,0.027412955431946613,428.0,0.027412955431946613,0.0,0.0,0.92,Neutral
569,428.0,0.9293461014663542,False,0.027324306507005933,428.0,0.027324306507005933,0.0,0.0,0.9166666666666666,Neutral
570,428.0,1.0,False,0.027178799257010573,428.0,0.027178799257010573,0.0,0.0,0.9133333333333333,Neutral
571,428.0,1.0,False,0.026917173218193244,428.0,0.026917173218193244,0.0,0.0,0.91,Neutral
572,428.0,1.0,False,0.026785789242507976,428.0,0.026785789242507976,0.0,0.0,0.9066666666666666,Neutral
573,428.0,0.8797508359328226,False,0.02668239351682141,428.0,0.02668239351682141,0.0,0.0,0.9033333333333333,Neutral
574,428.0,0.9083615139614982,False,0.02647697985370572,428.0,0.02647697985370572,0.0,0.0,0.9,Neutral
575,428.0,0.8796060897600002,False,0.02638046372975234,428.0,0.02638046372975234,0.0,0.0,0.8966666666666666,Neutral
576,428.0,0.8623616344841488,False,0.02643184371752764,428.0,0.02643184371752764,0.0,0.0,0.8933333333333333,Neutral
577,428.0,0.8522948285624239,False,0.02658666988366611,428.0,0.02658666988366611,0.0,0.0,0.89,Neutral
578,428.0,0.850425858752467,False,0.02673505111502981,428.0,0.02673505111502981,0.0,0.0,0.8866666666666667,Neutral
579,428.0,1.0,False,0.026959767201751344,428.0,0.026959767201751344,0.0,0.0,0.8833333333333333,Neutral
580,428.0,0.8647513924347696,False,0.027222844778794837,428.0,0.027222844778794837,0.0,0.0,0.88,Neutral
581,428.0,1.0,False,0.02719002590143818,428.0,0.02719002590143818,0.0,0.0,0.8766666666666667,Neutral
582,428.0,0.8773514100239632,False,0.027473337731355903,428.0,0.027473337731355903,0.0,0.0,0.8733333333333333,Neutral
583,428.0,1.0,False,0.027474247582727162,428.0,0.027474247582727162,0.0,0.0,0.87,Neutral
584,428.0,1.0,False,0.027458907957527676,428.0,0.027458907957527676,0.0,0.0,0.8666666666666667,Neutral
585,439.0,0.9084983194718822,False,0.017584522532526264,439.0,0.017584522532526264,0.0,0.0,0.8666666666666667,Neutral
586,439.0,0.879009951196465,False,0.02150923377411957,439.0,0.02150923377411957,0.0,0.0,0.8633333333333333,Neutral
587,428.0,0.8714821801193116,False,0.026565861960068576,428.0,0.026565861960068576,0.0,0.0,0.86,Neutral
588,439.0,0.873360198998919,False,0.02591437274256557,439.0,0.02591437274256557,0.0,0.0,0.8566666666666667,Neutral
589,439.0,0.8790197459556489,False,0.02680677467082359,439.0,0.02680677467082359,0.0,0.0,0.8533333333333334,Neutral
590,428.0,0.840568437055297,False,0.02518946436190249,428.0,0.02518946436190249,0.0,0.0,0.85,Neutral
591,428.0,0.8219101364557739,False,0.024929951791961176,428.0,0.024929951791961176,0.0,0.0,0.8466666666666667,Neutral
592,428.0,0.7964440259468121,False,0.024696007847322992,428.0,0.024696007847322992,0.0,0.0,0.8433333333333334,Neutral
593,440.0,0.9472026500056202,False,0.20620437760537072,440.0,0.20620437760537072,0.0,0.0,0.8433333333333334,Neutral
594,440.0,0.9529983900489271,False,0.27405752051401017,440.0,0.27405752051401017,0.0,0.0,0.8433333333333334,Positive
595,440.0,0.9579586073272599,False,0.32602006880534784,440.0,0.32602006880534784,0.0,0.0,0.8433333333333334,Positive
596,440.0,0.9577715147380141,False,0.35547147844161625,440.0,0.35547147844161625,0.0,0.0,0.8433333333333334,Positive
597,428.0,1.0,False,0.024713066684436222,428.0,0.024713066684436222,0.0,0.0,0.84,Positive
598,428.0,1.0,False,0.024931495307560784,428.0,0.024931495307560784,0.0,0.0,0.8366666666666667,Positive
599,428.0,0.8405699243586485,False,0.025107255878406374,428.0,0.025107255878406374,0.0,0.0,0.8333333333333334,Positive
600,428.0,1.0,False,0.025274977611245503,428.0,0.025274977611245503,0.0,0.0,0.83,Positive
601,428.0,0.8782072366203636,False,0.025619586532467334,428.0,0.025619586532467334,0.0,0.0,0.8266666666666667,Positive
602,428.0,1.0,False,0.025897261141894733,428.0,0.025897261141894733,0.0,0.0,0.8233333333333334,Positive
603,428.0,1.0,False,0.02612810605087628,428.0,0.02612810605087628,0.0,0.0,0.82,Positive
604,428.0,0.9082498936513815,False,0.026380295875595573,428.0,0.026380295875595573,0.0,0.0,0.8166666666666667,Positive
605,428.0,1.0,False,0.02654380493139173,428.0,0.02654380493139173,0.0,0.0,0.8133333333333334,Positive
606,428.0,0.9230077413612029,False,0.0267184613269013,428.0,0.0267184613269013,0.0,0.0,0.81,Positive
607,428.0,0.9326757326375276,False,0.026941378707754354,428.0,0.026941378707754354,0.0,0.0,0.8066666666666666,Positive
608,428.0,1.0,False,0.027154774811872395,428.0,0.027154774811872395,0.0,0.0,0.8033333333333333,Positive
609,428.0,0.9338300428646247,False,0.027388759418235098,428.0,0.027388759418235098,0.0,0.0,0.8,Neutral
610,428.0,0.7266786957546993,False,0.027602503900033614,428.0,0.027602503900033614,0.0,0.0,0.7966666666666666,Neutral
611,439.0,0.8344657114880332,False,0.04845381189611557,439.0,0.04845381189611557,0.0,0.0,0.7933333333333333,Neutral
612,443.0,0.8989032564586414,False,0.026642119139585675,443.0,0.026642119139585675,0.0,0.0,0.79,Neutral
613,443.0,0.883958323407486,False,0.026684502549663244,443.0,0.026684502549663244,0.0,0.0,0.7866666666666666,Neutral
614,443.0,0.8704731588077383,False,0.026756192985564173,443.0,0.026756192985564173,0.0,0.0,0.7833333333333333,Neutral
615,443.0,0.8585882992615665,False,0.026752425534588356,443.0,0.026752425534588356,0.0,0.0,0.78,Neutral
616,443.0,0.5907301754022208,False,0.02683699440161777,443.0,0.02683699440161777,0.0,0.0,0.7766666666666666,Neutral
617,439.0,0.8172524694024271,False,0.04231705946952368,439.0,0.04231705946952368,0.0,0.0,0.7733333333333333,Neutral
618,443.0,0.5533661084835005,False,0.026909638780410472,443.0,0.026909638780410472,0.0,0.0,0.77,Neutral
619,428.0,0.6784007041038496,False,0.027585628828969783,428.0,0.027585628828969783,0.0,0.0,0.7666666666666667,Neutral
620,428.0,0.726472079735263,False,0.027584461514184363,428.0,0.027584461514184363,0.0,0.0,0.7633333333333333,Neutral
621,428.0,0.713022686270579,False,0.027533664512616587,428.0,0.027533664512616587,0.0,0.0,0.76,Neutral
622,439.0,0.7330449691961383,False,0.029172294442136225,439.0,0.029172294442136225,0.0,0.0,0.7566666666666667,Neutral
623,439.0,0.741289140754841,False,0.026522792293754482,439.0,0.026522792293754482,0.0,0.0,0.7533333333333333,Neutral
624,439.0,0.7577641427035282,False,0.024377249056391107,439.0,0.024377249056391107,0.0,0.0,0.75,Neutral
625,428.0,0.769448085599743,False,0.027632875046613943,428.0,0.027632875046613943,0.0,0.0,0.7466666666666667,Neutral
626,439.0,0.7931408422618667,False,0.02101338932497836,439.0,0.02101338932497836,0.0,0.0,0.7433333333333333,Neutral
627,439.0,0.8014015581947419,False,0.01972343754548155,439.0,0.01972343754548155,0.0,0.0,0.74,Neutral
628,439.0,0.7915343861132499,False,0.01862108946773792,439.0,0.01862108946773792,0.0,0.0,0.7366666666666667,Neutral
629,428.0,0.7880719188328337,False,0.03341807611218144,428.0,0.03341807611218144,0.0,0.0,0.7333333333333333,Neutral
630,439.0,0.806652567579492,False,0.016952716108654935,439.0,0.016952716108654935,0.0,0.0,0.73,Neutral
631,428.0,1.0,False,0.033156383865950656,428.0,0.033156383865950656,0.0,0.0,0.7266666666666667,Neutral
632,428.0,1.0,False,0.03237282337196007,428.0,0.03237282337196007,0.0,0.0,0.7233333333333334,Neutral
633,428.0,1.0,False,0.030863415299284113,428.0,0.030863415299284113,0.0,0.0,0.72,Neutral
634,428.0,1.0,False,0.03040864749863195,428.0,0.03040864749863195,0.0,0.0,0.7166666666666667,Neutral
635,428.0,1.0,False,0.029680653856137808,428.0,0.029680653856137808,0.0,0.0,0.7133333333333334,Neutral
636,428.0,1.0,False,0.02902376398890617,428.0,0.02902376398890617,0.0,0.0,0.71,Neutral
637,428.0,0.9784574141782955,False,0.02904427404914707,428.0,0.02904427404914707,0.0,0.0,0.7066666666666667,Neutral
638,428.0,0.9739106546057547,False,0.028832019052575507,428.0,0.028832019052575507,0.0,0.0,0.7033333333333334,Neutral
639,428.0,0.8121321802774836,False,0.028426316458657747,428.0,0.028426316458657747,0.0,0.0,0.7,Neutral
640,428.0,0.8199070277005045,False,0.028166244594102087,428.0,0.028166244594102087,0.0,0.0,0.6966666666666667,Neutral
641,439.0,0.8611896982777639,False,0.011986475017589492,439.0,0.011986475017589492,0.0,0.0,0.6933333333333334,Neutral
642,445.0,0.9709822722867106,False,0.019964229582098963,445.0,0.019964229582098963,0.0,0.0,0.69,Neutral
643,445.0,0.9670372129061563,False,0.020070397777004697,445.0,0.020070397777004697,0.0,0.0,0.6866666666666666,Neutral
644,445.0,0.9644055689565749,False,0.020138488297522815,445.0,0.020138488297522815,0.0,0.0,0.6833333333333333,Neutral
645,445.0,0.9606152638902019,False,0.020179699896814448,445.0,0.020179699896814448,0.0,0.0,0.68,Neutral
646,445.0,0.9539850770402294,False,0.02033378643894321,445.0,0.02033378643894321,0.0,0.0,0.6766666666666666,Neutral
647,445.0,0.6571187455437706,False,0.02036102789345612,445.0,0.02036102789345612,0.0,0.0,0.6733333333333333,Neutral
648,428.0,0.9266361812917384,False,0.027841764161580313,428.0,0.027841764161580313,0.0,0.0,0.67,Neutral
649,446.0,0.9740336298321882,False,0.018601117300418267,446.0,0.018601117300418267,0.0,0.0,0.6666666666666666,Neutral
650,428.0,0.9231340882516363,False,0.02757658653784383,428.0,0.02757658653784383,0.0,0.0,0.6633333333333333,Neutral
651,428.0,0.9223805243029078,False,0.027556725270546218,428.0,0.027556725270546218,0.0,0.0,0.66,Neutral
652,445.0,0.7184396013496004,False,0.02117839397778406,445.0,0.02117839397778406,0.0,0.0,0.6566666666666666,Neutral
653,445.0,0.7358796490305204,False,0.02167493769109738,445.0,0.02167493769109738,0.0,0.0,0.6533333333333333,Neutral
654,445.0,0.7469589944715304,False,0.02227666222826606,445.0,0.02227666222826606,0.0,0.0,0.65,Neutral
655,446.0,0.8344837280049575,False,0.01870059252737018,446.0,0.01870059252737018,0.0,0.0,0.6466666666666666,Neutral
656,446.0,0.8612188311001725,False,0.018715179988379956,446.0,0.018715179988379956,0.0,0.0,0.6433333333333333,Neutral
657,446.0,0.8829515293327693,False,0.01872994155759323,446.0,0.01872994155759323,0.0,0.0,0.64,Neutral
658,428.0,0.7192457859363213,False,0.027122114261862864,428.0,0.027122114261862864,0.0,0.0,0.6366666666666667,Neutral
659,456.0,0.9457247492354458,False,0.01750876853169983,456.0,0.01750876853169983,0.0,0.0,0.6366666666666667,Neutral
660,428.0,0.9746290207064766,False,0.027045595877728493,428.0,0.027045595877728493,0.0,0.0,0.6333333333333333,Neutral
661,457.0,0.7317025287101919,False,0.02270631077260013,457.0,0.02270631077260013,0.0,1227.0403994075964,0.6333333333333333,Neutral
662,457.0,0.7506995589591727,False,0.02291554475464681,457.0,0.02291554475464681,0.0,0.0,0.6333333333333333,Neutral
663,457.0,0.7701391516233379,False,0.023060112379272225,457.0,0.023060112379272225,0.0,0.0,0.6333333333333333,Neutral
664,446.0,0.5260453820228577,True,0.01869575524755319,446.0,0.01869575524755319,0.0,0.0,0.6333333333333333,Neutral
665,457.0,0.7953567279053669,False,0.023246027252623813,457.0,0.023246027252623813,0.0,0.0,0.6333333333333333,Neutral
666,457.0,0.8057654909011579,False,0.023263053235491927,457.0,0.023263053235491927,0.0,0.0,0.6333333333333333,Neutral
667,457.0,0.7025199563662758,False,0.023236675953759178,457.0,0.023236675953759178,0.0,0.0,0.6333333333333333,Neutral
668,457.0,0.7510120361942665,False,0.02315554559309631,457.0,0.02315554559309631,0.0,0.0,0.6333333333333333,Neutral
669,457.0,0.8501410294367369,False,0.02303576425440536,457.0,0.02303576425440536,0.0,0.0,0.6333333333333333,Neutral
670,457.0,0.849700875986658,False,0.02286507562504235,457.0,0.02286507562504235,0.0,0.0,0.6333333333333333,Neutral
671,457.0,0.7979138121334524,False,0.022655790516682487,457.0,0.022655790516682487,0.0,0.0,0.6333333333333333,Neutral
672,457.0,0.7996646866110498,False,0.022414442557040604,457.0,0.022414442557040604,0.0,0.0,0.6333333333333333,Neutral
673,457.0,0.7379273355681069,False,0.022031616314001932,457.0,0.022031616314001932,0.0,0.0,0.6333333333333333,Neutral
674,457.0,0.7979847425497777,False,0.021654224461552227,457.0,0.021654224461552227,0.0,0.0,0.6333333333333333,Neutral
675,457.0,0.7221924237957779,False,0.021244125162363355,457.0,0.021244125162363355,0.0,0.0,0.6333333333333333,Neutral
676,457.0,0.7037663052188842,False,0.020832650672219892,457.0,0.020832650672219892,0.0,0.0,0.6333333333333333,Neutral
677,457.0,0.6731458666775604,False,0.02042055925589011,457.0,0.02042055925589011,0.0,0.0,0.6333333333333333,Neutral
678,457.0,0.8807446166266947,False,0.020061023823166664,457.0,0.020061023823166664,0.0,0.0,0.6333333333333333,Neutral
679,457.0,0.8694468450370808,False,0.01982708163169411,457.0,0.01982708163169411,0.0,0.0,0.6333333333333333,Neutral
680,457.0,0.856745289731996,False,0.01956690206172659,457.0,0.01956690206172659,0.0,0.0,0.6333333333333333,Neutral
681,457.0,0.8439166327331729,False,0.01931298602615841,457.0,0.01931298602615841,0.0,0.0,0.6333333333333333,Neutral
682,428.0,0.7035707235336304,False,0.027179840933179582,428.0,0.027179840933179582,0.0,0.0,0.63,Neutral
683,428.0,0.6657474040985107,False,0.027310142367623292,428.0,0.027310142367623292,0.0,0.0,0.6266666666666667,Neutral
684,457.0,0.5289046450913741,True,0.019829212535990907,457.0,0.019829212535990907,0.0,0.0,0.6266666666666667,Neutral
685,457.0,0.7078202398295494,False,0.01982526870119301,457.0,0.01982526870119301,0.0,0.0,0.6266666666666667,Neutral
686,457.0,0.7274512114505255,False,0.019660607149061055,457.0,0.019660607149061055,0.0,0.0,0.6266666666666667,Neutral
687,467.0,0.7872159126107787,False,0.023714753363923185,467.0,0.023714753363923185,0.0,0.0,0.6233333333333333,Neutral
688,428.0,0.9511158551830131,False,0.02740026331552758,428.0,0.02740026331552758,0.0,0.0,0.62,Neutral
689,428.0,0.9534516140790896,False,0.027368377698990844,428.0,0.027368377698990844,0.0,0.0,0.6166666666666667,Neutral
690,428.0,0.9569278796655211,False,0.02734938529292349,428.0,0.02734938529292349,0.0,0.0,0.6133333333333333,Neutral
691,428.0,0.9746606631823835,False,0.027273019423123036,428.0,0.027273019423123036,0.0,0.0,0.61,Neutral
692,428.0,0.9781294617590371,False,0.027147038253158392,428.0,0.027147038253158392,0.0,0.0,0.6066666666666667,Neutral
693,428.0,0.9813998330631282,False,0.02696904801860126,428.0,0.02696904801860126,0.0,0.0,0.6033333333333334,Neutral
694,428.0,1.0,False,0.026713099114256716,428.0,0.026713099114256716,0.0,0.0,0.6,Neutral
695,428.0,1.0,False,0.02642655618017395,428.0,0.02642655618017395,0.0,0.0,0.5966666666666667,Neutral
696,428.0,1.0,False,0.026148595422491462,428.0,0.026148595422491462,0.0,0.0,0.5933333333333334,Neutral
697,428.0,1.0,False,0.02586363587395037,428.0,0.02586363587395037,0.0,0.0,0.59,Neutral
698,428.0,1.0,False,0.025571216467576017,428.0,0.025571216467576017,0.0,0.0,0.5866666666666667,Neutral
699,428.0,0.9610657088614095,False,0.025263381786477444,428.0,0.025263381786477444,0.0,0.0,0.5833333333333334,Neutral
700,428.0,0.9573426122636147,False,0.025017936477009964,428.0,0.025017936477009964,0.0,0.0,0.58,Neutral
701,467.0,0.8664742112159729,False,0.019127701824407716,467.0,0.019127701824407716,0.0,0.0,0.5766666666666667,Neutral
702,467.0,0.856515645980835,False,0.018976501839985584,467.0,0.018976501839985584,0.0,0.0,0.5733333333333334,Neutral
703,467.0,0.841886043548584,False,0.018872054876201767,467.0,0.018872054876201767,0.0,0.0,0.57,Neutral
704,467.0,0.828757643699646,False,0.01877818457063608,467.0,0.01877818457063608,0.0,0.0,0.5666666666666667,Neutral
705,467.0,0.8105252385139465,False,0.01870710513052217,467.0,0.01870710513052217,0.0,0.0,0.5633333333333334,Neutral
706,457.0,0.7493866682052612,False,0.019348238678431186,457.0,0.019348238678431186,0.0,0.0,0.5633333333333334,Neutral
707,457.0,0.8683862137851294,False,0.01911117377655662,457.0,0.01911117377655662,0.0,0.0,0.5633333333333334,Neutral
708,457.0,0.8748563300278612,False,0.018914508125228578,457.0,0.018914508125228578,0.0,0.0,0.5633333333333334,Neutral
709,457.0,0.8774367273747427,False,0.018820414673492714,457.0,0.018820414673492714,0.0,0.0,0.5633333333333334,Neutral
710,457.0,0.8762366002395603,False,0.018820219876598744,457.0,0.018820219876598744,0.0,0.0,0.5666666666666667,Neutral
711,457.0,0.7708870150648547,False,0.018908183402341076,457.0,0.018908183402341076,0.0,0.0,0.57,Neutral
712,457.0,0.7630626684317241,False,0.019104717902177326,457.0,0.019104717902177326,0.0,0.0,0.5733333333333334,Neutral
713,457.0,0.7558131387574363,False,0.01937770595653898,457.0,0.01937770595653898,0.0,0.0,0.5733333333333334,Neutral
714,457.0,0.7469086336635515,False,0.019742574118511293,457.0,0.019742574118511293,0.0,0.0,0.5733333333333334,Neutral
715,457.0,0.7321239742229189,False,0.02018740424641739,457.0,0.02018740424641739,0.0,0.0,0.5733333333333334,Neutral
716,457.0,0.7840810485088744,False,0.020715442033041154,457.0,0.020715442033041154,0.0,0.0,0.5733333333333334,Neutral
717,457.0,0.7478579061333991,False,0.0212768332744143,457.0,0.0212768332744143,0.0,0.0,0.5733333333333334,Neutral
718,457.0,0.6943721660675432,False,0.021970803675832838,457.0,0.021970803675832838,0.0,0.0,0.5733333333333334,Neutral
719,457.0,0.6369647536869317,False,0.022619374415151397,457.0,0.022619374415151397,0.0,0.0,0.5733333333333334,Neutral
720,482.0,0.9483766878482067,False,0.018639116716627813,482.0,0.018639116716627813,0.0,0.0,0.57,Neutral
721,457.0,0.6341894038490822,False,0.02345770117733586,457.0,0.02345770117733586,0.0,0.0,0.57,Neutral
722,457.0,0.695910242210419,False,0.024269451477181618,457.0,0.024269451477181618,0.0,0.0,0.57,Neutral
723,457.0,0.706760967761851,False,0.025042860703744004,457.0,0.025042860703744004,0.0,0.0,0.57,Neutral
724,457.0,0.7497233092882727,False,0.025759275862345922,457.0,0.025759275862345922,0.0,0.0,0.57,Neutral
725,457.0,0.8183030265397201,False,0.026367506711067194,457.0,0.026367506711067194,0.0,0.0,0.57,Neutral
726,457.0,0.8683968692842956,False,0.026855299595476945,457.0,0.026855299595476945,0.0,0.0,0.57,Neutral
727,457.0,0.999890344713067,False,0.027178996287391892,457.0,0.027178996287391892,0.0,0.0,0.57,Neutral
728,457.0,0.9995826675896757,False,0.027316879478818668,457.0,0.027316879478818668,0.0,0.0,0.57,Neutral
729,457.0,0.9992805340690589,False,0.02713543773406666,457.0,0.02713543773406666,0.0,0.0,0.57,Neutral
730,457.0,0.9989750463004876,False,0.026471821389258413,457.0,0.026471821389258413,0.0,0.0,0.57,Neutral
731,457.0,0.9987047257307846,False,0.02521041562324424,457.0,0.02521041562324424,0.0,0.0,0.57,Neutral
732,457.0,0.9756220517371693,False,0.023342480064594797,457.0,0.023342480064594797,0.0,0.0,0.57,Neutral
733,457.0,0.9852916964703693,False,0.021298773165313856,457.0,0.021298773165313856,0.0,0.0,0.57,Neutral
734,428.0,1.0,False,0.02242623458881045,428.0,0.02242623458881045,0.0,0.0,0.5666666666666667,Neutral
735,428.0,1.0,False,0.022156183529111945,428.0,0.022156183529111945,0.0,0.0,0.5633333333333334,Neutral
736,,,False,,,,,,,Neutral
737,,,False,,,,,,,Neutral
738,,,False,,,,,,,Neutral
739,,,False,,,,,,,Neutral
740,,,False,,,,,,,Neutral
741,,,False,,,,,,,Neutral
742,,,False,,,,,,,Neutral
743,,,False,,,,,,,Neutral
744,,,False,,,,,,,Neutral
745,485.0,1.0,False,0.030067499885914197,485.0,0.030067499885914197,0.0,0.0,0.56,Neutral
746,485.0,0.9163130521774292,False,0.03054105708881612,485.0,0.03054105708881612,0.0,0.0,0.5566666666666666,Neutral
747,485.0,0.9218758940696716,False,0.030466626931631203,485.0,0.030466626931631203,0.0,0.0,0.5533333333333333,Neutral
748,485.0,0.9141499996185303,False,0.030399901498845198,485.0,0.030399901498845198,0.0,0.0,0.55,Neutral
749,485.0,1.0,False,0.030263320860962437,485.0,0.030263320860962437,0.0,0.0,0.5466666666666666,Neutral
750,485.0,1.0,False,0.029996296965424534,485.0,0.029996296965424534,0.0,0.0,0.5433333333333333,Neutral
751,485.0,1.0,False,0.029966780323252583,485.0,0.029966780323252583,0.0,0.0,0.54,Neutral
752,485.0,0.8704559803009033,False,0.0298478974193611,485.0,0.0298478974193611,0.0,0.0,0.5366666666666666,Neutral
753,486.0,0.9605440351974597,False,0.022551761915329815,486.0,0.022551761915329815,0.0,0.0,0.5366666666666666,Neutral
754,488.0,0.8324788212776184,False,0.0176684196216306,488.0,0.0176684196216306,0.0,0.0,0.5366666666666666,Neutral
755,486.0,0.6425215601921082,True,0.02355006842674812,486.0,0.02355006842674812,0.0,0.0,0.5366666666666666,Neutral
756,486.0,0.5955373644828796,True,0.024097746002046786,486.0,0.024097746002046786,0.0,0.0,0.5366666666666666,Neutral
757,486.0,0.5740614533424377,True,0.024471226849251272,486.0,0.024471226849251272,0.0,0.0,0.5366666666666666,Neutral
758,486.0,0.9053174719548647,False,0.024795621622986565,486.0,0.024795621622986565,0.0,0.0,0.5366666666666666,Neutral
759,486.0,0.8962985291156759,False,0.02508581514040107,486.0,0.02508581514040107,0.0,0.0,0.5366666666666666,Neutral
760,485.0,0.7607473134994507,False,0.029423104837364676,485.0,0.029423104837364676,0.0,0.0,0.5333333333333333,Neutral
761,488.0,0.8927042864497661,False,0.01862819715113468,488.0,0.01862819715113468,0.0,0.0,0.5333333333333333,Neutral
762,486.0,0.8151433925881022,False,0.026326469839127724,486.0,0.026326469839127724,0.0,0.0,0.5333333333333333,Neutral
763,486.0,0.8090532644850196,False,0.02700548435576603,486.0,0.02700548435576603,0.0,0.0,0.5333333333333333,Neutral
764,488.0,0.8992389120568719,False,0.019053848296838566,488.0,0.019053848296838566,0.0,0.0,0.5333333333333333,Neutral
765,486.0,0.7840144361411034,False,0.027587099022054352,486.0,0.027587099022054352,0.0,0.0,0.5333333333333333,Neutral
766,486.0,0.7746834860395542,False,0.028000032862823775,486.0,0.028000032862823775,0.0,0.0,0.5333333333333333,Neutral
767,486.0,0.7642529291769696,False,0.028372197565360375,486.0,0.028372197565360375,0.0,0.0,0.5333333333333333,Neutral
768,486.0,0.5810716152191162,True,0.02859589882513874,486.0,0.02859589882513874,0.0,0.0,0.5333333333333333,Neutral
769,486.0,0.7371916977084673,False,0.028427514585165563,486.0,0.028427514585165563,0.0,0.0,0.5333333333333333,Neutral
770,488.0,0.9109343060909045,False,0.01907929177949768,488.0,0.01907929177949768,0.0,0.0,0.5333333333333333,Neutral
771,486.0,0.5989280343055725,True,0.02777962626865455,486.0,0.02777962626865455,0.0,0.0,0.5333333333333333,Neutral
772,488.0,0.9215686056048566,False,0.018954339060467677,488.0,0.018954339060467677,0.0,0.0,0.5333333333333333,Neutral
773,488.0,0.9277759903560777,False,0.018866537322379584,488.0,0.018866537322379584,0.0,0.0,0.5333333333333333,Neutral
774,488.0,0.93392404114666,False,0.018747341046918074,488.0,0.018747341046918074,0.0,0.0,0.5333333333333333,Neutral
775,488.0,0.9393755501200732,False,0.018606594020154365,488.0,0.018606594020154365,0.0,0.0,0.5333333333333333,Neutral
776,488.0,0.94242436836809,False,0.018496892474210658,488.0,0.018496892474210658,0.0,0.0,0.5333333333333333,Neutral
777,488.0,0.9440123501274825,False,0.018428947035663952,488.0,0.018428947035663952,0.0,0.0,0.5333333333333333,Neutral
778,488.0,0.9436840215643596,False,0.018392540616329483,488.0,0.018392540616329483,0.0,0.0,0.5333333333333333,Neutral
779,488.0,0.942666283359518,False,0.01836374076204835,488.0,0.01836374076204835,0.0,0.0,0.5333333333333333,Neutral
780,488.0,0.939645844803694,False,0.018332550636911894,488.0,0.018332550636911894,0.0,0.0,0.5333333333333333,Neutral
781,488.0,0.9403837124348057,False,0.018295758302682517,488.0,0.018295758302682517,0.0,0.0,0.5333333333333333,Neutral
782,488.0,0.9451437770893738,False,0.01825996127228586,488.0,0.01825996127228586,0.0,0.0,0.5333333333333333,Neutral
783,488.0,0.9488761060498418,False,0.018227214063303764,488.0,0.018227214063303764,0.0,0.0,0.5333333333333333,Neutral
784,488.0,0.9525656905126905,False,0.01819821398816737,488.0,0.01819821398816737,0.0,0.0,0.5333333333333333,Neutral
785,488.0,0.9557861277605372,False,0.018172698074976172,488.0,0.018172698074976172,0.0,0.0,0.5333333333333333,Neutral
786,488.0,0.9594947384086219,False,0.0181518547874924,488.0,0.0181518547874924,0.0,0.0,0.5333333333333333,Neutral
787,486.0,0.658512590089854,False,0.026237543502647388,486.0,0.026237543502647388,0.0,0.0,0.5333333333333333,Neutral
788,486.0,0.6587379796433135,False,0.02634235103327304,486.0,0.02634235103327304,0.0,0.0,0.5333333333333333,Neutral
789,488.0,0.9670747242514521,False,0.01815769173018069,488.0,0.01815769173018069,0.0,0.0,0.5333333333333333,Neutral
790,488.0,0.9688247737801696,False,0.01818127309850012,488.0,0.01818127309850012,0.0,0.0,0.5333333333333333,Neutral
791,488.0,0.9694374251890735,False,0.018217755918213313,488.0,0.018217755918213313,0.0,0.0,0.5333333333333333,Neutral
792,488.0,0.9702741368682177,False,0.018255244995046955,488.0,0.018255244995046955,0.0,0.0,0.5333333333333333,Neutral
793,486.0,0.6656610369682312,False,0.026711687779757177,486.0,0.026711687779757177,0.0,0.0,0.5333333333333333,Neutral
794,486.0,0.4697926938533783,True,0.027036710906297824,486.0,0.027036710906297824,0.0,70.92662594223953,0.5333333333333333,Neutral
795,486.0,0.4305986762046814,True,0.02764352998900998,486.0,0.02764352998900998,0.0,66.83785945651962,0.5333333333333333,Neutral
796,486.0,0.6080637574195862,True,0.028369716291054416,486.0,0.028369716291054416,0.0,0.0,0.5333333333333333,Neutral
797,486.0,0.5987614989280701,True,0.02919376391106766,486.0,0.02919376391106766,0.0,0.0,0.5333333333333333,Neutral
798,486.0,0.4216013550758362,True,0.029920710064771917,486.0,0.029920710064771917,0.0,4.5375073403449875,0.5333333333333333,Neutral
799,486.0,0.5941310524940491,True,0.03047093810874397,486.0,0.03047093810874397,0.0,0.0,0.5333333333333333,Neutral
800,486.0,0.5411617159843445,True,0.030959273031242764,486.0,0.030959273031242764,0.0,0.0,0.5333333333333333,Neutral
801,486.0,0.57270747423172,True,0.031526530191275715,486.0,0.031526530191275715,0.0,0.0,0.5333333333333333,Neutral
802,488.0,0.49779805541038513,True,0.018636602805463212,488.0,0.018636602805463212,0.0,0.0,0.5333333333333333,Neutral
803,488.0,0.6562431454658508,False,0.018850694358939234,488.0,0.018850694358939234,0.0,0.0,0.5333333333333333,Neutral
804,488.0,0.7233772277832031,False,0.01913454674741211,488.0,0.01913454674741211,0.0,0.0,0.5333333333333333,Neutral
805,488.0,0.7635140419006348,False,0.019457259993741316,488.0,0.019457259993741316,0.0,0.0,0.5333333333333333,Neutral
806,488.0,0.7857391834259033,False,0.01979585715779773,488.0,0.01979585715779773,0.0,0.0,0.5333333333333333,Neutral
807,488.0,0.837354838848114,False,0.0201403784141948,488.0,0.0201403784141948,0.0,0.0,0.5333333333333333,Neutral
808,488.0,0.7656362652778625,False,0.020473057304382498,488.0,0.020473057304382498,0.0,37.733957529936916,0.5333333333333333,Neutral
809,490.0,0.6342335939407349,True,0.04427954862929616,490.0,0.04427954862929616,0.0,1.107535336326964,0.5333333333333333,Neutral
810,488.0,0.9670619272613795,False,0.021139807355083504,488.0,0.021139807355083504,0.0,61.8282718415007,0.5333333333333333,Neutral
811,486.0,0.5090858340263367,True,0.04007493005824956,486.0,0.04007493005824956,0.0,116.92693047223821,0.5333333333333333,Neutral
812,490.0,0.4982561767101288,True,0.08315208433785232,490.0,0.08315208433785232,0.0,189.98865906111337,0.5333333333333333,Neutral
813,488.0,0.9638443781828195,False,0.022068348621909477,488.0,0.022068348621909477,0.0,239.4460945872624,0.5333333333333333,Neutral
814,486.0,0.5084785223007202,True,0.04575683852504791,486.0,0.04575683852504791,0.0,238.74402805180335,0.5333333333333333,Neutral
815,490.0,0.5782471895217896,True,0.08908532698781517,490.0,0.08908532698781517,0.0,257.9711241175949,0.5333333333333333,Neutral
816,488.0,0.9564282305102377,False,0.0227298965173607,488.0,0.0227298965173607,0.0,280.66921165261556,0.5333333333333333,Neutral
817,486.0,0.7485746589356871,False,0.051928992187774414,486.0,0.051928992187774414,0.0,303.69889736549374,0.5333333333333333,Neutral
818,488.0,0.852865993976593,False,0.02319056235843296,488.0,0.02319056235843296,0.0,317.53496023251734,0.5333333333333333,Neutral
819,488.0,0.819445013999939,False,0.023406127578516605,488.0,0.023406127578516605,0.0,328.3871424574168,0.5333333333333333,Neutral
820,488.0,0.7570379376411438,False,0.023671200124386636,488.0,0.023671200124386636,0.0,344.72024977308666,0.5333333333333333,Neutral
821,488.0,0.7050030827522278,False,0.0239897171044184,488.0,0.0239897171044184,0.0,359.6000844520836,0.5333333333333333,Neutral
822,488.0,0.65546053647995,False,0.024348413921490602,488.0,0.024348413921490602,0.0,363.0592298920943,0.5333333333333333,Neutral
823,488.0,0.6245647668838501,True,0.02477418632891712,488.0,0.02477418632891712,0.0,376.0734959113103,0.5333333333333333,Neutral
824,488.0,0.5890999436378479,True,0.025211521817418824,488.0,0.025211521817418824,0.0,404.6126619593082,0.5333333333333333,Neutral
825,488.0,0.5600240230560303,True,0.025620951894442766,488.0,0.025620951894442766,0.0,0.0,0.5333333333333333,Neutral
826,486.0,0.5274056792259216,True,0.044474632097644705,486.0,0.044474632097644705,0.0,0.0,0.5333333333333333,Neutral
827,486.0,0.5729751586914062,True,0.04322231408079807,486.0,0.04322231408079807,0.0,0.0,0.5333333333333333,Neutral
828,486.0,0.6268622279167175,True,0.04183467839577431,486.0,0.04183467839577431,0.0,0.0,0.5333333333333333,Neutral
829,486.0,0.6529945731163025,False,0.04084747751996879,486.0,0.04084747751996879,0.0,0.0,0.5333333333333333,Neutral
830,486.0,0.6565234065055847,False,0.04126245135567823,486.0,0.04126245135567823,0.0,0.0,0.5333333333333333,Neutral
831,486.0,0.7187934517860413,False,0.042107848525907834,486.0,0.042107848525907834,0.0,0.0,0.5333333333333333,Neutral
832,486.0,0.7683418393135071,False,0.042408881188497824,486.0,0.042408881188497824,0.0,0.0,0.5333333333333333,Neutral
833,486.0,0.8484240770339966,False,0.041852675679403734,486.0,0.041852675679403734,0.0,0.0,0.5333333333333333,Neutral
834,486.0,0.8379896283149719,False,0.042060577570802726,486.0,0.042060577570802726,0.0,0.0,0.5333333333333333,Neutral
835,486.0,0.849939227104187,False,0.04105172324809593,486.0,0.04105172324809593,0.0,0.0,0.5333333333333333,Neutral
836,486.0,0.8584166765213013,False,0.04000909850481812,486.0,0.04000909850481812,0.0,0.0,0.5333333333333333,Neutral
837,486.0,0.8497673273086548,False,0.038785027529178596,486.0,0.038785027529178596,0.0,0.0,0.5333333333333333,Neutral
838,486.0,0.8169962763786316,False,0.03785080504433325,486.0,0.03785080504433325,0.0,559.7411465331544,0.5333333333333333,Neutral
839,486.0,0.9135985374450684,False,0.03656020706816331,486.0,0.03656020706816331,0.0,0.0,0.5333333333333333,Neutral
840,486.0,0.7577642521818181,False,0.035495006960609435,486.0,0.035495006960609435,0.0,0.0,0.5366666666666666,Neutral
841,486.0,0.770115561251522,False,0.034680362300914154,486.0,0.034680362300914154,0.0,0.0,0.5366666666666666,Neutral
842,486.0,0.7811028750518949,False,0.03414174467423395,486.0,0.03414174467423395,0.0,0.0,0.5366666666666666,Neutral
843,488.0,0.8077994555514866,False,0.025395118095329006,488.0,0.025395118095329006,0.0,0.0,0.5366666666666666,Neutral
844,486.0,0.8030303292889619,False,0.034764030388059884,486.0,0.034764030388059884,0.0,0.0,0.5366666666666666,Neutral
845,488.0,0.815602625723233,False,0.024736762578258367,488.0,0.024736762578258367,0.0,331.2012618085065,0.5366666666666666,Neutral
846,486.0,0.783508043774255,False,0.03585399095377075,486.0,0.03585399095377075,0.0,299.41892151920376,0.5366666666666666,Neutral
847,486.0,0.7688904389726283,False,0.0363903126911442,486.0,0.0363903126911442,0.0,270.4451618370411,0.5366666666666666,Neutral
848,486.0,0.6191597580909729,True,0.03680161346861044,486.0,0.03680161346861044,0.0,243.39295333217723,0.5366666666666666,Neutral
849,486.0,0.594702959060669,True,0.0380092596026002,486.0,0.0380092596026002,0.0,245.55270954912896,0.5366666666666666,Neutral
850,488.0,0.7845111511410868,False,0.02358230312187987,488.0,0.02358230312187987,0.0,247.91389850848572,0.54,Neutral
851,486.0,0.5433403849601746,True,0.03935490852708289,486.0,0.03935490852708289,0.0,224.47850030353345,0.54,Neutral
852,493.0,0.6836720705032349,False,0.028875204789748816,493.0,0.028875204789748816,0.0,199.735712083787,0.5433333333333333,Neutral
853,486.0,0.4981311857700348,True,0.03838402902735488,486.0,0.03838402902735488,0.0,167.8411070916529,0.5433333333333333,Neutral
854,488.0,0.74651631277294,False,0.02437681095101401,486.0,0.025186518334158876,0.06628419203801435,137.02765447129553,0.5433333333333333,Neutral
855,493.0,0.7157481527664349,False,0.030930869317701268,493.0,0.030930869317701268,0.0,112.3014231247399,0.5466666666666666,Neutral
856,488.0,0.7179251304186041,False,0.025017540912790143,486.0,0.025241590221026986,0.062186699417399675,101.05498482491221,0.5466666666666666,Neutral
857,493.0,0.6600527906711792,False,0.0314009810997104,493.0,0.0314009810997104,0.0,91.73400221143577,0.5466666666666666,Neutral
858,488.0,0.6894739543215961,False,0.0255860476921268,486.0,0.02576611187808749,0.058773515288894566,92.19559645546217,0.5466666666666666,Neutral
859,493.0,0.6200522091624031,False,0.031367286616868856,493.0,0.031367286616868856,0.0,94.6433567405252,0.55,Neutral
860,488.0,0.6570565965238946,False,0.026127900041661534,486.0,0.026531967631991952,0.0542587638758473,92.25335846187245,0.55,Neutral
861,493.0,0.5952493715411394,False,0.030580695790828376,493.0,0.030580695790828376,0.0,89.99920833746418,0.5533333333333333,Neutral
862,493.0,0.5856210365229627,False,0.030292557067706026,493.0,0.030292557067706026,0.0,88.95772085421281,0.5533333333333333,Neutral
863,493.0,0.5734025139938822,False,0.03010616697407489,493.0,0.03010616697407489,0.0,85.27944353704817,0.5533333333333333,Neutral
864,493.0,0.6841529153024619,False,0.03011286267366038,493.0,0.03011286267366038,0.0,0.0,0.5533333333333333,Neutral
865,486.0,0.6018915176391602,True,0.034659276238111734,486.0,0.034659276238111734,0.0,0.0,0.5533333333333333,Neutral
866,493.0,0.6453765034675598,True,0.030775856811164508,493.0,0.030775856811164508,0.0,54.15956266203729,0.5533333333333333,Neutral
867,493.0,0.6353099346160889,True,0.031001066280116493,493.0,0.031001066280116493,0.0,613.4641348323021,0.5533333333333333,Neutral
868,493.0,0.6135421395301819,True,0.03026757965975681,493.0,0.03026757965975681,0.0,435.09049369225465,0.5533333333333333,Neutral
869,493.0,0.6328785419464111,True,0.030237142216954033,493.0,0.030237142216954033,0.0,7200.886493281454,0.5533333333333333,Neutral
870,493.0,0.6578930616378784,False,0.03008767221941458,493.0,0.03008767221941458,0.0,562.0347994328911,0.5533333333333333,Neutral
871,493.0,0.6910852193832397,False,0.029876298792282003,493.0,0.029876298792282003,0.0,6558.143335325038,0.5533333333333333,Neutral
872,493.0,0.6282624006271362,True,0.029683912609415424,493.0,0.029683912609415424,0.0,6226.720764997992,0.5533333333333333,Neutral
873,493.0,0.6215757727622986,True,0.02944157591429051,493.0,0.02944157591429051,0.0,18004.56345033817,0.5533333333333333,Neutral
874,493.0,0.6877259612083435,False,0.02930130410296907,493.0,0.02930130410296907,0.0,17827.933418550936,0.5533333333333333,Neutral
875,493.0,0.6702032089233398,False,0.02916434808265379,493.0,0.02916434808265379,0.0,17670.498897389945,0.5533333333333333,Neutral
876,493.0,0.6664710640907288,False,0.02930268680536854,493.0,0.02930268680536854,0.0,17304.252287070176,0.5533333333333333,Neutral
877,493.0,0.681537389755249,False,0.029514065592307483,493.0,0.029514065592307483,0.0,20444.53369892767,0.5533333333333333,Neutral
878,493.0,0.7006043791770935,False,0.029487170657367185,493.0,0.029487170657367185,0.0,20182.65907320355,0.5533333333333333,Neutral
879,493.0,0.6829822063446045,False,0.029530453017096003,493.0,0.029530453017096003,0.0,19979.297994351982,0.5533333333333333,Neutral
880,493.0,0.6768805384635925,False,0.029661865032414872,493.0,0.029661865032414872,0.0,19821.53467723614,0.5533333333333333,Neutral
881,493.0,0.7873466610908508,False,0.03046077300743767,493.0,0.03046077300743767,0.0,19712.335128542134,0.5533333333333333,Neutral
882,493.0,0.797431468963623,False,0.030321211896186306,493.0,0.030321211896186306,0.0,19604.04726854151,0.5533333333333333,Neutral
883,493.0,0.8061561584472656,False,0.03038855822428857,493.0,0.03038855822428857,0.0,19536.519678075114,0.5533333333333333,Neutral
884,493.0,0.744506299495697,False,0.03036362850555106,493.0,0.03036362850555106,0.0,19509.445734739165,0.5533333333333333,Neutral
885,493.0,0.8263287544250488,False,0.03062900101077499,493.0,0.03062900101077499,0.0,16066.865919442696,0.5533333333333333,Neutral
886,493.0,0.8441572189331055,False,0.030954256890376536,493.0,0.030954256890376536,0.0,16068.990060822933,0.5533333333333333,Neutral
887,493.0,0.8422001004219055,False,0.03112616082341391,493.0,0.03112616082341391,0.0,16157.517543453892,0.5533333333333333,Neutral
888,493.0,0.8728983998298645,False,0.03118684683621164,493.0,0.03118684683621164,0.0,15821.70414808249,0.5533333333333333,Neutral
889,493.0,0.8676711916923523,False,0.031247194322574296,493.0,0.031247194322574296,0.0,15913.938112128619,0.5533333333333333,Neutral
890,493.0,0.8823962807655334,False,0.03124536793249214,493.0,0.03124536793249214,0.0,15973.32370738603,0.5533333333333333,Neutral
891,493.0,0.8345094323158264,False,0.03127147982676387,493.0,0.03127147982676387,0.0,16163.017079627767,0.5533333333333333,Neutral
892,493.0,0.8253260850906372,False,0.031239095228630862,493.0,0.031239095228630862,0.0,16956.868017315093,0.5533333333333333,Neutral
893,493.0,0.7668384909629822,False,0.031186376609539036,493.0,0.031186376609539036,0.0,7250.212397348233,0.5533333333333333,Neutral
894,493.0,0.8263159990310669,False,0.031082782820604265,493.0,0.031082782820604265,0.0,17678.50266936684,0.5533333333333333,Neutral
895,493.0,0.8320400714874268,False,0.030989188988150094,493.0,0.030989188988150094,0.0,18177.8503566564,0.5533333333333333,Neutral
896,493.0,0.8588196039199829,False,0.03110232387888389,493.0,0.03110232387888389,0.0,18763.798305707867,0.5533333333333333,Neutral
897,493.0,0.7903385162353516,False,0.03135230769016349,493.0,0.03135230769016349,0.0,18996.864721796555,0.5566666666666666,Neutral
898,493.0,0.8003554344177246,False,0.03178969778388015,493.0,0.03178969778388015,0.0,19212.570153217992,0.56,Neutral
899,493.0,0.7926060557365417,False,0.032283914993463385,493.0,0.032283914993463385,0.0,19772.606761090985,0.5633333333333334,Neutral
900,493.0,0.813532292842865,False,0.032506926513967346,493.0,0.032506926513967346,0.0,19324.66231983481,0.5666666666666667,Neutral
901,493.0,0.7844754457473755,False,0.0325220981133924,493.0,0.0325220981133924,0.0,20107.259257033813,0.5666666666666667,Neutral
902,493.0,0.8249281048774719,False,0.03242676176743554,493.0,0.03242676176743554,0.0,20024.753374140124,0.5666666666666667,Neutral
903,493.0,0.8283115029335022,False,0.03231993640504822,493.0,0.03231993640504822,0.0,20225.127536070264,0.5666666666666667,Neutral
904,493.0,0.7907366752624512,False,0.03218834529506133,493.0,0.03218834529506133,0.0,20588.986839906785,0.5666666666666667,Neutral
905,493.0,0.7857289910316467,False,0.032012353634462073,493.0,0.032012353634462073,0.0,20466.527045967905,0.57,Neutral
906,493.0,0.7965690493583679,False,0.03188040021890023,493.0,0.03188040021890023,0.0,20579.966712899095,0.5733333333333334,Neutral
907,493.0,0.7327635884284973,False,0.0317460900695752,493.0,0.0317460900695752,0.0,20329.47542501438,0.5733333333333334,Neutral
908,493.0,0.7916836738586426,False,0.031624329811621055,493.0,0.031624329811621055,0.0,14965.334630287925,0.5766666666666667,Neutral
909,493.0,0.7141441702842712,False,0.0315316575501887,493.0,0.0315316575501887,0.0,14752.21020213086,0.58,Neutral
910,493.0,0.7631598711013794,False,0.03141673898882888,493.0,0.03141673898882888,0.0,14402.453791518681,0.5833333333333334,Neutral
911,493.0,0.7648559212684631,False,0.031332154428986216,493.0,0.031332154428986216,0.0,14242.709218503025,0.5866666666666667,Neutral
912,493.0,0.7287184000015259,False,0.03132541997494996,493.0,0.03132541997494996,0.0,10418.04034945624,0.59,Neutral
913,493.0,0.7598451972007751,False,0.03141750967165539,493.0,0.03141750967165539,0.0,10221.893983692466,0.5933333333333334,Neutral
914,493.0,0.7463759183883667,False,0.031534431595644966,493.0,0.031534431595644966,0.0,6808.458168993691,0.5966666666666667,Neutral
915,493.0,0.7381537556648254,False,0.031611157668381774,493.0,0.031611157668381774,0.0,6525.11582726443,0.6,Neutral
916,493.0,0.6776344776153564,False,0.031567833144298965,493.0,0.031567833144298965,0.0,18334.743379167627,0.6033333333333334,Neutral
917,493.0,0.7037302255630493,False,0.031472058029573015,493.0,0.031472058029573015,0.0,17627.92895879211,0.6066666666666667,Neutral
918,493.0,0.67782062292099,False,0.03121512112086329,493.0,0.03121512112086329,0.0,16972.50685686766,0.61,Neutral
919,493.0,0.681259036064148,False,0.030853341247943623,493.0,0.030853341247943623,0.0,16384.365869743917,0.6133333333333333,Neutral
920,493.0,0.7035757303237915,False,0.030440096691272806,493.0,0.030440096691272806,0.0,15819.516359822152,0.6166666666666667,Neutral
921,493.0,0.6467148661613464,True,0.029776871191715005,493.0,0.029776871191715005,0.0,15362.514418033144,0.6166666666666667,Neutral
922,493.0,0.6349795460700989,True,0.029235310004819017,493.0,0.029235310004819017,0.0,14817.820722619355,0.6166666666666667,Neutral
923,493.0,0.5694015622138977,True,0.02874925348594653,493.0,0.02874925348594653,0.0,14333.452305671504,0.6166666666666667,Neutral
924,493.0,0.6489117741584778,True,0.02828646214939865,493.0,0.02828646214939865,0.0,14155.53787838913,0.6166666666666667,Neutral
925,493.0,0.5344539880752563,True,0.02792006506658901,493.0,0.02792006506658901,0.0,13957.828657989585,0.6166666666666667,Neutral
926,493.0,0.5564373731613159,True,0.027474934636222047,493.0,0.027474934636222047,0.0,13619.418152452452,0.6166666666666667,Neutral
927,493.0,0.5482258796691895,True,0.027176774561350404,493.0,0.027176774561350404,0.0,13343.836413982299,0.6166666666666667,Neutral
928,493.0,0.5638747811317444,True,0.026803900096622882,493.0,0.026803900096622882,0.0,13112.787544855091,0.6166666666666667,Neutral
929,493.0,0.548029363155365,True,0.026439620472632666,493.0,0.026439620472632666,0.0,12976.909631820232,0.6166666666666667,Neutral
930,493.0,0.5129930973052979,True,0.026115134378271745,493.0,0.026115134378271745,0.0,10776.033691897823,0.6166666666666667,Neutral
931,493.0,0.4879871904850006,True,0.02583542910686823,493.0,0.02583542910686823,0.0,10403.979390624165,0.6166666666666667,Neutral
932,493.0,0.49379661679267883,True,0.025719151600297207,493.0,0.025719151600297207,0.0,2852.648032149999,0.6166666666666667,Neutral
933,493.0,0.8833344708610271,False,0.02564484012418891,493.0,0.02564484012418891,0.0,2810.999792335703,0.62,Neutral
934,525.0,0.9382076403126185,False,0.020525948253719273,525.0,0.020525948253719273,0.0,0.0,0.6233333333333333,Neutral
935,534.0,0.3117295205593109,True,0.34908181809455674,534.0,0.34908181809455674,0.0,0.0,0.6233333333333333,Positive
936,522.0,0.7504078016188342,False,0.02211500433589759,522.0,0.02211500433589759,0.0,1009.6510386679658,0.6266666666666667,Positive
937,539.0,0.6915029287338257,False,0.09782582516649553,539.0,0.09782582516649553,0.0,698.6594061344799,0.63,Positive
938,539.0,0.7166153788566589,False,0.0996266835669567,539.0,0.0996266835669567,0.0,487.1576325930165,0.6333333333333333,Positive
939,539.0,0.7365199327468872,False,0.10156652070722469,539.0,0.10156652070722469,0.0,347.0615623005838,0.6366666666666667,Positive
940,539.0,0.8297427296638489,False,0.10547514613135758,539.0,0.10547514613135758,0.0,446.8426377023087,0.64,Positive
941,539.0,0.8618293404579163,False,0.11301449914104027,539.0,0.11301449914104027,0.0,0.0,0.6433333333333333,Positive
942,539.0,0.8611375689506531,False,0.11399098508945403,539.0,0.11399098508945403,0.0,0.0,0.6466666666666666,Positive
943,539.0,0.8933202028274536,False,0.10143693497378913,539.0,0.10143693497378913,0.0,0.0,0.65,Positive
944,521.0,0.8977268934249878,False,0.4633235270806453,521.0,0.4633235270806453,0.0,0.0,0.65,Positive
945,521.0,0.9153120517730713,False,0.3002371500486472,521.0,0.3002371500486472,0.0,0.0,0.65,Positive
946,521.0,0.9921654462814331,False,0.18854702077919303,521.0,0.18854702077919303,0.0,0.0,0.65,Positive
947,521.0,0.9418609142303467,False,0.10417837709426067,521.0,0.10417837709426067,0.0,0.0,0.65,Positive
948,521.0,0.9282888174057007,False,0.04281313581302087,521.0,0.04281313581302087,0.0,0.0,0.65,Positive
949,521.0,0.918220579624176,False,0.03940554392941767,521.0,0.03940554392941767,0.0,0.0,0.65,Positive
950,521.0,0.911918044090271,False,0.03693997844036642,521.0,0.03693997844036642,0.0,0.0,0.65,Positive
951,521.0,0.9000853300094604,False,0.035333488839029994,521.0,0.035333488839029994,0.0,0.0,0.65,Positive
952,521.0,0.8848670721054077,False,0.03425618616613749,521.0,0.03425618616613749,0.0,0.0,0.65,Positive
953,521.0,0.9035034775733948,False,0.033573572177003845,521.0,0.033573572177003845,0.0,0.0,0.6466666666666666,Positive
954,521.0,0.8397340178489685,False,0.03311853904913074,521.0,0.03311853904913074,0.0,0.0,0.6433333333333333,Positive
955,521.0,0.8272059559822083,False,0.032716266315619615,521.0,0.032716266315619615,0.0,0.0,0.64,Positive
956,521.0,0.8252442479133606,False,0.032280428187585745,521.0,0.032280428187585745,0.0,0.0,0.6366666666666667,Positive
957,521.0,0.7865543365478516,False,0.03192522865997528,521.0,0.03192522865997528,0.0,0.0,0.6366666666666667,Positive
958,521.0,0.762214720249176,False,0.03161104406798977,521.0,0.03161104406798977,0.0,0.0,0.6366666666666667,Positive
959,521.0,0.766804039478302,False,0.031260793621771664,521.0,0.031260793621771664,0.0,0.0,0.6366666666666667,Positive
960,521.0,0.7269780039787292,False,0.030846656394751284,521.0,0.030846656394751284,0.0,0.0,0.6366666666666667,Positive
961,521.0,0.7293819189071655,False,0.030367612324676038,521.0,0.030367612324676038,0.0,0.0,0.6366666666666667,Positive
962,521.0,0.692933201789856,False,0.029967534867899787,521.0,0.029967534867899787,0.0,0.0,0.6366666666666667,Positive
963,521.0,0.6627485156059265,False,0.029479568350402944,521.0,0.029479568350402944,0.0,0.0,0.6366666666666667,Positive
964,521.0,0.6174144744873047,True,0.029123178050196152,521.0,0.029123178050196152,0.0,0.0,0.6366666666666667,Neutral
965,521.0,0.6027320027351379,True,0.028869162567199756,521.0,0.028869162567199756,0.0,0.0,0.6366666666666667,Neutral
966,521.0,0.5960081219673157,True,0.02867577326752942,521.0,0.02867577326752942,0.0,0.0,0.6366666666666667,Neutral
967,522.0,0.6595117449760437,False,0.024070448948710733,522.0,0.024070448948710733,0.0,0.0,0.64,Neutral
968,522.0,0.7449461817741394,False,0.024336543893254545,522.0,0.024336543893254545,0.0,0.0,0.6433333333333333,Neutral
969,522.0,1.0,False,0.024690191803837955,522.0,0.024690191803837955,0.0,0.0,0.6466666666666666,Neutral
970,522.0,1.0,False,0.02503580664943369,522.0,0.02503580664943369,0.0,0.0,0.65,Neutral
971,522.0,1.0,False,0.025457673972639414,522.0,0.025457673972639414,0.0,0.0,0.6533333333333333,Neutral
972,522.0,0.9414747984048449,False,0.025766845073670695,522.0,0.025766845073670695,0.0,0.0,0.6566666666666666,Neutral
973,522.0,1.0,False,0.025932025286246652,522.0,0.025932025286246652,0.0,0.0,0.66,Neutral
974,522.0,1.0,False,0.025973745418044442,522.0,0.025973745418044442,0.0,0.0,0.6633333333333333,Neutral
975,522.0,1.0,False,0.02584095894283655,522.0,0.02584095894283655,0.0,0.0,0.6666666666666666,Neutral
976,522.0,0.8211045861244202,False,0.025611179891120165,522.0,0.025611179891120165,0.0,0.0,0.67,Neutral
977,522.0,0.8044494986534119,False,0.025434488865569312,522.0,0.025434488865569312,0.0,0.0,0.6733333333333333,Neutral
978,522.0,0.7218849658966064,False,0.025784496382738064,522.0,0.025784496382738064,0.0,0.0,0.6766666666666666,Neutral
979,522.0,0.6960932016372681,False,0.02615296063808847,522.0,0.02615296063808847,0.0,0.0,0.68,Neutral
980,522.0,0.6374608874320984,True,0.026455774613018238,522.0,0.026455774613018238,0.0,0.0,0.68,Neutral
981,522.0,0.6226277947425842,True,0.026818828232693628,522.0,0.026818828232693628,0.0,0.0,0.68,Neutral
982,522.0,0.5467889904975891,True,0.02726091965108049,522.0,0.02726091965108049,0.0,0.0,0.68,Neutral
983,522.0,0.5546038746833801,True,0.02766909078455103,522.0,0.02766909078455103,0.0,0.0,0.68,Neutral
984,570.0,0.5657182931900024,True,0.03635610286708707,570.0,0.03635610286708707,0.0,0.0,0.68,Neutral
985,570.0,0.5783706307411194,True,0.03603792281604937,570.0,0.03603792281604937,0.0,0.0,0.68,Neutral
986,570.0,0.5823646783828735,True,0.03619317865923609,570.0,0.03619317865923609,0.0,0.0,0.68,Neutral
987,570.0,0.5977639555931091,True,0.036107983575909774,570.0,0.036107983575909774,0.0,0.0,0.68,Neutral
988,570.0,0.6339279413223267,True,0.03576080063840585,570.0,0.03576080063840585,0.0,0.0,0.68,Neutral
989,570.0,0.682094931602478,False,0.03543102408388462,570.0,0.03543102408388462,0.0,0.0,0.6833333333333333,Neutral
990,570.0,0.7079038619995117,False,0.0351325640354806,570.0,0.0351325640354806,0.0,0.0,0.6866666666666666,Neutral
991,570.0,0.7132644057273865,False,0.03475119848523111,570.0,0.03475119848523111,0.0,0.0,0.69,Neutral
992,570.0,0.7095464468002319,False,0.03416299873066518,570.0,0.03416299873066518,0.0,0.0,0.6933333333333334,Neutral
993,570.0,0.6712445020675659,False,0.033007259027532154,570.0,0.033007259027532154,0.0,0.0,0.6966666666666667,Neutral
994,570.0,0.7369664907455444,False,0.03267622262897938,570.0,0.03267622262897938,0.0,0.0,0.7,Neutral
995,570.0,0.7376019358634949,False,0.03233553032140532,570.0,0.03233553032140532,0.0,0.0,0.7033333333333334,Neutral
996,522.0,0.9977216124534607,False,0.026661471974100025,522.0,0.026661471974100025,0.0,0.0,0.7066666666666667,Neutral
997,570.0,0.76932692527771,False,0.03336079566584932,570.0,0.03336079566584932,0.0,0.0,0.71,Neutral
998,570.0,0.803849995136261,False,0.033190152708291634,570.0,0.033190152708291634,0.0,0.0,0.7133333333333334,Neutral
999,570.0,0.7761219143867493,False,0.03413336596277806,570.0,0.03413336596277806,0.0,0.0,0.7166666666666667,Neutral
1000,570.0,0.7582423686981201,False,0.03460602830265617,570.0,0.03460602830265617,0.0,0.0,0.72,Neutral
1001,570.0,0.7586686611175537,False,0.03502417709378146,570.0,0.03502417709378146,0.0,0.0,0.7233333333333334,Neutral
1002,570.0,0.7462329268455505,False,0.03465903447008384,570.0,0.03465903447008384,0.0,0.0,0.7266666666666667,Neutral
1003,570.0,0.8131862282752991,False,0.033932093037090265,570.0,0.033932093037090265,0.0,0.0,0.73,Neutral
1004,570.0,0.872128427028656,False,0.032709309120608605,570.0,0.032709309120608605,0.0,0.0,0.7333333333333333,Neutral
1005,570.0,0.9203495383262634,False,0.03206009186926738,570.0,0.03206009186926738,0.0,0.0,0.7366666666666667,Neutral
1006,570.0,0.9465073943138123,False,0.03104092651056586,570.0,0.03104092651056586,0.0,0.0,0.74,Neutral
1007,570.0,0.9576455354690552,False,0.030409458995338118,570.0,0.030409458995338118,0.0,41.225330727610206,0.7433333333333333,Neutral
1008,570.0,0.9847623109817505,False,0.03008077227084226,570.0,0.03008077227084226,0.0,0.0,0.7466666666666667,Neutral
1009,570.0,0.9843816161155701,False,0.029674764515958994,570.0,0.029674764515958994,0.0,0.0,0.75,Neutral
1010,570.0,0.9577916860580444,False,0.029398458381134657,570.0,0.029398458381134657,0.0,0.0,0.7533333333333333,Neutral
1011,570.0,0.9461909532546997,False,0.030326546284087093,570.0,0.030326546284087093,0.0,0.0,0.7566666666666667,Neutral
1012,570.0,0.9646746516227722,False,0.03042142843985742,570.0,0.03042142843985742,0.0,0.0,0.76,Neutral
1013,570.0,0.9617801308631897,False,0.03080409284229414,570.0,0.03080409284229414,0.0,0.0,0.7633333333333333,Neutral
1014,570.0,0.7642300128936768,False,0.03109864060475983,570.0,0.03109864060475983,0.0,0.0,0.7666666666666667,Neutral
1015,570.0,0.9652020931243896,False,0.031103571323714642,570.0,0.031103571323714642,0.0,0.0,0.77,Neutral
1016,570.0,0.9825358390808105,False,0.030980257135519888,570.0,0.030980257135519888,0.0,0.0,0.7733333333333333,Neutral
1017,570.0,0.9842779040336609,False,0.030777052315267395,570.0,0.030777052315267395,0.0,0.0,0.7766666666666666,Neutral
1018,570.0,0.9883365035057068,False,0.03058185099866494,570.0,0.03058185099866494,0.0,0.0,0.78,Neutral
1019,570.0,0.9882256984710693,False,0.030375044373686762,570.0,0.030375044373686762,0.0,0.0,0.7833333333333333,Neutral
1020,570.0,0.9845421314239502,False,0.03023189728023875,570.0,0.03023189728023875,0.0,0.0,0.7866666666666666,Neutral
1021,570.0,0.9805145859718323,False,0.030175236142966643,570.0,0.030175236142966643,0.0,0.0,0.79,Neutral
1022,570.0,0.9769432544708252,False,0.029834630926302164,570.0,0.029834630926302164,0.0,0.0,0.7933333333333333,Neutral
1023,570.0,0.9767178893089294,False,0.02946783964012967,570.0,0.02946783964012967,0.0,0.0,0.7966666666666666,Neutral
1024,570.0,0.9896693825721741,False,0.029012098394256922,570.0,0.029012098394256922,0.0,0.0,0.8,Neutral
1025,570.0,0.9825871586799622,False,0.028496317207244916,570.0,0.028496317207244916,0.0,0.0,0.8033333333333333,Neutral
1026,570.0,0.9871238470077515,False,0.0279954293133822,570.0,0.0279954293133822,0.0,0.0,0.8066666666666666,Neutral
1027,570.0,0.9760926961898804,False,0.027538433082381138,570.0,0.027538433082381138,0.0,0.0,0.81,Neutral
1028,570.0,1.0,False,0.02707272330858078,570.0,0.02707272330858078,0.0,0.0,0.8133333333333334,Neutral
1029,570.0,1.0,False,0.026706906393982592,570.0,0.026706906393982592,0.0,0.0,0.8166666666666667,Neutral
1030,570.0,0.7253568768501282,False,0.026391893045924427,570.0,0.026391893045924427,0.0,0.0,0.82,Neutral
1031,570.0,1.0,False,0.02598174193131421,570.0,0.02598174193131421,0.0,0.0,0.82,Neutral
1032,570.0,0.6693816781044006,False,0.025625075785351597,570.0,0.025625075785351597,0.0,0.0,0.8233333333333334,Neutral
1033,570.0,1.0,False,0.02519009068947456,570.0,0.02519009068947456,0.0,0.0,0.8233333333333334,Neutral
1034,570.0,0.5950644612312317,True,0.024805190491495,570.0,0.024805190491495,0.0,943.498000657992,0.8233333333333334,Neutral
1035,570.0,0.5501623153686523,True,0.024516717928461978,570.0,0.024516717928461978,0.0,1238.622056123478,0.8233333333333334,Neutral
1036,570.0,0.5116634368896484,True,0.024365284456920714,570.0,0.024365284456920714,0.0,1151.134979885204,0.8233333333333334,Neutral
1037,606.0,0.49011144042015076,True,0.015652940241381894,606.0,0.015652940241381894,0.0,1091.6051185731621,0.8233333333333334,Neutral
1038,606.0,0.5417962670326233,True,0.01848614972419123,606.0,0.01848614972419123,0.0,1019.6578690911911,0.8233333333333334,Neutral
1039,606.0,0.5557630658149719,True,0.02099494293363594,606.0,0.02099494293363594,0.0,962.9753018451328,0.8233333333333334,Neutral
1040,606.0,0.6259337067604065,True,0.022847757956472613,606.0,0.022847757956472613,0.0,905.3974888482758,0.8233333333333334,Neutral
1041,570.0,0.8610670917072749,False,0.02406287269154425,570.0,0.02406287269154425,0.0,866.5395406070949,0.8233333333333334,Neutral
1042,606.0,0.634143590927124,True,0.025361706799479383,586.0,0.05210687161274912,0.0,843.104390074351,0.8233333333333334,Neutral
1043,606.0,0.5933821797370911,True,0.025968984742589036,586.0,0.0382907799235359,0.0,816.0793218327482,0.8233333333333334,Neutral
1044,606.0,0.5895573496818542,True,0.02637095015943029,606.0,0.02637095015943029,0.0,1034.8704868764999,0.8233333333333334,Neutral
1045,606.0,0.5835311412811279,True,0.0265939564700629,606.0,0.0265939564700629,0.0,993.0158204845147,0.8233333333333334,Neutral
1046,606.0,0.5775399804115295,True,0.0268017097663352,606.0,0.0268017097663352,0.0,953.4654096452571,0.8233333333333334,Neutral
1047,606.0,0.5801739692687988,True,0.027045995267709157,606.0,0.027045995267709157,0.0,920.3682458036149,0.8233333333333334,Neutral
1048,606.0,0.5771660208702087,True,0.027172184414130513,606.0,0.027172184414130513,0.0,886.6323594505711,0.8233333333333334,Neutral
1049,570.0,0.5271494388580322,True,0.024174141284260712,570.0,0.024174141284260712,0.0,823.9873871136908,0.8233333333333334,Neutral
1050,634.0,0.41692256927490234,True,0.027438236074098656,606.0,0.029477811497493785,0.0,949.2706982648382,0.8233333333333334,Neutral
1051,634.0,0.5763221383094788,True,0.027643380395027714,634.0,0.027643380395027714,0.0,413.12808924618867,0.8233333333333334,Neutral
1052,634.0,0.5622680187225342,True,0.02749380734589732,634.0,0.02749380734589732,0.0,400.349475539476,0.8233333333333334,Neutral
1053,634.0,0.560165524482727,True,0.027410473804697497,634.0,0.027410473804697497,0.0,393.5310115267177,0.8233333333333334,Neutral
1054,570.0,0.5682119131088257,True,0.024278384163489087,570.0,0.024278384163489087,0.0,367.31664193160884,0.8233333333333334,Neutral
1055,570.0,0.7924730249979964,False,0.02438330897850961,570.0,0.02438330897850961,0.0,307.9711108756245,0.8233333333333334,Neutral
1056,641.0,0.9483491006189557,False,0.025036715898218504,641.0,0.025036715898218504,0.0,0.0,0.8233333333333334,Neutral
1057,641.0,0.7084478388674417,False,0.025394099105586494,641.0,0.025394099105586494,0.0,310.5613891585635,0.8233333333333334,Neutral
1058,645.0,0.9241893162274858,False,0.018706427287559495,645.0,0.018706427287559495,0.0,567.2680576782068,0.8233333333333334,Neutral
1059,634.0,0.564006507396698,True,0.028377586010222246,634.0,0.028377586010222246,0.0,760.7588773695971,0.8233333333333334,Neutral
1060,634.0,0.5653849244117737,True,0.028571492712585744,634.0,0.028571492712585744,0.0,901.164524834421,0.8233333333333334,Neutral
1061,634.0,0.5761660933494568,True,0.02871739952469448,634.0,0.02871739952469448,0.0,1007.2256708318041,0.8233333333333334,Neutral
1062,634.0,0.5773240327835083,True,0.030526466106781797,634.0,0.030526466106781797,0.0,1056.6331360529266,0.8233333333333334,Neutral
1063,634.0,0.5522634387016296,True,0.03025341699271363,634.0,0.03025341699271363,0.0,1124.102123609027,0.8233333333333334,Neutral
1064,634.0,0.5375529527664185,True,0.030188602993140967,634.0,0.030188602993140967,0.0,1178.776903350821,0.8233333333333334,Neutral
1065,634.0,0.5228917598724365,True,0.03010985248437751,634.0,0.03010985248437751,0.0,1216.799810891278,0.8233333333333334,Neutral
1066,634.0,0.5023613572120667,True,0.030188595416883925,634.0,0.030188595416883925,0.0,1251.232157031847,0.8233333333333334,Neutral
1067,634.0,0.5329940915107727,True,0.03102538880291973,634.0,0.03102538880291973,0.0,1255.5427737440784,0.8233333333333334,Neutral
1068,634.0,0.4253014326095581,True,0.03162875678445771,634.0,0.03162875678445771,0.0,1760.4446056981824,0.8233333333333334,Neutral
1069,634.0,0.431308776140213,True,0.03175991713491585,634.0,0.03175991713491585,0.0,1782.3097929154928,0.8233333333333334,Neutral
1070,634.0,0.46502771973609924,True,0.031934352469058895,634.0,0.031934352469058895,0.0,1061.063814185384,0.8233333333333334,Neutral
1071,634.0,0.47981584072113037,True,0.031957749325660985,634.0,0.031957749325660985,0.0,1024.943524236108,0.8233333333333334,Neutral
1072,634.0,0.4021112620830536,True,0.03204455071530389,634.0,0.03204455071530389,0.0,1781.3044229282316,0.8233333333333334,Neutral
1073,645.0,0.3416242003440857,True,0.021537018239046586,645.0,0.021537018239046586,0.0,1780.2429656324189,0.8233333333333334,Neutral
1074,645.0,0.3878799378871918,True,0.021961171519344812,645.0,0.021961171519344812,0.0,982.3633153239889,0.8233333333333334,Neutral
1075,645.0,0.3771519958972931,True,0.022405510131274866,645.0,0.022405510131274866,0.0,934.4990456659829,0.8233333333333334,Neutral
1076,645.0,0.3372618556022644,True,0.022858829263614284,645.0,0.022858829263614284,0.0,909.0738487902796,0.8233333333333334,Neutral
1077,645.0,0.43437305092811584,True,0.023369551783999406,645.0,0.023369551783999406,0.0,867.2647941103905,0.8233333333333334,Neutral
1078,645.0,0.5313695073127747,True,0.023904186642689916,645.0,0.023904186642689916,0.0,896.937746021116,0.8233333333333334,Neutral
1079,645.0,0.5152300596237183,True,0.024464214032290727,645.0,0.024464214032290727,0.0,61.43048747886692,0.8233333333333334,Neutral
1080,645.0,0.5669989585876465,True,0.025070114912694466,645.0,0.025070114912694466,0.0,56.07617541656525,0.8233333333333334,Neutral
1081,645.0,0.5988901853561401,True,0.025736176026669024,645.0,0.025736176026669024,0.0,55.75089604655406,0.8233333333333334,Neutral
1082,645.0,0.5953934192657471,True,0.026405447828757714,645.0,0.026405447828757714,0.0,789.2227340103858,0.8233333333333334,Neutral
1083,645.0,0.6256390810012817,True,0.02710482882669927,645.0,0.02710482882669927,0.0,800.4273641240993,0.8233333333333334,Neutral
1084,645.0,0.6424944400787354,True,0.027906164591221704,645.0,0.027906164591221704,0.0,804.2139467877557,0.8233333333333334,Neutral
1085,645.0,0.6581749320030212,False,0.02862855050562995,645.0,0.02862855050562995,0.0,803.4168786054412,0.8233333333333334,Neutral
1086,645.0,0.6801501512527466,False,0.02944197220157972,645.0,0.02944197220157972,0.0,787.0702267685297,0.8233333333333334,Neutral
1087,645.0,0.6854135990142822,False,0.030311592204292193,645.0,0.030311592204292193,0.0,783.7787377974373,0.8233333333333334,Neutral
1088,645.0,0.8053033947944641,False,0.031240979593132236,645.0,0.031240979593132236,0.0,730.6409157373846,0.8233333333333334,Neutral
1089,645.0,0.6845448017120361,False,0.03217425823091184,645.0,0.03217425823091184,0.0,723.9663164552729,0.8233333333333334,Neutral
1090,645.0,0.6578240394592285,False,0.033198934563718786,645.0,0.033198934563718786,0.0,700.1277650083233,0.8233333333333334,Neutral
1091,645.0,0.6596058011054993,False,0.03423576533672268,645.0,0.03423576533672268,0.0,683.5771401649732,0.8233333333333334,Neutral
1092,645.0,0.6410864591598511,True,0.03562444714887868,634.0,0.04810884087857835,0.11072087487017142,175.26879012196818,0.8233333333333334,Neutral
1093,645.0,0.6227035522460938,True,0.036747895720083384,634.0,0.07888151646579629,0.11781445436240046,220.66284469030666,0.8233333333333334,Neutral
1094,645.0,0.6287320852279663,True,0.03800786801859548,634.0,0.10628814948570847,0.12597699055751463,262.83609931602786,0.8233333333333334,Neutral
1095,645.0,0.7045014500617981,False,0.03932838148715953,634.0,0.12580774011170728,0.0,294.4156982631192,0.8233333333333334,Neutral
1096,645.0,0.605826199054718,True,0.040882391677995025,645.0,0.040882391677995025,0.0,6.4897227815696406,0.8233333333333334,Neutral
1097,645.0,0.4306543171405792,True,0.042663833733402004,645.0,0.042663833733402004,0.0,59.101833063173714,0.8233333333333334,Neutral
1098,645.0,0.543492317199707,True,0.04446581338029369,645.0,0.04446581338029369,0.0,39.67902135964317,0.8233333333333334,Neutral
1099,645.0,0.5249903798103333,True,0.046264474760525254,645.0,0.046264474760525254,0.0,59.97758780832359,0.8233333333333334,Neutral
1100,645.0,0.5034592747688293,True,0.048252578276959786,645.0,0.048252578276959786,0.0,76.15012125995378,0.8233333333333334,Neutral
1101,645.0,0.47948795557022095,True,0.05023514777366474,645.0,0.05023514777366474,0.0,89.36130960445044,0.8233333333333334,Neutral
1102,645.0,0.45563244819641113,True,0.0520018014806202,648.0,0.055471761995626305,0.09159169635407949,122.06295452385353,0.8233333333333334,Neutral
1103,662.0,0.46925169229507446,True,0.03931972645936736,648.0,0.06994659107627565,0.07774254342820655,164.2244293280146,0.8233333333333334,Neutral
1104,662.0,0.5067349076271057,True,0.039263939845460734,645.0,0.07672244731496426,0.05677029406611803,209.4557647773069,0.8233333333333334,Neutral
1105,662.0,0.7761422991752625,False,0.03913580935831782,648.0,0.07293515629988331,0.08821168042160861,0.0,0.8233333333333334,Neutral
1106,662.0,0.745539665222168,False,0.03918155749192317,648.0,0.07132504295463359,0.08992834645559707,0.0,0.8233333333333334,Neutral
1107,662.0,0.7398061156272888,False,0.039151853447178725,648.0,0.06806334964732136,0.1834643786054338,0.0,0.8233333333333334,Neutral
1108,641.0,0.7425445914268494,False,0.03966787461465728,648.0,0.08019622956262641,0.07951202482364941,0.0,0.8233333333333334,Neutral
1109,641.0,0.7350693941116333,False,0.0397289919620952,648.0,0.07546998834324732,0.08439694777883491,0.0,0.8233333333333334,Neutral
1110,641.0,0.7052619457244873,False,0.03974420654566912,648.0,0.06792314570809914,0.08652441554310522,0.0,0.8233333333333334,Neutral
1111,641.0,0.6747071146965027,False,0.03965172024259537,648.0,0.06558137920428114,0.08652288378545073,0.0,0.8266666666666667,Neutral
1112,641.0,0.671410322189331,False,0.039447684622559265,648.0,0.06108446541619342,0.0869991798554414,572.3369652210092,0.83,Neutral
1113,641.0,0.6664772629737854,False,0.03914629540682843,648.0,0.05567100741158772,0.08818194999081269,583.1170965560758,0.83,Neutral
1114,641.0,0.6766337156295776,False,0.038701234541524424,648.0,0.05196997543481077,0.0896248489130409,590.4967341359094,0.83,Neutral
1115,641.0,0.609476625919342,True,0.038244961440652814,673.0,0.2881496104679605,0.26701867578574773,892.6566220175919,0.83,Neutral
1116,641.0,0.6337769031524658,True,0.03780942475061902,648.0,0.047434536638697636,0.1834881565540826,599.8443781267727,0.83,Neutral
1117,641.0,0.646213948726654,True,0.03738525402586825,648.0,0.0451510656323213,0.18543572445587372,604.8070083325008,0.83,Neutral
1118,641.0,0.6508508324623108,False,0.036972081905000766,648.0,0.04339661974459576,0.19083693398610482,619.2720413540804,0.8333333333333334,Neutral
1119,641.0,0.6443091034889221,True,0.0366574575925663,648.0,0.04203612672826542,0.1931277087430826,624.5065420540359,0.8333333333333334,Neutral
1120,641.0,0.6606932878494263,False,0.03633964746999643,648.0,0.04302918726850738,0.19797179751281632,621.0610134805573,0.8366666666666667,Neutral
1121,641.0,0.659339189529419,False,0.03612870304612299,648.0,0.04558740110943011,0.20076277116129304,608.3560241086541,0.84,Neutral
1122,641.0,0.6705293655395508,False,0.035891208478221755,648.0,0.05193820112280774,0.20750747779440915,581.7336407950129,0.8433333333333334,Neutral
1123,641.0,0.6559909582138062,False,0.03583884517068341,648.0,0.05687010324798942,0.21205432046621714,558.3762052494541,0.8466666666666667,Neutral
1124,641.0,0.6650955080986023,False,0.03583189970554563,648.0,0.056130403304582036,0.21512357765695628,569.1289389424853,0.85,Neutral
1125,641.0,0.6198387145996094,True,0.03584759583939261,648.0,0.05395304017312357,0.3211260669056038,580.2072643123265,0.85,Neutral
1126,641.0,0.6919573545455933,False,0.03541965429817551,648.0,0.04694928352304674,0.3384203077745188,0.0,0.8533333333333334,Neutral
1127,641.0,0.6279309988021851,True,0.03544158166538555,648.0,0.043314467273863615,0.33493690855174424,0.0,0.8533333333333334,Neutral
1128,641.0,0.6741443276405334,False,0.03531167244880862,648.0,0.03971073119971502,0.3412100509739548,0.0,0.8566666666666667,Neutral
1129,641.0,0.7412227392196655,False,0.035217461546054506,648.0,0.036928203418617064,0.34461808112860115,0.0,0.86,Neutral
1130,641.0,0.7065195441246033,False,0.03524918817523425,648.0,0.03558907453701808,0.2283715004330177,160.51673353727278,0.8633333333333333,Neutral
1131,641.0,0.666553795337677,False,0.03520014132111323,641.0,0.03520014132111323,0.0,161.56673716470826,0.8666666666666667,Neutral
1132,641.0,0.7047309279441833,False,0.034932810702511426,641.0,0.034932810702511426,0.0,170.67390872083593,0.87,Neutral
1133,641.0,0.5979838967323303,True,0.03497421934359274,641.0,0.03497421934359274,0.0,171.45799003437543,0.87,Neutral
1134,641.0,0.6620103716850281,False,0.03490454163316785,641.0,0.03490454163316785,0.0,0.0,0.8733333333333333,Neutral
1135,641.0,0.6409937739372253,True,0.03498003397091114,641.0,0.03498003397091114,0.0,3044.442079239404,0.8733333333333333,Neutral
1136,641.0,0.6407172679901123,True,0.03510257022125242,641.0,0.03510257022125242,0.0,3066.0883038557545,0.8733333333333333,Neutral
1137,641.0,0.6067513227462769,True,0.03517504283599107,648.0,0.035944071742775315,0.12008061001231668,6429.730711122625,0.8733333333333333,Neutral
1138,641.0,0.6019554734230042,True,0.03515099141092856,648.0,0.03819654528026196,0.11959987022878188,3204.7302496005304,0.8733333333333333,Neutral
1139,641.0,0.5929291844367981,True,0.0349207924021414,648.0,0.039911137711831766,0.11817991083611819,3290.39519467939,0.8733333333333333,Neutral
1140,641.0,0.5622589588165283,True,0.034962589785413674,648.0,0.04078992887022653,0.11624196446656138,3297.0765959353425,0.8733333333333333,Neutral
1141,641.0,0.5021658539772034,True,0.0351796296271008,648.0,0.0399460584006506,0.22495740669587302,3204.190647058659,0.8733333333333333,Neutral
1142,641.0,0.48332130908966064,True,0.035338839228593474,648.0,0.03902346384291122,0.11040729684755918,3181.3428858587113,0.8733333333333333,Neutral
1143,641.0,0.47169703245162964,True,0.03535053760325598,648.0,0.03791528248946763,0.10953838475207307,3210.824957767467,0.8733333333333333,Neutral
1144,641.0,0.4792255759239197,True,0.03523836762180946,648.0,0.037364585281795044,0.109551588467468,3298.8319136212112,0.8733333333333333,Neutral
1145,641.0,0.5235358476638794,True,0.03517257972606681,648.0,0.037362822807088504,0.11039405452834028,3424.004521753896,0.8733333333333333,Neutral
1146,641.0,0.5738587975502014,True,0.035088412668644084,648.0,0.037305764958319255,0.11058676632364409,3553.783826775145,0.8733333333333333,Neutral
1147,641.0,0.6151905655860901,True,0.034938712348478354,648.0,0.037359150620704246,0.11169061501317751,0.0,0.8733333333333333,Neutral
1148,641.0,0.6347933411598206,True,0.034688377038424874,648.0,0.03752118936393109,0.1123484303103949,3813.4759348042653,0.8733333333333333,Neutral
1149,641.0,0.6537704467773438,False,0.03453560315777739,648.0,0.03758686917926831,0.1134727138460907,0.0,0.8766666666666667,Neutral
1150,641.0,0.6679092049598694,False,0.03434359690539137,641.0,0.03434359690539137,0.0,0.0,0.88,Neutral
1151,641.0,0.6339077949523926,True,0.034017000409446045,641.0,0.034017000409446045,0.0,0.0,0.88,Neutral
1152,641.0,0.4858033359050751,True,0.03369159076169469,648.0,0.03532407600164141,0.0,0.0,0.88,Neutral
1153,641.0,0.7395426034927368,False,0.03395209624115245,641.0,0.03395209624115245,0.0,0.0,0.8833333333333333,Neutral
1154,689.0,0.3581026792526245,True,0.03940584647123723,689.0,0.03940584647123723,0.0,0.0,0.8833333333333333,Neutral
1155,641.0,0.6847546696662903,False,0.034326076128665506,641.0,0.034326076128665506,0.0,0.0,0.8866666666666667,Neutral
1156,641.0,0.706265389919281,False,0.03436800988510433,641.0,0.03436800988510433,0.0,0.0,0.89,Neutral
1157,641.0,0.7430556416511536,False,0.03424251952629897,641.0,0.03424251952629897,0.0,0.0,0.8933333333333333,Neutral
1158,641.0,0.7893490195274353,False,0.03385591451110988,641.0,0.03385591451110988,0.0,0.0,0.8933333333333333,Neutral
1159,641.0,0.8043956160545349,False,0.03332664797551933,641.0,0.03332664797551933,0.0,0.0,0.8933333333333333,Neutral
1160,641.0,0.8264370560646057,False,0.03270434621442739,641.0,0.03270434621442739,0.0,0.0,0.8933333333333333,Neutral
1161,641.0,0.8352266550064087,False,0.032034160850750074,641.0,0.032034160850750074,0.0,0.0,0.8933333333333333,Neutral
1162,641.0,0.8492191433906555,False,0.03136678590542465,641.0,0.03136678590542465,0.0,0.0,0.8933333333333333,Neutral
1163,641.0,0.8652008771896362,False,0.03051430828022311,641.0,0.03051430828022311,0.0,0.0,0.8933333333333333,Neutral
1164,641.0,0.8684108257293701,False,0.029671935180590508,641.0,0.029671935180590508,0.0,0.0,0.8933333333333333,Neutral
1165,641.0,0.868263840675354,False,0.0290948020421918,641.0,0.0290948020421918,0.0,0.0,0.8933333333333333,Neutral
1166,641.0,0.8681393265724182,False,0.028615186813865857,641.0,0.028615186813865857,0.0,0.0,0.8933333333333333,Neutral
1167,641.0,0.8633983135223389,False,0.028178317515294492,641.0,0.028178317515294492,0.0,0.0,0.8933333333333333,Neutral
1168,641.0,0.8617650270462036,False,0.027819650103158424,641.0,0.027819650103158424,0.0,0.0,0.8933333333333333,Neutral
1169,641.0,0.8660971522331238,False,0.027476909734100944,641.0,0.027476909734100944,0.0,0.0,0.8933333333333333,Neutral
1170,641.0,0.8568286895751953,False,0.02719931774826126,641.0,0.02719931774826126,0.0,0.0,0.8933333333333333,Neutral
1171,641.0,0.8494067788124084,False,0.026933955229724287,641.0,0.026933955229724287,0.0,0.0,0.8933333333333333,Neutral
1172,641.0,0.8406170010566711,False,0.026696314357875575,641.0,0.026696314357875575,0.0,0.0,0.8966666666666666,Neutral
1173,641.0,0.8375957012176514,False,0.02653525611601445,641.0,0.02653525611601445,0.0,0.0,0.8966666666666666,Neutral
1174,641.0,0.8098247051239014,False,0.026455281315523695,641.0,0.026455281315523695,0.0,0.0,0.8966666666666666,Neutral
1175,641.0,0.7546281218528748,False,0.02661752987465676,641.0,0.02661752987465676,0.0,0.0,0.8966666666666666,Neutral
1176,641.0,0.8492445945739746,False,0.026069864871335044,641.0,0.026069864871335044,0.0,0.0,0.8966666666666666,Neutral
1177,641.0,0.8187950253486633,False,0.02563443949313618,641.0,0.02563443949313618,0.0,0.0,0.8966666666666666,Neutral
1178,648.0,0.8288005590438843,False,0.024382219728788523,648.0,0.024382219728788523,0.0,0.0,0.8966666666666666,Neutral
1179,648.0,0.8746737991616668,False,0.02442467455948748,648.0,0.02442467455948748,0.0,0.0,0.8966666666666666,Neutral
1180,648.0,0.8654135301443472,False,0.024591284411946607,648.0,0.024591284411946607,0.0,0.0,0.8966666666666666,Neutral
1181,648.0,0.8640396773395149,False,0.024927591076119634,648.0,0.024927591076119634,0.0,0.0,0.8966666666666666,Neutral
1182,648.0,0.8596161498027014,False,0.02492581269105646,648.0,0.02492581269105646,0.0,0.0,0.8966666666666666,Neutral
1183,648.0,0.8294020111303764,False,0.02387926118212775,648.0,0.02387926118212775,0.0,0.0,0.8966666666666666,Neutral
1184,648.0,0.9999334783926775,False,0.02319942912314906,648.0,0.02319942912314906,0.0,0.0,0.8966666666666666,Neutral
1185,695.0,1.0,False,0.014514462574001633,695.0,0.014514462574001633,0.0,0.0,0.8933333333333333,Neutral
1186,695.0,1.0,False,0.014753939058485684,695.0,0.014753939058485684,0.0,0.0,0.8933333333333333,Neutral
1187,695.0,1.0,False,0.015013151592584567,695.0,0.015013151592584567,0.0,0.0,0.8933333333333333,Neutral
1188,695.0,1.0,False,0.015292368046145527,695.0,0.015292368046145527,0.0,0.0,0.8933333333333333,Neutral
1189,,,False,,,,,,,Neutral
1190,,,False,,,,,,,Neutral
1191,,,False,,,,,,,Neutral
1192,,,False,,,,,,,Neutral
1193,,,False,,,,,,,Neutral
1194,700.0,1.0,False,0.05578351838100489,700.0,0.05578351838100489,0.0,0.0,0.8966666666666666,Neutral
1195,700.0,1.0,False,0.055645166763591214,700.0,0.055645166763591214,0.0,0.0,0.9,Neutral
1196,702.0,0.8463885414905523,False,0.03159331738677179,702.0,0.03159331738677179,0.0,0.0,0.9033333333333333,Neutral
1197,704.0,0.4792531392361429,True,0.02151264545204425,704.0,0.02151264545204425,0.0,960.374081551845,0.9033333333333333,Neutral
1198,704.0,0.40746020571715946,True,0.02151129024488312,704.0,0.02151129024488312,0.0,1208.978618424506,0.9033333333333333,Neutral
1199,704.0,0.4075333998600908,True,0.02151060494307879,704.0,0.02151060494307879,0.0,1219.8125260919082,0.9033333333333333,Neutral
1200,704.0,0.40803007592021456,True,0.02151198040274508,704.0,0.02151198040274508,0.0,1249.576023393804,0.9033333333333333,Neutral
1201,704.0,0.40851534635556236,True,0.02151279464717406,704.0,0.02151279464717406,0.0,1266.9120896574557,0.9033333333333333,Neutral
1202,704.0,0.4093476084568421,True,0.021509257999724075,704.0,0.021509257999724075,0.0,1282.2174247266623,0.9033333333333333,Neutral
1203,704.0,0.4103153520536443,True,0.02150479158902628,704.0,0.02150479158902628,0.0,1261.6745635664972,0.9033333333333333,Neutral
1204,704.0,0.3364575474089305,True,0.021503214941597022,704.0,0.021503214941597022,0.0,1225.8649686009649,0.9033333333333333,Neutral
1205,704.0,0.3887169424696178,True,0.0215018059474021,704.0,0.0215018059474021,0.0,957.8749469008974,0.9033333333333333,Neutral
1206,704.0,0.3916754488995103,True,0.021500594409890352,704.0,0.021500594409890352,0.0,987.5032642131822,0.9033333333333333,Neutral
1207,704.0,0.3942852640075279,True,0.021498540026013986,704.0,0.021498540026013986,0.0,1011.6012462831602,0.9033333333333333,Neutral
1208,704.0,0.39699020670626906,True,0.021499285968967226,704.0,0.021499285968967226,0.0,1059.4461772351704,0.9033333333333333,Neutral
1209,704.0,0.3975766870292591,True,0.021499286800919875,704.0,0.021499286800919875,0.0,1064.7989731930759,0.9033333333333333,Neutral
1210,704.0,0.3988577698135329,True,0.02149879667663865,704.0,0.02149879667663865,0.0,1090.8673978467652,0.9033333333333333,Neutral
1211,704.0,0.40083693200085024,True,0.021499035077763528,704.0,0.021499035077763528,0.0,1139.5952880976856,0.9033333333333333,Neutral
1212,704.0,0.4013218848031644,True,0.021499744837669563,704.0,0.021499744837669563,0.0,1146.023720270729,0.9033333333333333,Neutral
1213,704.0,0.38754865692859797,True,0.02150023696937673,704.0,0.02150023696937673,0.0,1140.6175826832707,0.9033333333333333,Neutral
1214,704.0,0.4009765478720232,True,0.021501133590908314,704.0,0.021501133590908314,0.0,1131.1387007749688,0.9033333333333333,Neutral
1215,704.0,0.3886972973255169,True,0.021501731026771668,704.0,0.021501731026771668,0.0,1143.6236749739235,0.9033333333333333,Neutral
1216,704.0,0.3815564566368834,True,0.021502421611754606,704.0,0.021502421611754606,0.0,3686.700504501286,0.9033333333333333,Neutral
1217,704.0,0.3815478541819995,True,0.02150250241811465,704.0,0.02150250241811465,0.0,3678.278352351914,0.9033333333333333,Neutral
1218,704.0,0.38107409688121463,True,0.021503831926202817,704.0,0.021503831926202817,0.0,3672.435070054728,0.9033333333333333,Neutral
1219,704.0,0.380549781944046,True,0.02150541193010651,704.0,0.02150541193010651,0.0,3670.131108571609,0.9033333333333333,Neutral
1220,704.0,0.3668522900221512,True,0.021506146752954706,704.0,0.021506146752954706,0.0,3677.4619560108654,0.9033333333333333,Neutral
1221,704.0,0.366194323816529,True,0.02150614791479022,704.0,0.02150614791479022,0.0,3680.857907017669,0.9033333333333333,Neutral
1222,704.0,0.3246874463693046,True,0.02150617373182787,704.0,0.02150617373182787,0.0,3686.5494617689724,0.9033333333333333,Neutral
1223,704.0,0.3126209318314775,True,0.02150719884033938,704.0,0.02150719884033938,0.0,3692.278290649061,0.9033333333333333,Neutral
1224,704.0,0.3121398616713528,True,0.021508891037845777,704.0,0.021508891037845777,0.0,3692.687683112528,0.9033333333333333,Neutral
1225,704.0,0.3116331182087826,True,0.021510725225991446,704.0,0.021510725225991446,0.0,3691.552731846066,0.9033333333333333,Neutral
1226,706.0,0.28347872214643427,True,0.024746164306672123,706.0,0.024746164306672123,0.0,3692.6850474991084,0.9033333333333333,Neutral
1227,706.0,0.2830437135392301,True,0.024746088212711917,706.0,0.024746088212711917,0.0,3694.5494395002715,0.9033333333333333,Neutral
1228,706.0,0.2828019829039977,True,0.024745662888476374,706.0,0.024745662888476374,0.0,3696.1959526848923,0.9033333333333333,Neutral
1229,706.0,0.282986374749875,True,0.024745580374581348,706.0,0.024745580374581348,0.0,3700.777011935116,0.9033333333333333,Neutral
1230,706.0,0.2831986494482581,True,0.024742698658784246,706.0,0.024742698658784246,0.0,3704.689051624546,0.9033333333333333,Neutral
1231,706.0,0.2856807600296737,True,0.02474261624026453,706.0,0.02474261624026453,0.0,1355.7751203714063,0.9033333333333333,Neutral
1232,706.0,0.2834787141960033,True,0.02474220622398679,706.0,0.02474220622398679,0.0,3704.3457824150883,0.9033333333333333,Neutral
1233,706.0,0.2829907542049114,True,0.024740055068073682,706.0,0.024740055068073682,0.0,3703.5833728767157,0.9033333333333333,Neutral
1234,706.0,0.2827204551745011,True,0.024738645830017572,706.0,0.024738645830017572,0.0,3702.160651741447,0.9033333333333333,Neutral
1235,706.0,0.2823785883050244,True,0.024738389135178708,706.0,0.024738389135178708,0.0,3702.4689823183603,0.9033333333333333,Neutral
1236,706.0,0.3002087345889449,True,0.024741542178061952,706.0,0.024741542178061952,0.0,3703.906324451368,0.9033333333333333,Neutral
1237,706.0,0.30055327648918,True,0.02474188477981814,706.0,0.02474188477981814,0.0,3705.638400340798,0.9033333333333333,Neutral
1238,718.0,0.24309212933589383,True,0.02617953725910639,718.0,0.02617953725910639,0.0,1157.808063491529,0.9033333333333333,Neutral
1239,718.0,0.24674923659268716,True,0.02623623594181685,718.0,0.02623623594181685,0.0,1355.8017358868753,0.9033333333333333,Neutral
1240,718.0,0.26917543317499654,True,0.02629145457424519,718.0,0.02629145457424519,0.0,1156.2046034869948,0.9033333333333333,Neutral
1241,718.0,0.2705124563609063,True,0.026340649775125628,718.0,0.026340649775125628,0.0,1165.8472081911013,0.9033333333333333,Neutral
1242,718.0,0.24908898899853488,True,0.02640142157649583,718.0,0.02640142157649583,0.0,1365.7575332560752,0.9033333333333333,Neutral
1243,718.0,0.24978217031688527,True,0.026460106970237394,718.0,0.026460106970237394,0.0,477.5824317758527,0.9033333333333333,Neutral
1244,718.0,0.2508310512975449,True,0.02651143243439689,718.0,0.02651143243439689,0.0,477.4314470132577,0.9033333333333333,Neutral
1245,718.0,0.2518583354914142,True,0.02654939725962729,718.0,0.02654939725962729,0.0,476.83655421418234,0.9033333333333333,Neutral
1246,718.0,0.25244406370050837,True,0.02659227871701003,718.0,0.02659227871701003,0.0,475.68149951333055,0.9033333333333333,Neutral
1247,718.0,0.2334789906572501,True,0.026633199853834603,718.0,0.026633199853834603,0.0,482.22434364610723,0.9033333333333333,Neutral
1248,718.0,0.23481973100589032,True,0.026674434671811315,718.0,0.026674434671811315,0.0,487.31023486914563,0.9033333333333333,Neutral
1249,718.0,0.2361325880732144,True,0.02672176280578274,718.0,0.02672176280578274,0.0,489.63859729028206,0.9033333333333333,Neutral
1250,721.0,0.31865163883336195,True,0.021653990401367968,721.0,0.021653990401367968,0.0,490.0907818522477,0.9033333333333333,Neutral
1251,721.0,0.32085246846697096,True,0.021659555769683578,721.0,0.021659555769683578,0.0,491.3599124459058,0.9033333333333333,Neutral
1252,721.0,0.3228362023061156,True,0.021667970345029996,721.0,0.021667970345029996,0.0,495.9721597474596,0.9033333333333333,Neutral
1253,721.0,0.3240325895764398,True,0.021679614357443724,721.0,0.021679614357443724,0.0,498.23759132861613,0.9033333333333333,Neutral
1254,721.0,0.32521815475296695,True,0.021687600044843755,721.0,0.021687600044843755,0.0,501.3160767654325,0.9033333333333333,Neutral
1255,721.0,0.28265904266357667,True,0.021694178990205704,721.0,0.021694178990205704,0.0,504.62349697884594,0.9033333333333333,Neutral
1256,721.0,0.28259370600395645,True,0.02169635559761398,721.0,0.02169635559761398,0.0,509.1761075695222,0.9033333333333333,Neutral
1257,721.0,0.2818149079132846,True,0.021697041653697558,721.0,0.021697041653697558,0.0,512.1931016743237,0.9033333333333333,Neutral
1258,721.0,0.2801742669232577,True,0.021696072418906504,721.0,0.021696072418906504,0.0,515.6655413343162,0.9033333333333333,Neutral
1259,721.0,0.2795306007725935,True,0.02168364422712047,721.0,0.02168364422712047,0.0,518.1849171202151,0.9033333333333333,Neutral
1260,721.0,0.2861727568143446,True,0.021673041251451194,721.0,0.021673041251451194,0.0,514.8204615780546,0.9033333333333333,Neutral
1261,721.0,0.2824084463245496,True,0.02166906716992802,721.0,0.02166906716992802,0.0,519.5433115354,0.9033333333333333,Neutral
1262,721.0,0.28079264565515333,True,0.021673909126825177,721.0,0.021673909126825177,0.0,523.4792341383367,0.9033333333333333,Neutral
1263,721.0,0.2797277733465984,True,0.021678874868675695,721.0,0.021678874868675695,0.0,528.7193068548127,0.9033333333333333,Neutral
1264,721.0,0.27856052470482834,True,0.021688629964382592,721.0,0.021688629964382592,0.0,531.3443436209783,0.9033333333333333,Neutral
1265,721.0,0.27822240108480634,True,0.02169565096041838,721.0,0.02169565096041838,0.0,538.2238170393648,0.9033333333333333,Neutral
1266,,,False,,,,,,,Neutral
1267,727.0,1.0,False,0.023869046500318392,727.0,0.023869046500318392,0.0,0.0,0.9033333333333333,Neutral
1268,727.0,1.0,False,0.024446134697774707,727.0,0.024446134697774707,0.0,0.0,0.9033333333333333,Neutral
1269,727.0,1.0,False,0.025093383608378806,727.0,0.025093383608378806,0.0,0.0,0.9033333333333333,Neutral
1270,727.0,1.0,False,0.02563565055798668,727.0,0.02563565055798668,0.0,0.0,0.9033333333333333,Neutral
1271,727.0,1.0,False,0.02612307968427825,727.0,0.02612307968427825,0.0,0.0,0.9,Neutral
1272,727.0,1.0,False,0.026466330828484628,727.0,0.026466330828484628,0.0,0.0,0.8966666666666666,Neutral
1273,727.0,1.0,False,0.026674061200320304,727.0,0.026674061200320304,0.0,0.0,0.8933333333333333,Neutral
1274,727.0,1.0,False,0.026852919166494453,727.0,0.026852919166494453,0.0,0.0,0.89,Neutral
1275,727.0,1.0,False,0.026938789465698266,727.0,0.026938789465698266,0.0,0.0,0.89,Neutral
1276,727.0,1.0,False,0.027039324924800854,727.0,0.027039324924800854,0.0,0.0,0.8866666666666667,Neutral
1277,727.0,1.0,False,0.027155456495188173,727.0,0.027155456495188173,0.0,0.0,0.8833333333333333,Neutral
1278,727.0,1.0,False,0.027250855615029056,727.0,0.027250855615029056,0.0,0.0,0.88,Neutral
1279,727.0,1.0,False,0.02730799702844863,727.0,0.02730799702844863,0.0,0.0,0.8766666666666667,Neutral
1280,728.0,0.7551405708141851,False,0.02512812791798734,728.0,0.02512812791798734,0.0,0.0,0.8766666666666667,Neutral
1281,728.0,1.0,False,0.025115163675125517,728.0,0.025115163675125517,0.0,0.0,0.8766666666666667,Neutral
1282,728.0,1.0,False,0.024999020737366682,728.0,0.024999020737366682,0.0,0.0,0.8766666666666667,Neutral
1283,728.0,1.0,False,0.024866162955695967,728.0,0.024866162955695967,0.0,0.0,0.8766666666666667,Neutral
1284,728.0,1.0,False,0.024690972672151593,728.0,0.024690972672151593,0.0,0.0,0.8766666666666667,Neutral
1285,728.0,1.0,False,0.024483889196085653,728.0,0.024483889196085653,0.0,0.0,0.8766666666666667,Neutral
1286,728.0,1.0,False,0.024302863878938267,728.0,0.024302863878938267,0.0,0.0,0.8766666666666667,Neutral
1287,728.0,1.0,False,0.024215134087616823,728.0,0.024215134087616823,0.0,0.0,0.8766666666666667,Neutral
1288,728.0,1.0,False,0.024091110413300892,728.0,0.024091110413300892,0.0,0.0,0.8766666666666667,Neutral
1289,728.0,1.0,False,0.02400470269263399,728.0,0.02400470269263399,0.0,0.0,0.8766666666666667,Neutral
1290,728.0,1.0,False,0.02395994616182709,728.0,0.02395994616182709,0.0,0.0,0.8766666666666667,Neutral
1291,728.0,1.0,False,0.023957451578798444,728.0,0.023957451578798444,0.0,0.0,0.8766666666666667,Neutral
1292,728.0,1.0,False,0.0239638009850273,728.0,0.0239638009850273,0.0,0.0,0.8766666666666667,Neutral
1293,728.0,1.0,False,0.023976116030183778,728.0,0.023976116030183778,0.0,0.0,0.8766666666666667,Neutral
1294,728.0,1.0,False,0.02396268244703137,728.0,0.02396268244703137,0.0,0.0,0.8766666666666667,Neutral
1295,728.0,1.0,False,0.023940298075069373,728.0,0.023940298075069373,0.0,0.0,0.8766666666666667,Neutral
1296,728.0,1.0,False,0.02392547933074895,728.0,0.02392547933074895,0.0,0.0,0.8766666666666667,Neutral
1297,728.0,1.0,False,0.023887944779824158,728.0,0.023887944779824158,0.0,0.0,0.8766666666666667,Neutral
1298,728.0,1.0,False,0.023846457758975828,728.0,0.023846457758975828,0.0,0.0,0.8766666666666667,Neutral
1299,728.0,1.0,False,0.02379126239853162,728.0,0.02379126239853162,0.0,0.0,0.8766666666666667,Neutral
1300,728.0,1.0,False,0.0237367180248921,728.0,0.0237367180248921,0.0,0.0,0.8766666666666667,Neutral
1301,728.0,1.0,False,0.023715777188798137,728.0,0.023715777188798137,0.0,0.0,0.8766666666666667,Neutral
1302,728.0,1.0,False,0.023710900679432868,728.0,0.023710900679432868,0.0,0.0,0.8766666666666667,Neutral
1303,728.0,1.0,False,0.023680716441585675,728.0,0.023680716441585675,0.0,0.0,0.8766666666666667,Neutral
1304,728.0,1.0,False,0.02362424134766183,728.0,0.02362424134766183,0.0,0.0,0.8766666666666667,Neutral
1305,728.0,1.0,False,0.02354767972365146,728.0,0.02354767972365146,0.0,0.0,0.8766666666666667,Neutral
1306,728.0,1.0,False,0.02343637343451404,728.0,0.02343637343451404,0.0,0.0,0.8766666666666667,Neutral
1307,728.0,1.0,False,0.02330292689363249,728.0,0.02330292689363249,0.0,0.0,0.8766666666666667,Neutral
1308,728.0,1.0,False,0.02315735096260978,728.0,0.02315735096260978,0.0,0.0,0.8766666666666667,Neutral
1309,728.0,1.0,False,0.023004447085543948,728.0,0.023004447085543948,0.0,0.0,0.8766666666666667,Neutral
1310,728.0,1.0,False,0.02283686923732277,728.0,0.02283686923732277,0.0,0.0,0.8766666666666667,Neutral
1311,728.0,1.0,False,0.02266815295850795,728.0,0.02266815295850795,0.0,0.0,0.8766666666666667,Neutral
1312,728.0,1.0,False,0.02251330592550085,728.0,0.02251330592550085,0.0,0.0,0.8766666666666667,Neutral
1313,728.0,1.0,False,0.02236804200752231,728.0,0.02236804200752231,0.0,0.0,0.8766666666666667,Neutral
1314,728.0,1.0,False,0.022263049146440443,728.0,0.022263049146440443,0.0,0.0,0.8766666666666667,Neutral
1315,728.0,1.0,False,0.02227481578379091,728.0,0.02227481578379091,0.0,0.0,0.8766666666666667,Neutral
1316,728.0,1.0,False,0.022563627164916365,728.0,0.022563627164916365,0.0,0.0,0.8766666666666667,Neutral
1317,728.0,1.0,False,0.022343835363339812,728.0,0.022343835363339812,0.0,0.0,0.8766666666666667,Neutral
1318,728.0,1.0,False,0.022177266176097752,728.0,0.022177266176097752,0.0,0.0,0.8766666666666667,Neutral
1319,728.0,1.0,False,0.022038435022953624,728.0,0.022038435022953624,0.0,0.0,0.8766666666666667,Neutral
1320,728.0,1.0,False,0.021939856957427235,728.0,0.021939856957427235,0.0,0.0,0.8766666666666667,Neutral
1321,728.0,1.0,False,0.021873060597009643,728.0,0.021873060597009643,0.0,0.0,0.8766666666666667,Neutral
1322,728.0,1.0,False,0.021832623939904,728.0,0.021832623939904,0.0,0.0,0.8766666666666667,Neutral
1323,728.0,1.0,False,0.021811645664391636,728.0,0.021811645664391636,0.0,0.0,0.8766666666666667,Neutral
1324,728.0,1.0,False,0.021806705463825845,728.0,0.021806705463825845,0.0,0.0,0.8766666666666667,Neutral
1325,728.0,1.0,False,0.021808106011613027,728.0,0.021808106011613027,0.0,0.0,0.8766666666666667,Neutral
1326,728.0,1.0,False,0.021823347122151556,728.0,0.021823347122151556,0.0,0.0,0.8766666666666667,Neutral
1327,728.0,1.0,False,0.02184597335168318,728.0,0.02184597335168318,0.0,0.0,0.8766666666666667,Neutral
1328,728.0,1.0,False,0.021890300464895412,728.0,0.021890300464895412,0.0,0.0,0.8766666666666667,Neutral
1329,728.0,1.0,False,0.021943547659129994,728.0,0.021943547659129994,0.0,0.0,0.8766666666666667,Neutral
1330,728.0,1.0,False,0.022007598503047027,728.0,0.022007598503047027,0.0,0.0,0.8766666666666667,Neutral
1331,728.0,1.0,False,0.02207860636429755,728.0,0.02207860636429755,0.0,0.0,0.8766666666666667,Neutral
1332,728.0,1.0,False,0.02215081459928576,728.0,0.02215081459928576,0.0,0.0,0.8766666666666667,Neutral
1333,728.0,1.0,False,0.022219630431991162,728.0,0.022219630431991162,0.0,0.0,0.8766666666666667,Neutral
1334,728.0,1.0,False,0.022294998250298608,728.0,0.022294998250298608,0.0,0.0,0.8766666666666667,Neutral
1335,728.0,1.0,False,0.022393477184027562,728.0,0.022393477184027562,0.0,0.0,0.8766666666666667,Neutral
1336,728.0,1.0,False,0.02248902598542353,728.0,0.02248902598542353,0.0,0.0,0.8766666666666667,Neutral
1337,728.0,1.0,False,0.022582746385914572,728.0,0.022582746385914572,0.0,0.0,0.8766666666666667,Neutral
1338,728.0,1.0,False,0.022669153045362243,728.0,0.022669153045362243,0.0,0.0,0.8766666666666667,Neutral
1339,728.0,1.0,False,0.022726939484029006,728.0,0.022726939484029006,0.0,0.0,0.8766666666666667,Neutral
1340,728.0,1.0,False,0.02277026251665665,728.0,0.02277026251665665,0.0,0.0,0.8766666666666667,Neutral
1341,728.0,1.0,False,0.022804789547777503,728.0,0.022804789547777503,0.0,0.0,0.8766666666666667,Neutral
1342,728.0,1.0,False,0.022828905605330737,728.0,0.022828905605330737,0.0,0.0,0.8766666666666667,Neutral
1343,728.0,1.0,False,0.022825027631506897,728.0,0.022825027631506897,0.0,0.0,0.8766666666666667,Neutral
1344,728.0,1.0,False,0.02281718080423583,728.0,0.02281718080423583,0.0,0.0,0.8766666666666667,Neutral
1345,728.0,1.0,False,0.02279963013029101,728.0,0.02279963013029101,0.0,0.0,0.8766666666666667,Neutral
1346,728.0,1.0,False,0.02278443242117697,728.0,0.02278443242117697,0.0,0.0,0.8766666666666667,Neutral
1347,728.0,1.0,False,0.022776400840118723,728.0,0.022776400840118723,0.0,0.0,0.8766666666666667,Neutral
1348,728.0,1.0,False,0.022768874054676886,728.0,0.022768874054676886,0.0,0.0,0.8766666666666667,Neutral
1349,728.0,1.0,False,0.022782621116719016,728.0,0.022782621116719016,0.0,0.0,0.8766666666666667,Neutral
1350,728.0,1.0,False,0.022833793623458852,728.0,0.022833793623458852,0.0,0.0,0.8766666666666667,Neutral
1351,728.0,1.0,False,0.022930420789680928,728.0,0.022930420789680928,0.0,0.0,0.8766666666666667,Neutral
1352,728.0,1.0,False,0.02306234418301396,728.0,0.02306234418301396,0.0,0.0,0.8766666666666667,Neutral
1353,728.0,1.0,False,0.02324674586259311,728.0,0.02324674586259311,0.0,0.0,0.8766666666666667,Neutral
1354,728.0,1.0,False,0.02346017329610049,728.0,0.02346017329610049,0.0,0.0,0.8766666666666667,Neutral
1355,728.0,1.0,False,0.02367963642208373,728.0,0.02367963642208373,0.0,0.0,0.8766666666666667,Neutral
1356,728.0,1.0,False,0.023899619429019726,728.0,0.023899619429019726,0.0,0.0,0.8766666666666667,Neutral
1357,728.0,1.0,False,0.024098094886735328,728.0,0.024098094886735328,0.0,0.0,0.8766666666666667,Neutral
1358,728.0,1.0,False,0.024322648001084368,728.0,0.024322648001084368,0.0,0.0,0.8766666666666667,Neutral
1359,728.0,1.0,False,0.02449480399148882,728.0,0.02449480399148882,0.0,0.0,0.8766666666666667,Neutral
1360,728.0,1.0,False,0.024637109310669942,728.0,0.024637109310669942,0.0,0.0,0.8766666666666667,Neutral
1361,728.0,1.0,False,0.02475266174527031,728.0,0.02475266174527031,0.0,0.0,0.8766666666666667,Neutral
1362,728.0,1.0,False,0.024805972127531353,728.0,0.024805972127531353,0.0,0.0,0.8766666666666667,Neutral
1363,728.0,1.0,False,0.024849079281984793,728.0,0.024849079281984793,0.0,0.0,0.8766666666666667,Neutral
1364,728.0,1.0,False,0.024878583489317593,728.0,0.024878583489317593,0.0,0.0,0.8766666666666667,Neutral
1365,728.0,1.0,False,0.024877403110991184,728.0,0.024877403110991184,0.0,0.0,0.8766666666666667,Neutral
1366,728.0,1.0,False,0.024837770759708663,728.0,0.024837770759708663,0.0,0.0,0.8766666666666667,Neutral
1367,728.0,1.0,False,0.024690814599514267,728.0,0.024690814599514267,0.0,0.0,0.8766666666666667,Neutral
1368,728.0,1.0,False,0.024522830731795977,728.0,0.024522830731795977,0.0,0.0,0.8766666666666667,Neutral
1369,728.0,1.0,False,0.024366358787433044,728.0,0.024366358787433044,0.0,0.0,0.8766666666666667,Neutral
1370,728.0,1.0,False,0.024237265946356137,728.0,0.024237265946356137,0.0,0.0,0.8766666666666667,Neutral
1371,728.0,1.0,False,0.02414544834605854,728.0,0.02414544834605854,0.0,0.0,0.8766666666666667,Neutral
1372,728.0,1.0,False,0.024064571524443027,728.0,0.024064571524443027,0.0,0.0,0.8766666666666667,Neutral
1373,728.0,1.0,False,0.02397368393064369,728.0,0.02397368393064369,0.0,0.0,0.8766666666666667,Neutral
1374,728.0,1.0,False,0.02387887428294986,728.0,0.02387887428294986,0.0,0.0,0.8766666666666667,Neutral
1375,728.0,1.0,False,0.02377444431897208,728.0,0.02377444431897208,0.0,0.0,0.8766666666666667,Neutral
1376,728.0,1.0,False,0.02366685005657161,728.0,0.02366685005657161,0.0,0.0,0.8766666666666667,Neutral
1377,728.0,1.0,False,0.02356508775105355,728.0,0.02356508775105355,0.0,0.0,0.8766666666666667,Neutral
1378,728.0,1.0,False,0.023464104552545762,728.0,0.023464104552545762,0.0,0.0,0.8766666666666667,Neutral
1379,728.0,1.0,False,0.023370354149299312,728.0,0.023370354149299312,0.0,0.0,0.8766666666666667,Neutral
1380,728.0,1.0,False,0.02327761824731702,728.0,0.02327761824731702,0.0,0.0,0.8766666666666667,Neutral
1381,728.0,1.0,False,0.023204649096587125,728.0,0.023204649096587125,0.0,0.0,0.8766666666666667,Neutral
1382,728.0,1.0,False,0.023174375451815204,728.0,0.023174375451815204,0.0,0.0,0.8766666666666667,Neutral
1383,728.0,1.0,False,0.02317234260650571,728.0,0.02317234260650571,0.0,0.0,0.8766666666666667,Neutral
1384,728.0,1.0,False,0.023200106745376353,728.0,0.023200106745376353,0.0,0.0,0.8766666666666667,Neutral
1385,728.0,1.0,False,0.02322405666887061,728.0,0.02322405666887061,0.0,0.0,0.8766666666666667,Neutral
1386,728.0,1.0,False,0.023271677852107996,728.0,0.023271677852107996,0.0,0.0,0.8766666666666667,Neutral
1387,728.0,1.0,False,0.02329253301816805,728.0,0.02329253301816805,0.0,0.0,0.8766666666666667,Neutral
1388,728.0,1.0,False,0.023278423480677907,728.0,0.023278423480677907,0.0,0.0,0.8766666666666667,Neutral
1389,728.0,1.0,False,0.023284336218054716,728.0,0.023284336218054716,0.0,0.0,0.8766666666666667,Neutral
1390,728.0,1.0,False,0.023272709706497863,728.0,0.023272709706497863,0.0,0.0,0.8766666666666667,Neutral
1391,728.0,1.0,False,0.02322810221917937,728.0,0.02322810221917937,0.0,0.0,0.8766666666666667,Neutral
1392,728.0,1.0,False,0.023172181620256183,728.0,0.023172181620256183,0.0,0.0,0.8766666666666667,Neutral
1393,728.0,1.0,False,0.023105633597795272,728.0,0.023105633597795272,0.0,0.0,0.8766666666666667,Neutral
1394,728.0,1.0,False,0.023049550485689248,728.0,0.023049550485689248,0.0,0.0,0.8766666666666667,Neutral
1395,728.0,1.0,False,0.023005880010663296,728.0,0.023005880010663296,0.0,0.0,0.8766666666666667,Neutral
1396,728.0,1.0,False,0.022975651737055663,728.0,0.022975651737055663,0.0,0.0,0.8766666666666667,Neutral
1397,728.0,1.0,False,0.022976054730921486,728.0,0.022976054730921486,0.0,0.0,0.8766666666666667,Neutral
1398,728.0,1.0,False,0.022995919395172006,728.0,0.022995919395172006,0.0,0.0,0.8766666666666667,Neutral
1399,728.0,1.0,False,0.02305067942365368,728.0,0.02305067942365368,0.0,0.0,0.8766666666666667,Neutral
1400,728.0,1.0,False,0.02315757186765231,728.0,0.02315757186765231,0.0,0.0,0.8766666666666667,Neutral
1401,728.0,1.0,False,0.023271540812375074,728.0,0.023271540812375074,0.0,0.0,0.8766666666666667,Neutral
1402,728.0,1.0,False,0.02333774524258508,728.0,0.02333774524258508,0.0,0.0,0.8766666666666667,Neutral
1403,728.0,1.0,False,0.023308979491811224,728.0,0.023308979491811224,0.0,0.0,0.8766666666666667,Neutral
1404,728.0,1.0,False,0.02328403859459995,728.0,0.02328403859459995,0.0,0.0,0.8766666666666667,Neutral
1405,728.0,1.0,False,0.02318381232273121,728.0,0.02318381232273121,0.0,0.0,0.8766666666666667,Neutral
1406,728.0,1.0,False,0.023102147968500162,728.0,0.023102147968500162,0.0,0.0,0.8766666666666667,Neutral
1407,728.0,1.0,False,0.023038173065490625,728.0,0.023038173065490625,0.0,0.0,0.8766666666666667,Neutral
1408,728.0,1.0,False,0.022976088047324844,728.0,0.022976088047324844,0.0,0.0,0.8766666666666667,Neutral
1409,728.0,1.0,False,0.022921463644240376,728.0,0.022921463644240376,0.0,0.0,0.8766666666666667,Neutral
1410,728.0,1.0,False,0.022857174606755255,728.0,0.022857174606755255,0.0,0.0,0.8766666666666667,Neutral
1411,728.0,1.0,False,0.022793600823058802,728.0,0.022793600823058802,0.0,0.0,0.8766666666666667,Neutral
1412,728.0,1.0,False,0.022729032260271658,728.0,0.022729032260271658,0.0,0.0,0.8766666666666667,Neutral
1413,728.0,1.0,False,0.022668207162166366,728.0,0.022668207162166366,0.0,0.0,0.88,Neutral
1414,728.0,1.0,False,0.02260163261896027,728.0,0.02260163261896027,0.0,0.0,0.8833333333333333,Neutral
1415,728.0,1.0,False,0.022539439421640092,728.0,0.022539439421640092,0.0,0.0,0.8866666666666667,Neutral
1416,728.0,1.0,False,0.022491850891152874,728.0,0.022491850891152874,0.0,0.0,0.89,Neutral
1417,728.0,1.0,False,0.02245980118299702,728.0,0.02245980118299702,0.0,0.0,0.8933333333333333,Neutral
1418,728.0,1.0,False,0.022445192343251933,728.0,0.022445192343251933,0.0,0.0,0.8966666666666666,Neutral
1419,728.0,1.0,False,0.022452054577247173,728.0,0.022452054577247173,0.0,0.0,0.9,Neutral
1420,728.0,1.0,False,0.022477735047321402,728.0,0.022477735047321402,0.0,0.0,0.9033333333333333,Neutral
1421,728.0,1.0,False,0.02250934240811249,728.0,0.02250934240811249,0.0,0.0,0.9066666666666666,Neutral
1422,728.0,1.0,False,0.02254819553438938,728.0,0.02254819553438938,0.0,0.0,0.91,Neutral
1423,728.0,1.0,False,0.022595963563308077,728.0,0.022595963563308077,0.0,0.0,0.9133333333333333,Neutral
1424,728.0,1.0,False,0.022672930819821076,728.0,0.022672930819821076,0.0,0.0,0.9166666666666666,Neutral
1425,728.0,1.0,False,0.022761619891655073,728.0,0.022761619891655073,0.0,0.0,0.92,Neutral
1426,728.0,1.0,False,0.022820218466001893,728.0,0.022820218466001893,0.0,0.0,0.9233333333333333,Neutral
1427,728.0,1.0,False,0.022896246151158154,728.0,0.022896246151158154,0.0,0.0,0.9266666666666666,Neutral
1428,728.0,1.0,False,0.02299713306161721,728.0,0.02299713306161721,0.0,0.0,0.93,Neutral
1429,728.0,1.0,False,0.023102870827417257,728.0,0.023102870827417257,0.0,0.0,0.9333333333333333,Neutral
1430,728.0,1.0,False,0.02327185765641477,728.0,0.02327185765641477,0.0,0.0,0.9366666666666666,Neutral
1431,728.0,1.0,False,0.023449363365579935,728.0,0.023449363365579935,0.0,0.0,0.94,Neutral
1432,728.0,1.0,False,0.02362186814945774,728.0,0.02362186814945774,0.0,0.0,0.9433333333333334,Neutral
1433,728.0,1.0,False,0.02383306350113614,728.0,0.02383306350113614,0.0,0.0,0.9433333333333334,Neutral
1434,728.0,1.0,False,0.023990217368468684,728.0,0.023990217368468684,0.0,0.0,0.9433333333333334,Neutral
1435,728.0,1.0,False,0.024149693085770682,728.0,0.024149693085770682,0.0,0.0,0.9433333333333334,Neutral
1436,728.0,0.954671337285006,False,0.024301492599718474,728.0,0.024301492599718474,0.0,0.0,0.9433333333333334,Neutral
1437,728.0,0.958316261522605,False,0.02445300580968509,728.0,0.02445300580968509,0.0,0.0,0.9433333333333334,Neutral
1438,728.0,0.9610740760149464,False,0.024585519363619697,728.0,0.024585519363619697,0.0,0.0,0.9433333333333334,Neutral
1439,728.0,0.9664003971019312,False,0.02468920501217706,728.0,0.02468920501217706,0.0,0.0,0.9433333333333334,Neutral
1440,728.0,0.970518862410823,False,0.02476267768642238,728.0,0.02476267768642238,0.0,0.0,0.9433333333333334,Neutral
1441,728.0,1.0,False,0.024822157042410725,728.0,0.024822157042410725,0.0,0.0,0.9433333333333334,Neutral
1442,728.0,0.9709222139778019,False,0.02487642697930422,728.0,0.02487642697930422,0.0,0.0,0.9433333333333334,Neutral
1443,728.0,1.0,False,0.024930108116637123,728.0,0.024930108116637123,0.0,0.0,0.9433333333333334,Neutral
1444,728.0,1.0,False,0.02497401894555913,728.0,0.02497401894555913,0.0,0.0,0.9433333333333334,Neutral
1445,728.0,1.0,False,0.02495858777751612,728.0,0.02495858777751612,0.0,0.0,0.9433333333333334,Neutral
1446,728.0,1.0,False,0.024872954637959025,728.0,0.024872954637959025,0.0,0.0,0.9433333333333334,Neutral
1447,728.0,1.0,False,0.02480950730805658,728.0,0.02480950730805658,0.0,0.0,0.9433333333333334,Neutral
1448,728.0,1.0,False,0.024610696592226124,728.0,0.024610696592226124,0.0,0.0,0.9433333333333334,Neutral
1449,728.0,1.0,False,0.02447277205164463,728.0,0.02447277205164463,0.0,0.0,0.9433333333333334,Neutral
1450,728.0,1.0,False,0.024325601311867024,728.0,0.024325601311867024,0.0,0.0,0.9433333333333334,Neutral
1451,728.0,1.0,False,0.02422502815319827,728.0,0.02422502815319827,0.0,0.0,0.9433333333333334,Neutral
1452,728.0,1.0,False,0.024141436219241114,728.0,0.024141436219241114,0.0,0.0,0.9433333333333334,Neutral
1453,728.0,1.0,False,0.024104086956295612,728.0,0.024104086956295612,0.0,0.0,0.9433333333333334,Neutral
1454,728.0,1.0,False,0.024087050892416462,728.0,0.024087050892416462,0.0,0.0,0.9433333333333334,Neutral
1455,728.0,1.0,False,0.024116238954612828,728.0,0.024116238954612828,0.0,0.0,0.9433333333333334,Neutral
1456,728.0,1.0,False,0.02423043728614671,728.0,0.02423043728614671,0.0,0.0,0.9433333333333334,Neutral
1457,728.0,1.0,False,0.02427769420025148,728.0,0.02427769420025148,0.0,0.0,0.9433333333333334,Neutral
1458,728.0,1.0,False,0.024308275413134555,728.0,0.024308275413134555,0.0,0.0,0.9433333333333334,Neutral
1459,728.0,1.0,False,0.024329767932558144,728.0,0.024329767932558144,0.0,0.0,0.9433333333333334,Neutral
1460,728.0,1.0,False,0.02431834319317008,728.0,0.02431834319317008,0.0,0.0,0.9433333333333334,Neutral
1461,728.0,1.0,False,0.024306911025992334,728.0,0.024306911025992334,0.0,0.0,0.9433333333333334,Neutral
1462,728.0,1.0,False,0.02426726969925325,728.0,0.02426726969925325,0.0,0.0,0.9433333333333334,Neutral
1463,728.0,1.0,False,0.02419385313531766,728.0,0.02419385313531766,0.0,0.0,0.9433333333333334,Neutral
1464,728.0,1.0,False,0.02410607859202516,728.0,0.02410607859202516,0.0,0.0,0.9433333333333334,Neutral
1465,728.0,1.0,False,0.024003632147549255,728.0,0.024003632147549255,0.0,0.0,0.9433333333333334,Neutral
1466,728.0,1.0,False,0.023860816440774046,728.0,0.023860816440774046,0.0,0.0,0.9433333333333334,Neutral
1467,728.0,1.0,False,0.02371934295556505,728.0,0.02371934295556505,0.0,0.0,0.9433333333333334,Neutral
1468,728.0,1.0,False,0.023569030145632948,728.0,0.023569030145632948,0.0,0.0,0.9433333333333334,Neutral
1469,728.0,1.0,False,0.023423367102272448,728.0,0.023423367102272448,0.0,0.0,0.9433333333333334,Neutral
1470,728.0,1.0,False,0.023269960193842254,728.0,0.023269960193842254,0.0,0.0,0.9433333333333334,Neutral
1471,728.0,1.0,False,0.023118059278484513,728.0,0.023118059278484513,0.0,0.0,0.9433333333333334,Neutral
1472,728.0,1.0,False,0.022972742542700295,728.0,0.022972742542700295,0.0,0.0,0.9433333333333334,Neutral
1473,728.0,1.0,False,0.022856765575941646,728.0,0.022856765575941646,0.0,0.0,0.9433333333333334,Neutral
1474,728.0,1.0,False,0.022758441515484687,728.0,0.022758441515484687,0.0,0.0,0.9433333333333334,Neutral
1475,728.0,1.0,False,0.022664651746618858,728.0,0.022664651746618858,0.0,0.0,0.9433333333333334,Neutral
1476,728.0,1.0,False,0.022599097939212172,728.0,0.022599097939212172,0.0,0.0,0.9433333333333334,Neutral
1477,728.0,1.0,False,0.02255834929712123,728.0,0.02255834929712123,0.0,0.0,0.9433333333333334,Neutral
1478,728.0,1.0,False,0.022539875163256323,728.0,0.022539875163256323,0.0,0.0,0.9433333333333334,Neutral
1479,728.0,1.0,False,0.022532876648523346,728.0,0.022532876648523346,0.0,0.0,0.9433333333333334,Neutral
1480,728.0,1.0,False,0.02255518741963099,728.0,0.02255518741963099,0.0,0.0,0.9433333333333334,Neutral
1481,728.0,1.0,False,0.022611961740938998,728.0,0.022611961740938998,0.0,0.0,0.9433333333333334,Neutral
1482,728.0,1.0,False,0.022683932410344415,728.0,0.022683932410344415,0.0,0.0,0.9433333333333334,Neutral
1483,728.0,1.0,False,0.022799311936341618,728.0,0.022799311936341618,0.0,0.0,0.9433333333333334,Neutral
1484,728.0,1.0,False,0.022924188413270624,728.0,0.022924188413270624,0.0,0.0,0.9433333333333334,Neutral
1485,728.0,1.0,False,0.02308850183878765,728.0,0.02308850183878765,0.0,0.0,0.9433333333333334,Neutral
1486,728.0,1.0,False,0.02325477448572146,728.0,0.02325477448572146,0.0,0.0,0.9433333333333334,Neutral
1487,728.0,1.0,False,0.02345670251391646,728.0,0.02345670251391646,0.0,0.0,0.9433333333333334,Neutral
1488,728.0,1.0,False,0.023603964098278207,728.0,0.023603964098278207,0.0,0.0,0.9433333333333334,Neutral
1489,728.0,1.0,False,0.02377251654661203,728.0,0.02377251654661203,0.0,0.0,0.9433333333333334,Neutral
1490,728.0,1.0,False,0.02391963409473056,728.0,0.02391963409473056,0.0,0.0,0.9433333333333334,Neutral
1491,728.0,1.0,False,0.024089499864606338,728.0,0.024089499864606338,0.0,0.0,0.9433333333333334,Neutral
1492,728.0,1.0,False,0.024259969808257294,728.0,0.024259969808257294,0.0,0.0,0.9433333333333334,Neutral
1493,728.0,1.0,False,0.024401153295831066,728.0,0.024401153295831066,0.0,0.0,0.9433333333333334,Neutral
1494,728.0,1.0,False,0.024538066255154336,728.0,0.024538066255154336,0.0,0.0,0.9433333333333334,Neutral
1495,728.0,1.0,False,0.02465750074982158,728.0,0.02465750074982158,0.0,0.0,0.9433333333333334,Neutral
1496,728.0,1.0,False,0.02472213520702827,728.0,0.02472213520702827,0.0,0.0,0.9433333333333334,Neutral
1497,728.0,1.0,False,0.024784827744870824,728.0,0.024784827744870824,0.0,0.0,0.9433333333333334,Neutral
1498,728.0,1.0,False,0.024919420769430968,728.0,0.024919420769430968,0.0,0.0,0.9433333333333334,Neutral
1499,728.0,1.0,False,0.025020484736817693,728.0,0.025020484736817693,0.0,0.0,0.9433333333333334,Neutral
1500,728.0,1.0,False,0.025074792004753918,728.0,0.025074792004753918,0.0,0.0,0.9433333333333334,Neutral
1501,728.0,1.0,False,0.025081288022074363,728.0,0.025081288022074363,0.0,0.0,0.9433333333333334,Neutral
1502,728.0,1.0,False,0.025069218693654357,728.0,0.025069218693654357,0.0,0.0,0.9433333333333334,Neutral
1503,728.0,1.0,False,0.02505088253175475,728.0,0.02505088253175475,0.0,0.0,0.9433333333333334,Neutral
1504,728.0,1.0,False,0.025021078850420538,728.0,0.025021078850420538,0.0,0.0,0.9433333333333334,Neutral
1505,728.0,1.0,False,0.024970920999654332,728.0,0.024970920999654332,0.0,0.0,0.9433333333333334,Neutral
1506,728.0,1.0,False,0.02490672139154519,728.0,0.02490672139154519,0.0,0.0,0.9433333333333334,Neutral
1507,728.0,1.0,False,0.02482333697155596,728.0,0.02482333697155596,0.0,0.0,0.9433333333333334,Neutral
1508,728.0,1.0,False,0.024720470098614177,728.0,0.024720470098614177,0.0,0.0,0.9433333333333334,Neutral
1509,728.0,1.0,False,0.02457743776095903,728.0,0.02457743776095903,0.0,0.0,0.9433333333333334,Neutral
1510,728.0,1.0,False,0.024473796214620966,728.0,0.024473796214620966,0.0,0.0,0.9433333333333334,Neutral
1511,728.0,1.0,False,0.024361813443438164,728.0,0.024361813443438164,0.0,0.0,0.9433333333333334,Neutral
1512,728.0,1.0,False,0.024259780478221415,728.0,0.024259780478221415,0.0,0.0,0.9433333333333334,Neutral
1513,728.0,1.0,False,0.024166382037183645,728.0,0.024166382037183645,0.0,0.0,0.9433333333333334,Neutral
1514,728.0,1.0,False,0.024070129801475815,728.0,0.024070129801475815,0.0,0.0,0.9433333333333334,Neutral
1515,728.0,1.0,False,0.023984265326980083,728.0,0.023984265326980083,0.0,0.0,0.9433333333333334,Neutral
1516,728.0,1.0,False,0.023919524068281992,728.0,0.023919524068281992,0.0,0.0,0.9433333333333334,Neutral
1517,728.0,1.0,False,0.023872565188676708,728.0,0.023872565188676708,0.0,0.0,0.9433333333333334,Neutral
1518,728.0,1.0,False,0.02383925847778457,728.0,0.02383925847778457,0.0,0.0,0.9433333333333334,Neutral
1519,728.0,1.0,False,0.023818839972084352,728.0,0.023818839972084352,0.0,0.0,0.9433333333333334,Neutral
1520,728.0,1.0,False,0.023784763626902995,728.0,0.023784763626902995,0.0,0.0,0.9433333333333334,Neutral
1521,728.0,1.0,False,0.02374797616280216,728.0,0.02374797616280216,0.0,0.0,0.9433333333333334,Neutral
1522,728.0,1.0,False,0.02372687221062705,728.0,0.02372687221062705,0.0,0.0,0.9433333333333334,Neutral
1523,728.0,1.0,False,0.023692316232394733,728.0,0.023692316232394733,0.0,0.0,0.9433333333333334,Neutral
1524,728.0,1.0,False,0.023671314095450344,728.0,0.023671314095450344,0.0,0.0,0.9433333333333334,Neutral
1525,728.0,1.0,False,0.023659530711160528,728.0,0.023659530711160528,0.0,0.0,0.9433333333333334,Neutral
1526,728.0,1.0,False,0.02365345954417089,728.0,0.02365345954417089,0.0,0.0,0.9433333333333334,Neutral
1527,728.0,1.0,False,0.023652068700625525,728.0,0.023652068700625525,0.0,0.0,0.9433333333333334,Neutral
1528,728.0,1.0,False,0.02364367461736392,728.0,0.02364367461736392,0.0,0.0,0.9433333333333334,Neutral
1529,728.0,1.0,False,0.023623041514930936,728.0,0.023623041514930936,0.0,0.0,0.9433333333333334,Neutral
1530,728.0,1.0,False,0.023603426792543687,728.0,0.023603426792543687,0.0,0.0,0.9433333333333334,Neutral
1531,728.0,1.0,False,0.02359353365508314,728.0,0.02359353365508314,0.0,0.0,0.9433333333333334,Neutral
1532,728.0,1.0,False,0.023582105182047296,728.0,0.023582105182047296,0.0,0.0,0.9433333333333334,Neutral
1533,728.0,1.0,False,0.02357424825845262,728.0,0.02357424825845262,0.0,0.0,0.9433333333333334,Neutral
1534,728.0,1.0,False,0.023571472913716855,728.0,0.023571472913716855,0.0,0.0,0.9433333333333334,Neutral
1535,728.0,1.0,False,0.023569605329449766,728.0,0.023569605329449766,0.0,0.0,0.9433333333333334,Neutral
1536,728.0,1.0,False,0.02355469061575779,728.0,0.02355469061575779,0.0,0.0,0.9433333333333334,Neutral
1537,728.0,1.0,False,0.02353364772036793,728.0,0.02353364772036793,0.0,0.0,0.9433333333333334,Neutral
1538,728.0,1.0,False,0.023516456944258482,728.0,0.023516456944258482,0.0,0.0,0.9433333333333334,Neutral
1539,728.0,1.0,False,0.023501902498877354,728.0,0.023501902498877354,0.0,0.0,0.9433333333333334,Neutral
1540,728.0,1.0,False,0.02347434992490763,728.0,0.02347434992490763,0.0,0.0,0.9433333333333334,Neutral
1541,728.0,1.0,False,0.02345649259503831,728.0,0.02345649259503831,0.0,0.0,0.9433333333333334,Neutral
1542,728.0,1.0,False,0.023429475245409222,728.0,0.023429475245409222,0.0,0.0,0.9433333333333334,Neutral
1543,728.0,1.0,False,0.023417015345328956,728.0,0.023417015345328956,0.0,0.0,0.9433333333333334,Neutral
1544,728.0,1.0,False,0.02340076053435113,728.0,0.02340076053435113,0.0,0.0,0.9433333333333334,Neutral
1545,728.0,1.0,False,0.023361215709759808,728.0,0.023361215709759808,0.0,0.0,0.9433333333333334,Neutral
1546,728.0,1.0,False,0.023348834580708914,728.0,0.023348834580708914,0.0,0.0,0.9433333333333334,Neutral
1547,728.0,1.0,False,0.023347889055067243,728.0,0.023347889055067243,0.0,0.0,0.9433333333333334,Neutral
1548,728.0,1.0,False,0.023334097683676305,728.0,0.023334097683676305,0.0,0.0,0.9433333333333334,Neutral
1549,728.0,1.0,False,0.023301684358191497,728.0,0.023301684358191497,0.0,0.0,0.9433333333333334,Neutral
1550,728.0,1.0,False,0.023252847764675722,728.0,0.023252847764675722,0.0,0.0,0.9433333333333334,Neutral
1551,728.0,1.0,False,0.023186086775542153,728.0,0.023186086775542153,0.0,0.0,0.9433333333333334,Neutral
1552,728.0,1.0,False,0.02309865637584095,728.0,0.02309865637584095,0.0,0.0,0.9433333333333334,Neutral
1553,728.0,1.0,False,0.022974704780571537,728.0,0.022974704780571537,0.0,0.0,0.9433333333333334,Neutral
1554,728.0,1.0,False,0.022823121283702275,728.0,0.022823121283702275,0.0,0.0,0.9433333333333334,Neutral
1555,728.0,1.0,False,0.022647805180020346,728.0,0.022647805180020346,0.0,0.0,0.9433333333333334,Neutral
1556,728.0,1.0,False,0.0224698178855013,728.0,0.0224698178855013,0.0,0.0,0.9433333333333334,Neutral
1557,728.0,1.0,False,0.02228765720888029,728.0,0.02228765720888029,0.0,0.0,0.9433333333333334,Neutral
1558,728.0,1.0,False,0.022098841113582183,728.0,0.022098841113582183,0.0,0.0,0.9433333333333334,Neutral
1559,728.0,1.0,False,0.021921006807213737,728.0,0.021921006807213737,0.0,0.0,0.9433333333333334,Neutral
1560,728.0,1.0,False,0.02179509759319455,728.0,0.02179509759319455,0.0,0.0,0.9466666666666667,Neutral
1561,728.0,1.0,False,0.021761502952300584,728.0,0.021761502952300584,0.0,0.0,0.95,Neutral
1562,728.0,1.0,False,0.02180253419620113,728.0,0.02180253419620113,0.0,0.0,0.9533333333333334,Neutral
1563,728.0,1.0,False,0.02189884452485781,728.0,0.02189884452485781,0.0,0.0,0.9566666666666667,Neutral
1564,728.0,1.0,False,0.022027888950834792,728.0,0.022027888950834792,0.0,0.0,0.9566666666666667,Neutral
1565,728.0,1.0,False,0.022158822242293433,728.0,0.022158822242293433,0.0,0.0,0.9566666666666667,Neutral
1566,728.0,1.0,False,0.022295390008449906,728.0,0.022295390008449906,0.0,0.0,0.9566666666666667,Neutral
1567,728.0,1.0,False,0.022417368785411822,728.0,0.022417368785411822,0.0,0.0,0.96,Neutral
1568,728.0,1.0,False,0.022565234626990675,728.0,0.022565234626990675,0.0,0.0,0.9633333333333334,Neutral
1569,728.0,1.0,False,0.022740327066240497,728.0,0.022740327066240497,0.0,0.0,0.9666666666666667,Neutral
1570,728.0,0.8680159297207173,False,0.022869941452668158,728.0,0.022869941452668158,0.0,0.0,0.97,Neutral
1571,728.0,0.8721603135483658,False,0.02296194295378898,728.0,0.02296194295378898,0.0,0.0,0.9733333333333334,Neutral
1572,728.0,0.874736431961928,False,0.023024929675631856,728.0,0.023024929675631856,0.0,0.0,0.9766666666666667,Neutral
1573,728.0,0.8757791600311966,False,0.02305169256046173,728.0,0.02305169256046173,0.0,0.0,0.98,Neutral
1574,728.0,0.8771589741954413,False,0.023083395205975212,728.0,0.023083395205975212,0.0,0.0,0.9833333333333333,Neutral
1575,728.0,1.0,False,0.02310640362500648,728.0,0.02310640362500648,0.0,0.0,0.9866666666666667,Neutral
1576,728.0,1.0,False,0.02312754278341028,728.0,0.02312754278341028,0.0,0.0,0.99,Neutral
1577,728.0,0.8797719032308158,False,0.023144053599286167,728.0,0.023144053599286167,0.0,0.0,0.9933333333333333,Neutral
1578,728.0,0.880798272788152,False,0.023167857821840526,728.0,0.023167857821840526,0.0,0.0,0.9966666666666667,Neutral
1579,728.0,0.8816927019653749,False,0.02318785307914277,728.0,0.02318785307914277,0.0,0.0,1.0,Neutral
1580,728.0,0.8829692431421418,False,0.023218357890803648,728.0,0.023218357890803648,0.0,0.0,1.0,Neutral
1581,728.0,0.8854394365388975,False,0.0232835243404303,728.0,0.0232835243404303,0.0,0.0,1.0,Neutral
1582,728.0,0.8889196247193166,False,0.02336407030583078,728.0,0.02336407030583078,0.0,0.0,1.0,Neutral
1583,728.0,0.8927884959107657,False,0.023463697379717426,728.0,0.023463697379717426,0.0,0.0,1.0,Neutral
1584,728.0,0.8945763575315631,False,0.023513185754259192,728.0,0.023513185754259192,0.0,0.0,1.0,Neutral
1585,,,False,,,,,,,Neutral
1586,736.0,0.36177178208573313,True,0.02514531088499973,736.0,0.02514531088499973,0.0,1707.5842268013648,1.0,Neutral
1587,736.0,0.33503752310732615,True,0.025143618386065488,736.0,0.025143618386065488,0.0,1874.6443917621066,1.0,Neutral
1588,736.0,0.33538635981247467,True,0.025144387179439256,736.0,0.025144387179439256,0.0,1875.1631553557688,1.0,Neutral
1589,736.0,0.3356644092648733,True,0.025147451199025533,736.0,0.025147451199025533,0.0,1874.9989021702152,1.0,Neutral
1590,736.0,0.3360247561195442,True,0.025151109035825698,736.0,0.025151109035825698,0.0,1867.61765909333,1.0,Neutral
1591,736.0,0.3367624006405492,True,0.02515557812859597,736.0,0.02515557812859597,0.0,1858.9854552951995,1.0,Neutral
1592,736.0,0.33737403167819907,True,0.025160149270061664,736.0,0.025160149270061664,0.0,1853.5411933419414,1.0,Neutral
1593,736.0,0.33815121405432497,True,0.02516537035294443,736.0,0.02516537035294443,0.0,1848.4739635604735,1.0,Neutral
1594,736.0,0.33929455602159386,True,0.025168936236232817,736.0,0.025168936236232817,0.0,1845.3636138872148,1.0,Neutral
1595,736.0,0.3403104076414331,True,0.02517105094429812,736.0,0.02517105094429812,0.0,189.67400891244608,1.0,Neutral
1596,736.0,0.3413296447614454,True,0.025169713487635113,736.0,0.025169713487635113,0.0,1852.637647474434,1.0,Neutral
1597,736.0,0.34220150061593546,True,0.025168380804032768,736.0,0.025168380804032768,0.0,1864.7072935915908,1.0,Neutral
1598,736.0,0.34346250691508234,True,0.025164802411031386,736.0,0.025164802411031386,0.0,205.87148491026767,1.0,Neutral
1599,736.0,0.34524093140177053,True,0.025157216922039694,736.0,0.025157216922039694,0.0,213.51498027907184,1.0,Neutral
1600,736.0,0.3471685806469486,True,0.025145175968524166,736.0,0.025145175968524166,0.0,209.37107730637302,1.0,Neutral
1601,736.0,0.34934717749534827,True,0.025135880292059216,736.0,0.025135880292059216,0.0,207.46644544541886,1.0,Neutral
1602,736.0,0.35427866146451703,True,0.02512302122711934,736.0,0.02512302122711934,0.0,1858.4159282221262,1.0,Neutral
1603,736.0,0.3531460992506384,True,0.025107123557324702,736.0,0.025107123557324702,0.0,1877.97887361851,1.0,Neutral
1604,736.0,0.33517940068293195,True,0.0250830890809044,736.0,0.0250830890809044,0.0,1882.773037083944,1.0,Neutral
1605,736.0,0.2824516887930247,True,0.02505944563887537,736.0,0.02505944563887537,0.0,1884.6866015336232,1.0,Neutral
1606,736.0,0.33589048790325293,True,0.02503600907063633,736.0,0.02503600907063633,0.0,1905.5193758700163,1.0,Neutral
1607,736.0,0.3583565214506925,True,0.02501031711625115,736.0,0.02501031711625115,0.0,1926.5357884941072,1.0,Neutral
1608,736.0,0.3861905837158534,True,0.024974186997285236,736.0,0.024974186997285236,0.0,1942.7215856844614,1.0,Neutral
1609,736.0,0.38543483181975036,True,0.024928278093703193,736.0,0.024928278093703193,0.0,1951.4794148760993,1.0,Neutral
1610,736.0,0.3887022918420514,True,0.024872428428230117,736.0,0.024872428428230117,0.0,1957.3717339551858,1.0,Neutral
1611,736.0,0.39641151598841834,True,0.024814684471151684,736.0,0.024814684471151684,0.0,1966.4257130236606,1.0,Neutral
1612,736.0,0.3976723960635602,True,0.02475359932231723,736.0,0.02475359932231723,0.0,1634.4956228527046,1.0,Neutral
1613,745.0,0.48345597121624695,True,0.03452358992523247,745.0,0.03452358992523247,0.0,157.16458183395153,1.0,Neutral
1614,736.0,0.4089347098809459,True,0.024629536602643096,736.0,0.024629536602643096,0.0,150.8904682339428,1.0,Neutral
1615,739.0,0.4035278150775527,True,0.03139636143579779,739.0,0.03139636143579779,0.0,154.72839539797943,1.0,Neutral
1616,739.0,0.404879285628579,True,0.031382013557600806,739.0,0.031382013557600806,0.0,1641.4986652501154,1.0,Neutral
1617,736.0,0.41755413064711006,True,0.024458951629587604,736.0,0.024458951629587604,0.0,152.09024515823668,1.0,Neutral
1618,736.0,0.4143651216250666,True,0.02440378741336221,736.0,0.02440378741336221,0.0,144.5671400527638,1.0,Neutral
1619,736.0,0.416164045721422,True,0.02434705551995534,736.0,0.02434705551995534,0.0,1603.2136812863887,1.0,Neutral
1620,739.0,0.40591856215129696,True,0.03118545399970081,739.0,0.03118545399970081,0.0,1589.9705301961405,1.0,Neutral
1621,739.0,0.4076897150539715,True,0.0311308643092619,739.0,0.0311308643092619,0.0,1615.880500082202,1.0,Neutral
1622,745.0,0.49035354053080293,True,0.034417713959954355,745.0,0.034417713959954355,0.0,1646.9680304564258,1.0,Neutral
1623,736.0,0.4277997798904823,True,0.024124667692677768,736.0,0.024124667692677768,0.0,1683.141841063784,1.0,Neutral
1624,745.0,0.4909878733523972,True,0.03433389316068907,745.0,0.03433389316068907,0.0,1711.8944567414446,1.0,Neutral
1625,736.0,0.4298869341583967,True,0.0239955761848281,736.0,0.0239955761848281,0.0,1727.5741425906645,1.0,Neutral
1626,736.0,0.4314894844927795,True,0.023934962034394058,736.0,0.023934962034394058,0.0,1740.8543527297827,1.0,Neutral
1627,736.0,0.43804002933058794,True,0.023880789256346298,736.0,0.023880789256346298,0.0,412.4506696781142,1.0,Neutral
1628,736.0,0.43934388210000946,True,0.02382713756581833,736.0,0.02382713756581833,0.0,15.63907546913376,1.0,Neutral
1629,736.0,0.44051093939401237,True,0.023774335135081103,736.0,0.023774335135081103,0.0,16.044419360888106,1.0,Neutral
1630,736.0,0.44182723369347077,True,0.023714338744354673,736.0,0.023714338744354673,0.0,17.21380811831456,1.0,Neutral
1631,745.0,0.5008391274244548,True,0.03393307165682668,745.0,0.03393307165682668,0.0,17.444861662076306,1.0,Neutral
1632,736.0,0.4447269606366019,True,0.023589890288516564,736.0,0.023589890288516564,0.0,16.758539550538842,1.0,Neutral
1633,736.0,0.4470732675009487,True,0.023517100254265465,736.0,0.023517100254265465,0.0,419.5367989769999,1.0,Neutral
1634,736.0,0.42128055035209605,True,0.023437991325455067,736.0,0.023437991325455067,0.0,420.6179693629738,1.0,Neutral
1635,736.0,0.4254049682742729,True,0.023355134958762687,736.0,0.023355134958762687,0.0,16.039641086341955,1.0,Neutral
1636,736.0,0.4701112396204277,True,0.02326257007895686,736.0,0.02326257007895686,0.0,14.482928646102536,1.0,Neutral
1637,736.0,0.4305263159503114,True,0.023163075097970193,736.0,0.023163075097970193,0.0,15.665129398015221,1.0,Neutral
1638,736.0,0.43257255613193335,True,0.023046888439308914,736.0,0.023046888439308914,0.0,445.7005658893506,1.0,Neutral
1639,736.0,0.4358077585315721,True,0.022910794416836754,736.0,0.022910794416836754,0.0,448.5887783231847,1.0,Neutral
1640,736.0,0.4033798067385718,True,0.02277012691039889,736.0,0.02277012691039889,0.0,446.3323633066489,1.0,Neutral
1641,736.0,0.43770496071984344,True,0.022603687432284515,736.0,0.022603687432284515,0.0,448.15442470473295,1.0,Neutral
1642,736.0,0.41109643096945364,True,0.02242471513973117,736.0,0.02242471513973117,0.0,445.80973912922855,1.0,Neutral
1643,736.0,0.44462064239611937,True,0.022235102895615685,736.0,0.022235102895615685,0.0,443.3579062233585,1.0,Neutral
1644,736.0,0.45123447909325265,True,0.0220406538443108,736.0,0.0220406538443108,0.0,443.66749836071403,1.0,Neutral
1645,736.0,0.4515259611032781,True,0.02181862800777196,736.0,0.02181862800777196,0.0,449.65315952196204,1.0,Neutral
1646,736.0,0.45356963286262814,True,0.02159015827723215,736.0,0.02159015827723215,0.0,450.3184432984508,1.0,Neutral
1647,736.0,0.4547042563167427,True,0.021342591590607578,736.0,0.021342591590607578,0.0,453.78425774712923,1.0,Neutral
1648,,0.0,False,,,,,497.13900718524843,1.0,Neutral
1649,736.0,0.48081279857401343,True,0.020846153799007828,736.0,0.020846153799007828,0.0,459.261004805654,1.0,Neutral
1650,736.0,0.48248198236021894,True,0.020593743296278857,736.0,0.020593743296278857,0.0,465.3527962316999,1.0,Neutral
1651,745.0,0.789975106716156,False,0.028939933956326026,745.0,0.028939933956326026,0.0,473.65969443817886,1.0,Neutral
1652,745.0,0.6744906902313232,False,0.02854287640433337,745.0,0.02854287640433337,0.0,478.21488808498566,1.0,Neutral
1653,745.0,0.7422348856925964,False,0.028151124011761258,745.0,0.028151124011761258,0.0,477.491202903287,1.0,Neutral
1654,745.0,0.6614152193069458,False,0.027841590035279702,745.0,0.027841590035279702,0.0,491.09984059236626,1.0,Neutral
1655,745.0,0.9503186345100403,False,0.02752917247715476,745.0,0.02752917247715476,0.0,505.2350758657799,1.0,Neutral
1656,745.0,0.8866103291511536,False,0.027273213766760188,745.0,0.027273213766760188,0.0,516.8229404505971,1.0,Neutral
1657,745.0,0.7402226328849792,False,0.02700162893481208,745.0,0.02700162893481208,0.0,525.4903827569436,1.0,Neutral
1658,745.0,0.9932718873023987,False,0.026769928376727398,745.0,0.026769928376727398,0.0,533.513245238199,1.0,Neutral
1659,745.0,0.9928927421569824,False,0.026554981109446443,745.0,0.026554981109446443,0.0,544.7981486165556,1.0,Neutral
1660,745.0,0.9912844896316528,False,0.026345300758650332,745.0,0.026345300758650332,0.0,551.9329186831737,1.0,Neutral
1661,745.0,0.765029788017273,False,0.026145653593192146,745.0,0.026145653593192146,0.0,555.1142630463319,1.0,Neutral
1662,745.0,0.6647776365280151,False,0.025983219484226862,745.0,0.025983219484226862,0.0,561.077983648502,1.0,Neutral
1663,745.0,0.6392852067947388,True,0.0258416350539384,745.0,0.0258416350539384,0.0,561.8370988488608,1.0,Neutral
1664,765.0,0.344967246055603,True,0.01,745.0,0.01779628790777018,0.06165391906304767,700.8353440630742,1.0,Neutral
1665,765.0,0.3711088001728058,True,0.028912007570616866,765.0,0.028912007570616866,0.0,704.9738831529002,1.0,Neutral
1666,763.0,0.4711483418941498,True,0.03293908244625798,763.0,0.03293908244625798,0.0,715.4784866038896,1.0,Neutral
1667,765.0,0.41002336144447327,True,0.02887132572523815,765.0,0.02887132572523815,0.0,714.4625700685745,1.0,Neutral
1668,765.0,0.4492112100124359,True,0.020988501027899863,765.0,0.020988501027899863,0.0,718.4239594390917,1.0,Neutral
1669,745.0,0.3767523467540741,True,0.025638233079981643,745.0,0.025638233079981643,0.0,1458.301494444303,1.0,Neutral
1670,775.0,0.6580227017402649,False,0.08759787816762776,775.0,0.08759787816762776,0.0,1534.5605257446086,0.9966666666666667,Neutral
1671,775.0,0.577652633190155,True,0.08936062398539926,775.0,0.08936062398539926,0.0,1447.6456828804448,0.9966666666666667,Neutral
1672,777.0,0.6514720916748047,False,0.040012825601041524,775.0,0.057952634412615105,0.22218494100337902,1271.4828273340183,0.9933333333333333,Neutral
1673,765.0,0.5428328514099121,True,0.028912514715682815,765.0,0.028912514715682815,0.0,1372.6001757683262,0.9933333333333333,Neutral
1674,779.0,0.9306800961494446,False,0.04308984644578454,779.0,0.04308984644578454,0.0,1401.7921448071359,0.99,Neutral
1675,779.0,0.9334821105003357,False,0.04341001466111388,779.0,0.04341001466111388,0.0,1414.2648369734918,0.9866666666666667,Neutral
1676,736.0,0.49372975821835063,True,0.018181841301902566,736.0,0.018181841301902566,0.0,1454.298284769482,0.9866666666666667,Neutral
1677,736.0,0.4968422053677137,True,0.018191637917902452,736.0,0.018191637917902452,0.0,1502.8270408307294,0.9866666666666667,Neutral
1678,765.0,0.4891212321232951,True,0.029880351446154866,765.0,0.029880351446154866,0.0,1589.603335186191,0.9866666666666667,Neutral
1679,765.0,0.4566677560166815,True,0.030192817339197167,765.0,0.030192817339197167,0.0,1679.1658695902574,0.9866666666666667,Neutral
1680,765.0,0.503832988914501,True,0.030481323084922816,765.0,0.030481323084922816,0.0,1697.872424372842,0.9866666666666667,Neutral
1681,745.0,0.5201965911492819,True,0.026600238105168095,745.0,0.026600238105168095,0.0,1700.1404576820228,0.9866666666666667,Neutral
1682,745.0,0.5231381216664571,True,0.02670163782398967,745.0,0.02670163782398967,0.0,1692.0945994709537,0.9866666666666667,Neutral
1683,765.0,0.5196559298389046,True,0.03126640902403664,765.0,0.03126640902403664,0.0,1701.522433625992,0.9866666666666667,Neutral
1684,745.0,0.5874179872841137,False,0.026903460851841785,745.0,0.026903460851841785,0.0,680.8620246536841,0.9866666666666667,Neutral
1685,745.0,0.5137858469121711,True,0.026969427812622408,745.0,0.026969427812622408,0.0,2510.629523409974,0.9866666666666667,Neutral
1686,745.0,0.5631758742850229,False,0.027056985871333438,745.0,0.027056985871333438,0.0,2524.654794483834,0.9866666666666667,Neutral
1687,745.0,0.5779995304475389,False,0.027162312179772826,745.0,0.027162312179772826,0.0,685.7943671320103,0.9866666666666667,Neutral
1688,745.0,0.6017968341171311,False,0.027249118156960066,745.0,0.027249118156960066,0.0,684.1007985012083,0.9866666666666667,Neutral
1689,765.0,0.6189775474695514,False,0.03338679045163213,765.0,0.03338679045163213,0.0,2028.1210072497797,0.9866666666666667,Neutral
1690,765.0,0.6125305823881859,False,0.033695070651199366,765.0,0.033695070651199366,0.0,2011.573395597594,0.9866666666666667,Neutral
1691,745.0,0.6011708447162529,False,0.02745633614968881,745.0,0.02745633614968881,0.0,1987.8987668592918,0.9866666666666667,Neutral
1692,745.0,0.6177038710410162,False,0.027567705169118023,745.0,0.027567705169118023,0.0,1883.5792269807405,0.9866666666666667,Neutral
1693,765.0,0.6787278397391211,False,0.03480290691160707,765.0,0.03480290691160707,0.0,583.1818894831622,0.9866666666666667,Neutral
1694,745.0,0.6253749518341585,False,0.02787366015989377,745.0,0.02787366015989377,0.0,590.0476823303311,0.9866666666666667,Neutral
1695,745.0,0.625399805702654,False,0.028082508031262995,745.0,0.028082508031262995,0.0,603.0607643151452,0.9866666666666667,Neutral
1696,745.0,0.6244936655224633,False,0.028283081058922098,745.0,0.028283081058922098,0.0,610.4079711607487,0.9866666666666667,Neutral
1697,745.0,0.6226740173929917,False,0.02849881168742416,745.0,0.02849881168742416,0.0,621.1193015133196,0.9866666666666667,Neutral
1698,745.0,0.6049270334702548,False,0.028710349477340667,745.0,0.028710349477340667,0.0,622.463852682479,0.9866666666666667,Neutral
1699,745.0,0.6044579856565493,False,0.028914113629053762,745.0,0.028914113629053762,0.0,704.3221590003005,0.9866666666666667,Neutral
1700,745.0,0.6116670334662506,False,0.02911514538806401,745.0,0.02911514538806401,0.0,699.6463050550738,0.9866666666666667,Neutral
1701,745.0,0.5874887624884472,False,0.0293495106665721,745.0,0.0293495106665721,0.0,1930.90345864865,0.9866666666666667,Neutral
1702,736.0,0.5481592564279442,True,0.018580670476699923,736.0,0.018580670476699923,0.0,3039.2202905899553,0.9866666666666667,Neutral
1703,745.0,0.5924612148187463,False,0.029816895400931673,745.0,0.029816895400931673,0.0,3084.234014499383,0.9866666666666667,Neutral
1704,745.0,0.5854499782836502,False,0.030066766132073788,745.0,0.030066766132073788,0.0,3050.997115980913,0.9866666666666667,Neutral
1705,736.0,0.5634299351145706,False,0.018716806258354174,736.0,0.018716806258354174,0.0,2990.963316214775,0.9866666666666667,Neutral
1706,736.0,0.5610370393963345,False,0.018754918526698788,736.0,0.018754918526698788,0.0,2983.8181703897308,0.9866666666666667,Neutral
1707,745.0,0.5496000622359888,True,0.030749921418077034,745.0,0.030749921418077034,0.0,3012.257037997237,0.9866666666666667,Neutral
1708,745.0,0.5406695970166039,True,0.030953265406686453,745.0,0.030953265406686453,0.0,1195.8105824749446,0.9866666666666667,Neutral
1709,736.0,0.5896823777425114,False,0.018848410117453918,736.0,0.018848410117453918,0.0,1210.446889791731,0.9866666666666667,Neutral
1710,745.0,0.5235187996710279,True,0.031420059701634674,745.0,0.031420059701634674,0.0,775.95351636929,0.9866666666666667,Neutral
1711,745.0,0.5121286935497946,True,0.0317459006909162,745.0,0.0317459006909162,0.0,659.539426999634,0.9866666666666667,Neutral
1712,745.0,0.5024974514923696,True,0.032172411857625795,745.0,0.032172411857625795,0.0,661.8807153817863,0.9866666666666667,Neutral
1713,745.0,0.495982238888022,True,0.032685818635557744,765.0,0.032825072799006746,0.18319900158253796,247.49921083045763,0.9866666666666667,Neutral
1714,745.0,0.5873604328127257,False,0.03330025674749623,765.0,0.03364717694495368,0.09049978818722182,249.4853248822431,0.9866666666666667,Neutral
1715,745.0,0.505399904694734,True,0.03402461129064087,765.0,0.03463891133768468,0.08942540319493385,251.33170218491307,0.9866666666666667,Neutral
1716,745.0,0.5599692493965358,False,0.03487989191166595,765.0,0.035826262651594956,0.1329703126134312,253.1614822339842,0.9866666666666667,Neutral
1717,736.0,0.798352345086965,False,0.020589143324487844,736.0,0.020589143324487844,0.0,253.4866847207884,0.9866666666666667,Neutral
1718,745.0,0.6708432224476201,False,0.03730983847750838,765.0,0.03922459597636264,0.04177546941856099,249.58870293895447,0.9866666666666667,Neutral
1719,745.0,0.6652440082191461,False,0.03871621683036737,765.0,0.04122979839731923,0.040411662977229895,247.41236983722393,0.9866666666666667,Neutral
1720,745.0,0.6656267341823819,False,0.04014816584012571,745.0,0.04014816584012571,0.0,247.50548948135702,0.9866666666666667,Neutral
1721,736.0,0.9504882180733196,False,0.022689283248442854,736.0,0.022689283248442854,0.0,249.45561958428783,0.9866666666666667,Neutral
1722,736.0,0.8154323211341779,False,0.02336475861454731,736.0,0.02336475861454731,0.0,247.02253830294325,0.9866666666666667,Neutral
1723,736.0,0.796592264355654,False,0.024113832054116952,736.0,0.024113832054116952,0.0,239.10599175985763,0.9866666666666667,Neutral
1724,736.0,0.9495133404826661,False,0.024929084041092307,736.0,0.024929084041092307,0.0,235.6166899922485,0.9866666666666667,Neutral
1725,736.0,0.9493662952607232,False,0.025823510164114792,736.0,0.025823510164114792,0.0,233.05058583614846,0.9866666666666667,Neutral
1726,745.0,0.970817956824469,False,0.07974899732029005,745.0,0.07974899732029005,0.0,0.0,0.9866666666666667,Neutral
1727,745.0,0.9711369566224961,False,0.12507603482981397,745.0,0.12507603482981397,0.0,0.0,0.9866666666666667,Neutral
1728,736.0,0.9691204117034462,False,0.029186638752682705,736.0,0.029186638752682705,0.0,0.0,0.9866666666666667,Neutral
1729,736.0,0.9689968035265634,False,0.030649753280520466,736.0,0.030649753280520466,0.0,0.0,0.9866666666666667,Neutral
1730,745.0,0.9709053620616497,False,0.23770062433273173,745.0,0.23770062433273173,0.0,0.0,0.9866666666666667,Positive
1731,736.0,0.9685948469941833,False,0.03419810685132642,736.0,0.03419810685132642,0.0,0.0,0.9866666666666667,Positive
1732,745.0,0.9705054846473946,False,0.26922546693007,745.0,0.26922546693007,0.0,0.0,0.9866666666666667,Positive
1733,745.0,0.97018458042238,False,0.2588703495799992,745.0,0.2588703495799992,0.0,0.0,0.9866666666666667,Positive
1734,736.0,0.9677864102736152,False,0.04217485177923949,736.0,0.04217485177923949,0.0,0.0,0.9866666666666667,Positive
1735,736.0,1.0,False,0.04538722089947406,736.0,0.04538722089947406,0.0,0.0,0.9866666666666667,Positive
1736,736.0,1.0,False,0.04905331666749716,736.0,0.04905331666749716,0.0,0.0,0.9866666666666667,Positive
1737,736.0,0.9531789507922525,False,0.053484928143051405,736.0,0.053484928143051405,0.0,0.0,0.9866666666666667,Positive
1738,736.0,1.0,False,0.058853996363436994,736.0,0.058853996363436994,0.0,0.0,0.9866666666666667,Positive
1739,736.0,1.0,False,0.11790998901123194,736.0,0.11790998901123194,0.0,0.0,0.9866666666666667,Positive
1740,736.0,1.0,False,0.1864713997075634,736.0,0.1864713997075634,0.0,0.0,0.9866666666666667,Positive
1741,736.0,1.0,False,0.253026396629432,736.0,0.253026396629432,0.0,0.0,0.9866666666666667,Positive
1742,736.0,1.0,False,0.3157836765771748,736.0,0.3157836765771748,0.0,0.0,0.9866666666666667,Positive
1743,736.0,1.0,False,0.3730871516642393,736.0,0.3730871516642393,0.0,0.0,0.9866666666666667,Positive
1744,736.0,1.0,False,0.41361804863699514,736.0,0.41361804863699514,0.0,0.0,0.9866666666666667,Positive
1745,771.0,1.0,False,0.052491371363498095,771.0,0.052491371363498095,0.0,0.0,0.9833333333333333,Positive
1746,736.0,1.0,False,0.4072251066316892,736.0,0.4072251066316892,0.0,0.0,0.9833333333333333,Positive
1747,736.0,1.0,False,0.4124554760388829,736.0,0.4124554760388829,0.0,0.0,0.9833333333333333,Positive
1748,,,False,,,,,,,Neutral
1749,,,False,,,,,,,Neutral
1750,736.0,0.9840700654776644,False,0.4448974904926744,736.0,0.4448974904926744,0.0,0.0,0.9833333333333333,Positive
1751,924.0,0.7727575570407924,False,0.4434468683646495,924.0,0.4434468683646495,0.0,0.0,0.9833333333333333,Positive
1752,736.0,0.8268785159838431,False,0.3221667449259972,736.0,0.3221667449259972,0.0,0.0,0.9833333333333333,Positive
1753,736.0,0.8448961705858847,False,0.2636533081758139,736.0,0.2636533081758139,0.0,0.0,0.9833333333333333,Positive
1754,935.0,0.9164908585460602,False,0.026121305046222745,935.0,0.026121305046222745,0.0,892.2870772959154,0.9833333333333333,Positive
1755,924.0,0.8405261261353572,False,0.43674892029819673,924.0,0.43674892029819673,0.0,0.0,0.9833333333333333,Positive
1756,924.0,0.9654903031052181,False,0.44272099609349147,924.0,0.44272099609349147,0.0,0.0,0.9833333333333333,Positive
1757,947.0,0.8704413558904505,False,0.10071589035119657,924.0,0.2323758888014797,0.09788084211420145,0.0,0.9833333333333333,Positive
1758,948.0,0.894129436232105,False,0.03014935786844675,948.0,0.03014935786844675,0.0,742.6332537160131,0.9833333333333333,Positive
1759,948.0,0.8971348108669841,False,0.030691456311691047,948.0,0.030691456311691047,0.0,754.6128480103285,0.9833333333333333,Positive
1760,948.0,0.8985122096292967,False,0.03128565154631704,948.0,0.03128565154631704,0.0,752.2523245372919,0.9833333333333333,Positive
1761,948.0,0.8995369025431726,False,0.03201757903641405,948.0,0.03201757903641405,0.0,747.1631490283953,0.9833333333333333,Positive
1762,948.0,0.8968246965146982,False,0.03280016874486049,948.0,0.03280016874486049,0.0,882.0641033932573,0.9833333333333333,Positive
1763,948.0,0.8959035856603976,False,0.03362165525679405,948.0,0.03362165525679405,0.0,150.03601501270248,0.9833333333333333,Positive
1764,948.0,0.8958470283311353,False,0.03455352359196174,948.0,0.03455352359196174,0.0,93.20467215633028,0.9833333333333333,Positive
1765,948.0,0.8929864014514476,False,0.03546943979925926,948.0,0.03546943979925926,0.0,74.38235637811817,0.9833333333333333,Positive
1766,948.0,0.8887507182337719,False,0.036271862812264605,948.0,0.036271862812264605,0.0,97.57795841981343,0.9833333333333333,Positive
1767,948.0,0.880122686166626,False,0.03711011808495123,948.0,0.03711011808495123,0.0,122.1377562761739,0.9833333333333333,Positive
1768,948.0,0.8796034761030516,False,0.037924398987674475,948.0,0.037924398987674475,0.0,291.96265227834067,0.9833333333333333,Positive
1769,948.0,0.8756931217905757,False,0.03878307280258056,948.0,0.03878307280258056,0.0,289.84811768931615,0.9833333333333333,Positive
1770,964.0,0.9952929742688564,False,0.016000994925665944,964.0,0.016000994925665944,0.0,256.85000627947113,0.9833333333333333,Positive
1771,964.0,0.9951309377437562,False,0.016164229349025373,964.0,0.016164229349025373,0.0,212.01521466245748,0.9833333333333333,Positive
1772,948.0,0.8638133515447287,False,0.040606422886142114,948.0,0.040606422886142114,0.0,93.66384482513774,0.9833333333333333,Positive
1773,948.0,0.8578943839483629,False,0.041185608032838966,948.0,0.041185608032838966,0.0,58.848888647168465,0.9833333333333333,Positive
1774,948.0,0.8514253697746746,False,0.041764041523568,948.0,0.041764041523568,0.0,97.4982069348647,0.9833333333333333,Positive
1775,948.0,0.8372924899905303,False,0.04229782888741935,948.0,0.04229782888741935,0.0,69.0660022328633,0.9833333333333333,Positive
1776,948.0,0.8395428084181988,False,0.04266369983791329,948.0,0.04266369983791329,0.0,9.14539654848743,0.9833333333333333,Positive
1777,,,False,,,,,,,Neutral
1778,,,False,,,,,,,Neutral
1779,,,False,,,,,,,Neutral
1780,971.0,1.0,False,0.02740967505868318,971.0,0.02740967505868318,0.0,0.0,0.98,Positive
1781,971.0,1.0,False,0.027356372395652622,971.0,0.027356372395652622,0.0,0.0,0.9766666666666667,Positive
1782,971.0,1.0,False,0.027305604395139575,971.0,0.027305604395139575,0.0,0.0,0.9733333333333334,Positive
1783,971.0,1.0,False,0.027117099165781085,971.0,0.027117099165781085,0.0,0.0,0.97,Positive
1784,971.0,1.0,False,0.02673616889147618,971.0,0.02673616889147618,0.0,0.0,0.9666666666666667,Positive
1785,,,False,,,,,,,Neutral
1786,971.0,1.0,False,0.02632273675565223,971.0,0.02632273675565223,0.0,0.0,0.9633333333333334,Neutral
1787,971.0,1.0,False,0.026124621130692166,971.0,0.026124621130692166,0.0,0.0,0.96,Neutral
1788,971.0,1.0,False,0.02580693999395978,971.0,0.02580693999395978,0.0,0.0,0.9566666666666667,Neutral
1789,971.0,1.0,False,0.02571101595635006,971.0,0.02571101595635006,0.0,0.0,0.9533333333333334,Neutral
1790,971.0,1.0,False,0.025529139773144745,971.0,0.025529139773144745,0.0,0.0,0.95,Neutral
1791,971.0,1.0,False,0.02519372765990359,971.0,0.02519372765990359,0.0,0.0,0.9466666666666667,Neutral
1792,971.0,1.0,False,0.024890775461656342,971.0,0.024890775461656342,0.0,0.0,0.9433333333333334,Neutral
1793,971.0,1.0,False,0.024675946689605165,971.0,0.024675946689605165,0.0,0.0,0.94,Neutral
1794,971.0,1.0,False,0.02447366822716315,971.0,0.02447366822716315,0.0,0.0,0.9366666666666666,Neutral
1795,971.0,1.0,False,0.024525781537496585,971.0,0.024525781537496585,0.0,0.0,0.9333333333333333,Neutral
1796,971.0,1.0,False,0.024931694592497704,971.0,0.024931694592497704,0.0,0.0,0.93,Neutral
1797,971.0,1.0,False,0.025424171560172175,971.0,0.025424171560172175,0.0,0.0,0.9266666666666666,Neutral
1798,971.0,1.0,False,0.025922037034173277,971.0,0.025922037034173277,0.0,0.0,0.9233333333333333,Neutral
1799,971.0,1.0,False,0.026387068672062135,971.0,0.026387068672062135,0.0,0.0,0.92,Neutral
1800,971.0,1.0,False,0.026714132046028186,971.0,0.026714132046028186,0.0,0.0,0.9166666666666666,Neutral
1801,971.0,1.0,False,0.02692335096834547,971.0,0.02692335096834547,0.0,0.0,0.9133333333333333,Neutral
1802,971.0,1.0,False,0.026984981785880883,971.0,0.026984981785880883,0.0,0.0,0.91,Neutral
1803,971.0,1.0,False,0.027033840655592625,971.0,0.027033840655592625,0.0,0.0,0.9066666666666666,Neutral
1804,971.0,1.0,False,0.026996928385237744,971.0,0.026996928385237744,0.0,0.0,0.9033333333333333,Neutral
1805,971.0,1.0,False,0.026907781692168144,971.0,0.026907781692168144,0.0,0.0,0.9,Neutral
1806,971.0,1.0,False,0.02680047633529693,971.0,0.02680047633529693,0.0,0.0,0.8966666666666666,Neutral
1807,971.0,1.0,False,0.02670342502776137,971.0,0.02670342502776137,0.0,0.0,0.8933333333333333,Neutral
1808,971.0,1.0,False,0.02659677058963139,971.0,0.02659677058963139,0.0,0.0,0.89,Neutral
1809,971.0,1.0,False,0.026455424464038358,971.0,0.026455424464038358,0.0,0.0,0.8866666666666667,Neutral
1810,971.0,1.0,False,0.02621873698549278,971.0,0.02621873698549278,0.0,0.0,0.8833333333333333,Neutral
1811,971.0,1.0,False,0.02603740485427607,971.0,0.02603740485427607,0.0,0.0,0.88,Neutral
1812,971.0,1.0,False,0.026015642026078856,971.0,0.026015642026078856,0.0,0.0,0.8766666666666667,Neutral
1813,971.0,1.0,False,0.02602856842145527,971.0,0.02602856842145527,0.0,0.0,0.8733333333333333,Neutral
1814,971.0,0.8390608971340595,False,0.026031930013734217,971.0,0.026031930013734217,0.0,0.0,0.87,Neutral
1815,971.0,0.9521307702674111,False,0.02593443486626719,971.0,0.02593443486626719,0.0,0.0,0.8666666666666667,Neutral
1816,971.0,0.9470681572150039,False,0.025842611254465606,971.0,0.025842611254465606,0.0,0.0,0.8633333333333333,Neutral
1817,971.0,0.8827788873576994,False,0.02564463690543298,971.0,0.02564463690543298,0.0,0.0,0.86,Neutral
1818,971.0,1.0,False,0.025339240586803317,971.0,0.025339240586803317,0.0,0.0,0.8566666666666667,Neutral
1819,971.0,1.0,False,0.025297541418394062,971.0,0.025297541418394062,0.0,0.0,0.8533333333333334,Neutral
1820,971.0,1.0,False,0.025278396461324498,971.0,0.025278396461324498,0.0,0.0,0.85,Neutral
1821,971.0,1.0,False,0.025194000600077676,971.0,0.025194000600077676,0.0,0.0,0.8466666666666667,Neutral
1822,971.0,1.0,False,0.0255427441862166,971.0,0.0255427441862166,0.0,0.0,0.8433333333333334,Neutral
1823,971.0,1.0,False,0.02606618057763239,971.0,0.02606618057763239,0.0,0.0,0.84,Neutral
1824,971.0,1.0,False,0.026193186079330497,971.0,0.026193186079330497,0.0,0.0,0.8366666666666667,Neutral
1825,971.0,1.0,False,0.026697260372483173,971.0,0.026697260372483173,0.0,0.0,0.8333333333333334,Neutral
1826,971.0,1.0,False,0.027164010344805055,971.0,0.027164010344805055,0.0,0.0,0.83,Neutral
1827,971.0,1.0,False,0.027381702724870415,971.0,0.027381702724870415,0.0,0.0,0.8266666666666667,Neutral
1828,979.0,0.94138244379249,False,0.021719678657287467,979.0,0.021719678657287467,0.0,0.0,0.8266666666666667,Neutral
1829,979.0,0.9423493019269157,False,0.02182829612517256,979.0,0.02182829612517256,0.0,0.0,0.8266666666666667,Neutral
1830,979.0,0.932948187433538,False,0.021964548546963662,979.0,0.021964548546963662,0.0,0.0,0.8266666666666667,Neutral
1831,979.0,0.9328527999770356,False,0.02215537316186385,979.0,0.02215537316186385,0.0,0.0,0.8266666666666667,Neutral
1832,979.0,0.9257173907869826,False,0.02245847707579663,979.0,0.02245847707579663,0.0,0.0,0.8266666666666667,Neutral
1833,971.0,1.0,False,0.02744630530534616,971.0,0.02744630530534616,0.0,0.0,0.8233333333333334,Neutral
1834,971.0,1.0,False,0.02745377068265623,971.0,0.02745377068265623,0.0,0.0,0.82,Neutral
1835,971.0,0.9797727711682539,False,0.027397936047070234,971.0,0.027397936047070234,0.0,0.0,0.8166666666666667,Neutral
1836,971.0,1.0,False,0.02735925409740047,971.0,0.02735925409740047,0.0,0.0,0.8133333333333334,Neutral
1837,971.0,0.9749169712908365,False,0.02735584629773832,971.0,0.02735584629773832,0.0,0.0,0.81,Neutral
1838,971.0,0.9676908483810904,False,0.02733971010554816,971.0,0.02733971010554816,0.0,0.0,0.8066666666666666,Neutral
1839,971.0,0.9585593859015525,False,0.027400163970479886,971.0,0.027400163970479886,0.0,0.0,0.8033333333333333,Neutral
1840,971.0,0.9125667578641505,False,0.02740757586289758,971.0,0.02740757586289758,0.0,0.0,0.8,Neutral
1841,971.0,1.0,False,0.02739147536902567,971.0,0.02739147536902567,0.0,0.0,0.7966666666666666,Neutral
1842,,,False,,,,,,,Neutral
1843,992.0,0.8550987858093972,False,0.4437131101117223,992.0,0.4437131101117223,0.0,728.5357115207302,0.7966666666666666,Positive
1844,992.0,0.8519635790880905,False,0.431243778899693,992.0,0.431243778899693,0.0,677.077028410517,0.7966666666666666,Positive
1845,992.0,0.8514654507845694,False,0.4149633628394962,992.0,0.4149633628394962,0.0,659.9251173234901,0.7966666666666666,Positive
1846,992.0,0.8458457134541308,False,0.3986193604457402,992.0,0.3986193604457402,0.0,625.6233342048222,0.7966666666666666,Positive
1847,992.0,0.8488752860597678,False,0.39224597985780607,992.0,0.39224597985780607,0.0,623.3109517319447,0.7966666666666666,Positive
1848,991.0,0.6796018594276686,False,0.02896188376919457,991.0,0.02896188376919457,0.0,610.2384429788656,0.7966666666666666,Positive
1849,992.0,0.8460400100380843,False,0.3672398995112219,992.0,0.3672398995112219,0.0,603.3832852257041,0.7966666666666666,Positive
1850,992.0,0.844889490679473,False,0.3607937229925885,992.0,0.3607937229925885,0.0,591.3959124080968,0.7966666666666666,Positive
1851,992.0,0.8391346832649615,False,0.3478288810678329,992.0,0.3478288810678329,0.0,579.9148521375404,0.7966666666666666,Positive
1852,990.0,0.9284792861924682,False,0.14513692177926307,990.0,0.14513692177926307,0.0,568.8355963943935,0.7966666666666666,Positive
1853,992.0,0.8368948498049482,False,0.31430745685305816,992.0,0.31430745685305816,0.0,553.493236507428,0.7966666666666666,Positive
1854,991.0,0.713387845339291,False,0.028776909097666167,991.0,0.028776909097666167,0.0,537.9075248879915,0.7966666666666666,Positive
1855,991.0,0.7176609813514713,False,0.028694133931533108,991.0,0.028694133931533108,0.0,521.0223437933807,0.7966666666666666,Positive
1856,990.0,0.9303303519303818,False,0.1658745515293343,990.0,0.1658745515293343,0.0,521.6985311462463,0.7966666666666666,Positive
1857,991.0,0.7314917095622248,False,0.02847156852960433,991.0,0.02847156852960433,0.0,508.93920104899235,0.7966666666666666,Positive
1858,991.0,0.6027539153646979,False,0.028361071780166665,991.0,0.028361071780166665,0.0,1111.0102242484672,0.7966666666666666,Positive
1859,991.0,0.6459703626177522,False,0.028224945940896123,991.0,0.028224945940896123,0.0,487.88763326334737,0.7966666666666666,Positive
1860,991.0,0.7398193916021251,False,0.028134941394175838,991.0,0.028134941394175838,0.0,457.4693806777249,0.7966666666666666,Positive
1861,991.0,0.7424135536261797,False,0.02803610489236885,991.0,0.02803610489236885,0.0,432.22429466941446,0.7966666666666666,Positive
1862,991.0,0.745435757400905,False,0.027949438069312996,991.0,0.027949438069312996,0.0,418.1285021984089,0.7966666666666666,Positive
1863,991.0,0.6590661531655112,False,0.027827622194872625,991.0,0.027827622194872625,0.0,405.42778839130915,0.7966666666666666,Positive
1864,992.0,0.7829236143098097,False,0.12258414908392191,992.0,0.12258414908392191,0.0,395.02633211447454,0.7966666666666666,Positive
1865,992.0,0.7768607702722098,False,0.10986579799608784,992.0,0.10986579799608784,0.0,389.6057649689069,0.7966666666666666,Positive
1866,992.0,0.8888626074220561,False,0.0978184198529496,992.0,0.0978184198529496,0.0,388.79199264133814,0.7966666666666666,Positive
1867,991.0,0.7616767701139295,False,0.027443117663791684,991.0,0.027443117663791684,0.0,371.16534660330547,0.7966666666666666,Positive
1868,989.0,0.8306172490119934,False,0.038235215942659176,989.0,0.038235215942659176,0.0,355.3970522116533,0.7933333333333333,Positive
1869,989.0,0.8741021752357483,False,0.03771538534722189,989.0,0.03771538534722189,0.0,358.38029838476604,0.79,Positive
1870,989.0,0.8475200533866882,False,0.03726103746466299,989.0,0.03726103746466299,0.0,342.8500375025818,0.7866666666666666,Positive
1871,990.0,0.8957353639081734,False,0.17500690954176332,990.0,0.17500690954176332,0.0,327.9401274611684,0.7866666666666666,Positive
1872,991.0,0.7565756661703301,False,0.027269270169347055,991.0,0.027269270169347055,0.0,307.72582503361537,0.7866666666666666,Positive
1873,989.0,0.7616387009620667,False,0.036799475051844624,989.0,0.036799475051844624,0.0,279.232765396881,0.7833333333333333,Positive
1874,989.0,0.7325799465179443,False,0.03669699922420204,989.0,0.03669699922420204,0.0,200.47662629168542,0.78,Positive
1875,991.0,0.7654141052944982,False,0.027323981240233223,991.0,0.027323981240233223,0.0,262.85220846458407,0.78,Positive
1876,991.0,0.7635214942388281,False,0.027389650619008464,991.0,0.027389650619008464,0.0,243.4932353319033,0.78,Positive
1877,991.0,0.7146440139505186,False,0.027521443122876996,991.0,0.027521443122876996,0.0,227.18300696627523,0.78,Positive
1878,990.0,0.8985477128445108,False,0.16021530091591957,990.0,0.16021530091591957,0.0,186.8175823641481,0.78,Positive
1879,991.0,0.7060480310068561,False,0.02778394681990944,991.0,0.02778394681990944,0.0,191.50874069979696,0.78,Positive
1880,991.0,0.7549967252542124,False,0.027924985550186136,991.0,0.027924985550186136,0.0,159.4544862359947,0.78,Positive
1881,991.0,0.7551409844787407,False,0.02804124144919562,991.0,0.02804124144919562,0.0,157.80142480602797,0.78,Positive
1882,991.0,0.7582512501379289,False,0.028199040815684837,991.0,0.028199040815684837,0.0,175.14839373466563,0.78,Positive
1883,990.0,0.8948493165000856,False,0.15087878726441137,990.0,0.15087878726441137,0.0,158.60121707935184,0.78,Positive
1884,991.0,0.7417763969137611,False,0.02868430151294104,991.0,0.02868430151294104,0.0,118.95285136266503,0.78,Positive
1885,989.0,0.7566726207733154,False,0.03476473467854385,989.0,0.03476473467854385,0.0,84.39421350806997,0.7766666666666666,Positive
1886,991.0,0.7305815554151276,False,0.029268256780803824,991.0,0.029268256780803824,0.0,95.52917876976997,0.7766666666666666,Positive
1887,990.0,0.8991635141759343,False,0.14455453348739122,990.0,0.14455453348739122,0.0,54.966181189641986,0.7766666666666666,Positive
1888,991.0,0.706110915888082,False,0.02999307829651979,991.0,0.02999307829651979,0.0,27.20597359505102,0.7766666666666666,Positive
1889,992.0,0.71097347111117,False,0.043506755712150694,990.0,0.04536101925998508,0.405847330721597,25.88719842056,0.7766666666666666,Positive
1890,989.0,0.639167070388794,True,0.03574543010615965,989.0,0.03574543010615965,0.0,6.203233093227339,0.7766666666666666,Positive
1891,989.0,0.6179298162460327,True,0.035878755745074924,989.0,0.035878755745074924,0.0,8.184649616702279,0.7766666666666666,Positive
1892,989.0,0.58660489320755,True,0.03613677719011304,989.0,0.03613677719011304,0.0,40.19161822853764,0.7766666666666666,Positive
1893,990.0,0.8586978953549889,False,0.13662756950057936,990.0,0.13662756950057936,0.0,107.68697547799937,0.7766666666666666,Positive
1894,990.0,0.9085070570651249,False,0.14384356952021254,990.0,0.14384356952021254,0.0,110.98343853394789,0.7766666666666666,Positive
1895,991.0,0.6364026796096995,False,0.033059696296405365,991.0,0.033059696296405365,0.0,1194.2324788823476,0.7766666666666666,Positive
1896,991.0,0.7020830127627828,False,0.033632669562161044,991.0,0.033632669562161044,0.0,1205.4364783597011,0.7766666666666666,Positive
1897,991.0,0.6213195816812763,False,0.03423544690465368,991.0,0.03423544690465368,0.0,1208.4241059244123,0.7766666666666666,Positive
1898,991.0,0.677751689063839,False,0.03488763306040338,991.0,0.03488763306040338,0.0,1203.6899965221276,0.7766666666666666,Positive
1899,1028.0,0.7827906733708827,False,0.01579569396317456,1028.0,0.01579569396317456,0.0,1205.940798042418,0.7766666666666666,Positive
1900,1028.0,0.7942326417478581,False,0.015781572245649057,1028.0,0.015781572245649057,0.0,1261.1947364737082,0.7766666666666666,Neutral
1901,1028.0,0.8022473055479965,False,0.015821179220237402,1028.0,0.015821179220237402,0.0,1299.733906589796,0.7766666666666666,Neutral
1902,1028.0,0.8072516390139501,False,0.015859452992366418,1028.0,0.015859452992366418,0.0,1302.6021411166103,0.7766666666666666,Neutral
1903,1028.0,0.8120953867637456,False,0.015895156465912087,1028.0,0.015895156465912087,0.0,1327.8633120701165,0.7766666666666666,Neutral
1904,1028.0,0.8175553017296648,False,0.015911208806296977,1028.0,0.015911208806296977,0.0,1361.4457817113775,0.7766666666666666,Neutral
1905,1028.0,0.8234847947915546,False,0.015917002306318834,1028.0,0.015917002306318834,0.0,1468.4496949515792,0.7766666666666666,Neutral
1906,1028.0,0.8247842096208722,False,0.015948792686087898,1028.0,0.015948792686087898,0.0,1439.9985242501832,0.7766666666666666,Neutral
1907,1028.0,0.8241681365184149,False,0.016009623739971574,1028.0,0.016009623739971574,0.0,1443.0420976836856,0.7766666666666666,Neutral
1908,991.0,0.7313166260719299,False,0.04221679218322058,991.0,0.04221679218322058,0.0,1382.2978061272042,0.7766666666666666,Neutral
1909,1028.0,0.8351221775328947,False,0.016054782151884352,1028.0,0.016054782151884352,0.0,1352.856141365935,0.7766666666666666,Neutral
1910,991.0,0.6824490788944542,False,0.044571150372652864,991.0,0.044571150372652864,0.0,1350.4135751484885,0.7766666666666666,Neutral
1911,1028.0,0.4823328975457614,True,0.01615487274454471,1028.0,0.01615487274454471,0.0,1428.2459041133063,0.7766666666666666,Neutral
1912,991.0,0.5488079190254211,True,0.047236861742749395,1035.0,0.04853293683989557,0.278744660964413,1404.22634230136,0.7766666666666666,Neutral
1913,991.0,0.545006513595581,True,0.04851267862610891,991.0,0.04851267862610891,0.0,1296.968107570079,0.7766666666666666,Neutral
1914,991.0,0.390901118516922,True,0.049801357020860075,1035.0,0.05108899925337694,0.26478238540936533,1377.8720529663383,0.7766666666666666,Neutral
1915,1028.0,0.8348060646371362,False,0.01649974235659945,1028.0,0.01649974235659945,0.0,1338.3222618431053,0.7766666666666666,Neutral
1916,990.0,0.7937171711594972,False,0.11447349170012398,990.0,0.11447349170012398,0.0,1329.6180295863498,0.7766666666666666,Neutral
1917,990.0,0.7887028377677898,False,0.11073382832017847,990.0,0.11073382832017847,0.0,1339.3514633908635,0.7766666666666666,Neutral
1918,992.0,0.7386452647938109,False,0.035063574930886396,992.0,0.035063574930886396,0.0,1367.248781209646,0.7766666666666666,Neutral
1919,991.0,0.6460655315718845,False,0.05628444624609572,991.0,0.05628444624609572,0.0,1369.7137903444673,0.7766666666666666,Neutral
1920,992.0,0.7523967844774454,False,0.03423620730700018,992.0,0.03423620730700018,0.0,1384.5919502198303,0.7766666666666666,Neutral
1921,990.0,0.7617665942714629,False,0.08688055271317652,990.0,0.08688055271317652,0.0,1402.2983928122026,0.7766666666666666,Positive
1922,1028.0,0.8440696467461168,False,0.016363725233078302,1028.0,0.016363725233078302,0.0,1431.895106131723,0.7766666666666666,Neutral
1923,1028.0,0.850182853186129,False,0.01632244147581381,1028.0,0.01632244147581381,0.0,1354.9375403499434,0.7766666666666666,Neutral
1924,990.0,0.7429129787646043,False,0.07789203628402624,990.0,0.07789203628402624,0.0,1417.994570827659,0.7766666666666666,Neutral
1925,1028.0,0.8409581470085347,False,0.016303556423292058,1028.0,0.016303556423292058,0.0,1363.101404220681,0.7766666666666666,Neutral
1926,1055.0,0.7514382727659104,False,0.05780184017948269,1055.0,0.05780184017948269,0.0,1392.7248855124878,0.7766666666666666,Neutral
1927,1028.0,0.8405738014728644,False,0.01627380319126253,1028.0,0.01627380319126253,0.0,1454.5505656821188,0.7766666666666666,Neutral
1928,1028.0,0.7432766762048388,False,0.016209513639044274,1028.0,0.016209513639044274,0.0,1389.137340691827,0.7766666666666666,Neutral
1929,1055.0,0.7544088896128467,False,0.06028571187706807,1055.0,0.06028571187706807,0.0,1556.1859711739025,0.7766666666666666,Neutral
1930,1028.0,0.8269118688011188,False,0.01622556417313562,1028.0,0.01622556417313562,0.0,1619.1601689513989,0.7766666666666666,Neutral
1931,990.0,0.697905957541174,False,0.043135329529805075,990.0,0.043135329529805075,0.0,1629.7697426007296,0.7766666666666666,Neutral
1932,992.0,0.7813121567588731,False,0.029263501031898422,992.0,0.029263501031898422,0.0,1650.4706097273718,0.7766666666666666,Neutral
1933,1028.0,0.8560251889229638,False,0.016391606031628647,1028.0,0.016391606031628647,0.0,1696.2069820914,0.7766666666666666,Neutral
1934,1028.0,0.8534040813909803,False,0.016535475649366842,1028.0,0.016535475649366842,0.0,1765.7667896605826,0.7766666666666666,Neutral
1935,990.0,0.6702187342861089,False,0.0431474196995266,991.0,0.07371427028509916,0.10529298940981996,1915.0322143559633,0.7766666666666666,Neutral
1936,990.0,0.7264704504394702,False,0.045102157992484244,990.0,0.045102157992484244,0.0,309.61721412716076,0.7766666666666666,Neutral
1937,1028.0,0.8538083436486648,False,0.017096832510935488,1028.0,0.017096832510935488,0.0,1544.9166830094077,0.7766666666666666,Neutral
1938,990.0,0.649532316959461,False,0.05729529128125538,1069.0,0.14579787034783534,0.09520544247252326,1864.9507049115705,0.7766666666666666,Neutral
1939,1028.0,0.8338884076452401,False,0.017459511480297576,1028.0,0.017459511480297576,0.0,1893.1230300197726,0.7766666666666666,Neutral
1940,990.0,0.621298616747822,False,0.08206539594967735,1069.0,0.17484821419061858,0.0919523796361331,1905.8412966519782,0.7766666666666666,Neutral
1941,1028.0,0.8173365571163708,False,0.017986239529784096,1028.0,0.017986239529784096,0.0,1914.4145433776175,0.7766666666666666,Neutral
1942,1069.0,0.6180850977335843,False,0.39159826454756785,1069.0,0.39159826454756785,0.0,1952.5107950120466,0.7766666666666666,Positive
1943,1061.0,0.7903997898101807,False,0.023790006499411247,1061.0,0.023790006499411247,0.0,2000.8156055206493,0.7733333333333333,Positive
1944,1061.0,0.8324701189994812,False,0.024303683295223706,1061.0,0.024303683295223706,0.0,2035.7574584518602,0.77,Positive
1945,1061.0,0.7507330179214478,False,0.024785385677966378,1061.0,0.024785385677966378,0.0,2043.9304416855405,0.7666666666666667,Positive
1946,1061.0,0.7473474740982056,False,0.025314234983247128,1061.0,0.025314234983247128,0.0,2065.009291202784,0.7633333333333333,Positive
1947,1028.0,0.8076017992705363,False,0.01989686563264454,1028.0,0.01989686563264454,0.0,2041.8392364858873,0.7633333333333333,Positive
1948,1028.0,0.8072211892235518,False,0.020231791658403324,1028.0,0.020231791658403324,0.0,2079.9361140968986,0.7633333333333333,Neutral
1949,1028.0,0.7999010096327249,False,0.020609563695861127,1028.0,0.020609563695861127,0.0,2141.859096142313,0.7633333333333333,Neutral
1950,1028.0,0.7888433444794754,False,0.02100739039748262,1028.0,0.02100739039748262,0.0,2201.301037476663,0.7633333333333333,Neutral
1951,1028.0,0.7809044797672768,False,0.02136618981485524,1028.0,0.02136618981485524,0.0,682.0904101289809,0.7633333333333333,Neutral
1952,1028.0,0.810029151969297,False,0.021652427121561665,1028.0,0.021652427121561665,0.0,0.0,0.7633333333333333,Neutral
1953,1028.0,0.7664561402507515,False,0.021970654625618504,1028.0,0.021970654625618504,0.0,761.6726903086974,0.7633333333333333,Neutral
1954,1028.0,0.7652191806075256,False,0.022226168038651448,1028.0,0.022226168038651448,0.0,819.518225723283,0.7633333333333333,Neutral
1955,1028.0,0.754663504491876,False,0.022573788187261874,1028.0,0.022573788187261874,0.0,848.6683346982538,0.7633333333333333,Neutral
1956,1028.0,0.750730200856949,False,0.02298685819394458,1028.0,0.02298685819394458,0.0,871.1942094560345,0.7633333333333333,Neutral
1957,1028.0,0.7367585537607532,False,0.02341428631801135,1028.0,0.02341428631801135,0.0,905.766034088135,0.7633333333333333,Neutral
1958,1028.0,0.7195705877403815,False,0.02389957418479635,1028.0,0.02389957418479635,0.0,927.2479667830389,0.7633333333333333,Neutral
1959,1028.0,0.7054733062032594,False,0.024364359346142273,1028.0,0.024364359346142273,0.0,967.3960882929637,0.7633333333333333,Neutral
1960,1028.0,0.6948582897302732,False,0.024805396561964076,1028.0,0.024805396561964076,0.0,1027.2326896769841,0.7633333333333333,Neutral
1961,990.0,0.5800803103379025,False,0.1433500505414801,1035.0,0.20349324436824467,0.049438597806062745,2773.2291226581838,0.7633333333333333,Neutral
1962,1028.0,0.6774842351108726,False,0.025699437964500575,1028.0,0.025699437964500575,0.0,1192.025979864291,0.7633333333333333,Neutral
1963,1028.0,0.6681151424302098,False,0.02618810074785479,1028.0,0.02618810074785479,0.0,1217.6100654203462,0.7633333333333333,Neutral
1964,990.0,0.6160084972645858,False,0.1507820028980571,1035.0,0.22250668043508126,0.06134298354809667,1246.2561264159394,0.7633333333333333,Neutral
1965,1035.0,0.5844943677933527,False,0.26127632758869146,1035.0,0.26127632758869146,0.0,1284.0377925493483,0.7633333333333333,Positive
1966,1035.0,0.5897319596546878,False,0.25735002597168083,1035.0,0.25735002597168083,0.0,1307.1442406482734,0.7633333333333333,Positive
1967,990.0,0.6301061286511228,False,0.1445303265994235,1035.0,0.21043841471092303,0.06881885167759787,2404.137065588316,0.7633333333333333,Positive
1968,990.0,0.5830777681674535,False,0.1432188092073556,1035.0,0.20928244314166558,0.03520565027911693,1719.6218700431614,0.7633333333333333,Positive
1969,1061.0,0.9016834497451782,False,0.034525444790846266,1061.0,0.034525444790846266,0.0,372.901052310261,0.76,Positive
1970,990.0,0.6311729268191567,False,0.1582533387084514,1035.0,0.21681752205983543,0.07699903204715142,361.36973008464787,0.76,Positive
1971,1119.0,0.9618896656529787,False,0.01670812164251476,1119.0,0.01670812164251476,0.0,3326.041524097465,0.76,Positive
1972,992.0,0.807622871155629,False,0.029436013303642563,992.0,0.029436013303642563,0.0,1652.7650012338254,0.76,Positive
1973,990.0,0.650509647497919,False,0.17299920829786242,1035.0,0.2095940730012154,0.04465544615196049,1992.8833177648967,0.76,Positive
1974,992.0,0.8100439462821828,False,0.029654046679151724,992.0,0.029654046679151724,0.0,1641.7724990065117,0.76,Positive
1975,990.0,0.6054033447743884,False,0.17245109639042444,1035.0,0.22659602574029936,0.09656913828869902,3248.8627594788836,0.76,Positive
1976,990.0,0.6093433036453331,False,0.17162782142157654,1035.0,0.23137398208603996,0.10004397272801642,3504.0311642949646,0.76,Positive
1977,990.0,0.6506766621454178,False,0.17407189096499,1035.0,0.22257612933664575,0.10825550557298441,3610.3163206679224,0.76,Positive
1978,990.0,0.6556020288908911,False,0.180079719245406,1035.0,0.21510373328731017,0.1131789641551265,3648.073674913012,0.76,Positive
1979,990.0,0.6613137512988686,False,0.18506178064144335,1035.0,0.20661998532916553,0.1783703420187833,3610.6632587039753,0.76,Positive
1980,992.0,0.7400891582488127,False,0.02925221523812481,992.0,0.02925221523812481,0.0,3560.1261066054794,0.76,Positive
1981,990.0,0.5424520969390869,True,0.18764988064770327,1035.0,0.19351749984785965,0.19248258278327596,2491.1773923905344,0.76,Positive
1982,1148.0,0.7433453639546693,False,0.1781408555220686,1035.0,0.2052309918505824,0.11676750902769824,2428.655480310201,0.76,Positive
1983,1148.0,0.6656486144894519,False,0.17339660130260406,1035.0,0.19222146062496218,0.1879340913871508,3500.1504148615804,0.76,Positive
1984,992.0,0.7279655784931369,False,0.028237000721309087,992.0,0.028237000721309087,0.0,3445.8508432685385,0.76,Positive
1985,990.0,0.6290519529296692,False,0.18614570774672867,990.0,0.18614570774672867,0.0,3405.895617486157,0.76,Positive
1986,1035.0,0.6142880306216119,False,0.25339241750193375,1035.0,0.25339241750193375,0.0,3392.9411390740092,0.76,Positive
1987,1035.0,0.6714294087034863,False,0.249736860889047,1035.0,0.249736860889047,0.0,2451.047229314601,0.76,Positive
1988,1148.0,0.656265945664953,False,0.17546369198448106,1148.0,0.17546369198448106,0.0,3356.6523858599026,0.76,Positive
1989,1035.0,0.648411967922568,False,0.26395606647645486,1035.0,0.26395606647645486,0.0,3341.0296892714086,0.76,Positive
1990,992.0,0.7115833468399999,False,0.02775525640899506,992.0,0.02775525640899506,0.0,1573.0789098280693,0.76,Positive
1991,1148.0,0.6508954243151666,False,0.177062509085179,1148.0,0.177062509085179,0.0,1538.0183898384757,0.76,Positive
1992,1148.0,0.6478554724480878,False,0.1795607384833282,1148.0,0.1795607384833282,0.0,1478.7058753502265,0.76,Positive
1993,1061.0,0.694669783115387,False,0.04539449773329858,1153.0,0.099838454280973,0.2658045421384876,3215.5452901407543,0.7566666666666667,Positive
1994,992.0,0.6937886970372137,False,0.027866785500061057,992.0,0.027866785500061057,0.0,1472.8080882848883,0.7566666666666667,Positive
1995,1035.0,0.7147992178305463,False,0.2622571518557848,1035.0,0.2622571518557848,0.0,496.7570842131548,0.7566666666666667,Positive
1996,1035.0,0.6040430179417632,False,0.2688671038994117,1035.0,0.2688671038994117,0.0,1448.6506963712486,0.7566666666666667,Positive
1997,1035.0,0.605855535793552,False,0.27133882699262746,1035.0,0.27133882699262746,0.0,1409.0719480671494,0.7566666666666667,Positive
1998,1035.0,0.6615253885839855,False,0.26807942401963025,1035.0,0.26807942401963025,0.0,1358.3304766437823,0.7566666666666667,Positive
1999,990.0,0.6404130810271764,False,0.18672742877049808,990.0,0.18672742877049808,0.0,1312.684261644849,0.7566666666666667,Positive
2000,1119.0,0.6857423375169821,False,0.02184422981639323,1119.0,0.02184422981639323,0.0,1313.0785737522467,0.7566666666666667,Positive
2001,1035.0,0.669735129172118,False,0.25597841857743,1035.0,0.25597841857743,0.0,1309.2735620124588,0.7566666666666667,Positive
2002,1035.0,0.6908935676754453,False,0.25666285930627314,1035.0,0.25666285930627314,0.0,492.85533146421415,0.7566666666666667,Positive
2003,992.0,0.716641443706654,False,0.027028594710041983,992.0,0.027028594710041983,0.0,511.3884922349803,0.7566666666666667,Positive
2004,1119.0,0.6234773898499701,False,0.021919319178750323,1119.0,0.021919319178750323,0.0,516.3235754636655,0.76,Positive
2005,992.0,0.7321773592233842,False,0.02662463282838651,992.0,0.02662463282838651,0.0,491.3598325551827,0.7633333333333333,Positive
2006,1035.0,0.7712711708396881,False,0.21163248163561305,1035.0,0.21163248163561305,0.0,472.0443691211046,0.7666666666666667,Positive
2007,1119.0,0.5825857355168577,False,0.021946883185491203,1119.0,0.021946883185491203,0.0,473.29880964080627,0.77,Positive
2008,992.0,0.6289943586483878,False,0.025462882061153477,992.0,0.025462882061153477,0.0,1183.3094318526712,0.77,Positive
2009,1035.0,0.5194445252418518,True,0.17614719402569573,1035.0,0.17614719402569573,0.0,2486.9606198207985,0.77,Positive
2010,1035.0,0.6285874385381693,False,0.15966418331397558,1035.0,0.15966418331397558,0.0,2520.298842105384,0.77,Positive
2011,992.0,0.5962367507309122,False,0.024504344106577203,992.0,0.024504344106577203,0.0,2556.435420787893,0.77,Positive
2012,1119.0,0.5237049478000141,True,0.021731376385423683,1119.0,0.021731376385423683,0.0,520.9216329132997,0.77,Positive
2013,1035.0,0.6530411353591528,False,0.09795981683409119,1035.0,0.09795981683409119,0.0,515.74494279176,0.77,Positive
2014,1035.0,0.652618559984,False,0.08443257997667743,990.0,0.08574797412708016,0.3533172834665058,517.0737256460859,0.77,Positive
2015,1035.0,0.6530847151317273,False,0.07301826045279511,990.0,0.08569894940596816,0.35496879153667954,309.086694155282,0.77,Positive
2016,1035.0,0.6488163458256739,False,0.0633626986373772,990.0,0.08450788187793068,0.354758620810657,340.42476290361435,0.77,Positive
2017,990.0,0.7288290847693808,False,0.20426572054373515,990.0,0.20426572054373515,0.0,359.95774759388775,0.77,Positive
2018,990.0,0.6343394278723384,False,0.20876200173728254,990.0,0.20876200173728254,0.0,2312.677618591712,0.77,Positive
2019,1035.0,0.68202639471241,False,0.056480042127286065,990.0,0.08400971362502348,0.36318389295444836,1963.115334245454,0.77,Positive
2020,992.0,0.5019182971118553,True,0.022026112681074215,992.0,0.022026112681074215,0.0,2584.6734282170382,0.77,Positive
2021,992.0,0.492068846274347,True,0.02185554742839893,992.0,0.02185554742839893,0.0,2500.17529737691,0.77,Positive
2022,1217.0,0.47815697597686213,True,0.022774316312711557,1217.0,0.022774316312711557,0.0,3539.5428606629343,0.77,Positive
2023,1217.0,0.5888838372474167,False,0.02299303176194963,1217.0,0.02299303176194963,0.0,3487.6336541545434,0.77,Positive
2024,1217.0,0.500782640368593,True,0.023228279614219312,1217.0,0.023228279614219312,0.0,3493.786711475399,0.77,Positive
2025,1217.0,0.5152244102635266,True,0.023511851192550524,1217.0,0.023511851192550524,0.0,3498.5606277605684,0.77,Positive
2026,990.0,0.6093308117911247,False,0.2198248154422708,1193.0,0.2432759529486881,0.31675803668757774,3522.9494353583723,0.77,Positive
2027,1217.0,0.5316922310967451,True,0.024182101941943514,1217.0,0.024182101941943514,0.0,2364.8422256566078,0.77,Positive
2028,1217.0,0.5332785066578868,True,0.024563533596664,1217.0,0.024563533596664,0.0,2332.243285481101,0.77,Positive
2029,1035.0,0.7041902471618579,False,0.048233506237156776,990.0,0.0745942124541473,0.26859349326373666,2336.726362450825,0.77,Positive
2030,992.0,0.5448674734455204,True,0.02076981786390761,992.0,0.02076981786390761,0.0,2350.3888814403467,0.77,Positive
2031,992.0,0.5536764910086165,False,0.02070156480446682,992.0,0.02070156480446682,0.0,2364.6443021676046,0.77,Positive
2032,992.0,0.5631357514905234,False,0.020521465059369293,992.0,0.020521465059369293,0.0,2392.485085246557,0.77,Positive
2033,992.0,0.5742870524606849,False,0.020350804546462757,992.0,0.020350804546462757,0.0,2404.2577044500417,0.77,Positive
2034,992.0,0.5853216250010946,False,0.020219479009163037,992.0,0.020219479009163037,0.0,2405.282126066241,0.77,Positive
2035,992.0,0.5974920117256634,False,0.02007078262915972,992.0,0.02007078262915972,0.0,2394.062055913789,0.77,Neutral
2036,992.0,0.6114324383744195,False,0.019948005376289584,992.0,0.019948005376289584,0.0,2379.653983375966,0.77,Neutral
2037,992.0,0.6466500641945138,False,0.019858329780397435,992.0,0.019858329780397435,0.0,2382.1177319804374,0.77,Neutral
2038,992.0,0.6601427785769831,False,0.019810183243698543,992.0,0.019810183243698543,0.0,2393.9364660326137,0.77,Neutral
2039,1035.0,0.6462962513493279,False,0.039697741202149466,990.0,0.052927376080425456,0.15492917098984388,3662.39318449757,0.77,Neutral
2040,1035.0,0.5538578360233074,False,0.03902070765737126,990.0,0.050306875691075,0.31316249815505176,2581.492998268297,0.77,Neutral
2041,1217.0,0.6003520943526766,False,0.029922368703353804,1217.0,0.029922368703353804,0.0,2579.0659595232796,0.77,Neutral
2042,1035.0,0.6142772783313162,False,0.03802513719036941,990.0,0.04843313063695354,0.160568094164086,2536.2392213137778,0.77,Neutral
2043,992.0,0.7339640554191439,False,0.019222594563392474,992.0,0.019222594563392474,0.0,2536.247087366596,0.77,Neutral
2044,992.0,0.6715254849144611,False,0.019155537579329966,992.0,0.019155537579329966,0.0,2529.511826685818,0.77,Neutral
2045,992.0,0.7561774059986481,False,0.0191133685497451,992.0,0.0191133685497451,0.0,1176.151878788663,0.77,Neutral
2046,992.0,0.7903295934846081,False,0.01902387369182543,992.0,0.01902387369182543,0.0,2535.541276603598,0.77,Neutral
2047,992.0,0.7756986249200102,False,0.01894822878680093,992.0,0.01894822878680093,0.0,2618.464692678574,0.77,Neutral
2048,992.0,0.758271955821229,False,0.018910092377362204,992.0,0.018910092377362204,0.0,2646.254760884558,0.77,Neutral
2049,1217.0,0.4116368910027763,True,0.03374882027374941,1217.0,0.03374882027374941,0.0,1211.0791327241463,0.77,Neutral
2050,1217.0,0.49143552515715994,True,0.03469986614979723,1217.0,0.03469986614979723,0.0,1452.1157315872729,0.77,Neutral
2051,1217.0,0.547571896953803,True,0.035688154149931955,1217.0,0.035688154149931955,0.0,1225.6927114125206,0.77,Neutral
2052,1217.0,0.5741728802297872,False,0.036790905303905136,990.0,0.036969336169952974,0.16902636299541915,1226.088912295071,0.77,Neutral
2053,1217.0,0.5972501980846258,False,0.0379706950935649,990.0,0.04464753978826837,0.16286368793925413,1220.81052605177,0.77,Neutral
2054,1035.0,0.5806397016819587,False,0.0322736427828894,1035.0,0.0322736427828894,0.0,1209.0371707663094,0.77,Neutral
2055,992.0,0.8097748221707177,False,0.019207336462389674,992.0,0.019207336462389674,0.0,1206.167674204105,0.77,Neutral
2056,992.0,0.8108083237388738,False,0.01931183357151798,992.0,0.01931183357151798,0.0,1211.7448052209897,0.77,Neutral
2057,992.0,0.8103597921681299,False,0.019418423180628294,992.0,0.019418423180628294,0.0,1224.6239412909058,0.77,Neutral
2058,992.0,0.810286802596612,False,0.01951737074744822,992.0,0.01951737074744822,0.0,1216.313112487362,0.77,Neutral
2059,990.0,0.7227475003106898,False,0.2826639763340742,1249.0,0.3363386877126796,0.07303008643487999,1222.0339712127027,0.77,Positive
2060,990.0,0.7191615735670455,False,0.29318173449386653,1249.0,0.3335841732831045,0.07208150909402389,1198.9668942227518,0.77,Positive
2061,990.0,0.5855864855114277,False,0.2990382636836755,1249.0,0.33194975690145306,0.14313673769599733,1199.0230008643416,0.77,Positive
2062,992.0,0.773755635174458,False,0.020057320274188967,992.0,0.020057320274188967,0.0,1184.2163465677886,0.77,Positive
2063,992.0,0.7687440732985709,False,0.02020333453799966,992.0,0.02020333453799966,0.0,1172.9208654578931,0.77,Positive
2064,990.0,0.7011339192215447,False,0.31236347058001973,1249.0,0.31430933233219593,0.0,1171.2112431821297,0.77,Positive
2065,990.0,0.7019523635792096,False,0.3165668513879092,990.0,0.3165668513879092,0.0,1175.1567918158532,0.77,Positive
2066,990.0,0.7019441832527509,False,0.32574715578810776,990.0,0.32574715578810776,0.0,1192.7604443074304,0.77,Positive
2067,1249.0,0.649366461075743,False,0.47957763119387986,1249.0,0.47957763119387986,0.0,1214.4179902322483,0.77,Positive
2068,992.0,0.8264868420117922,False,0.020875910231514347,992.0,0.020875910231514347,0.0,1226.1737236625108,0.77,Positive
2069,992.0,0.8143708417203157,False,0.021030596918950196,992.0,0.021030596918950196,0.0,1218.7446640227229,0.77,Positive
2070,1217.0,0.8298162201902725,False,0.08036156374113224,990.0,0.16875946176241663,0.0,1179.0944413826373,0.77,Positive
2071,1217.0,0.788423707838396,False,0.08718835591568719,990.0,0.17678257167635741,0.10300973432996115,1155.6909475326302,0.77,Positive
2072,1217.0,0.4783439377173987,True,0.09307966458821362,990.0,0.18358572772463766,0.0,1249.3659864716187,0.77,Positive
2073,990.0,0.7183593259998678,False,0.3737487058557414,990.0,0.3737487058557414,0.0,1186.7003651530085,0.77,Positive
2074,990.0,0.710063885852487,False,0.38162785664986154,990.0,0.38162785664986154,0.0,1121.4464397398986,0.7733333333333333,Positive
2075,992.0,0.4872031187790559,True,0.021681797378556182,992.0,0.021681797378556182,0.0,1119.4518975416136,0.7733333333333333,Positive
2076,1296.0,0.8019052497214415,False,0.06544945522417082,990.0,0.18919239845822589,0.0,1133.4418376691629,0.7733333333333333,Positive
2077,1296.0,0.8021585345777219,False,0.06651737182194589,990.0,0.190929252731461,0.0,1135.5291652778324,0.7733333333333333,Positive
2078,1296.0,0.8962370753288269,False,0.06667750317987894,990.0,0.1968524209741012,0.0,1105.6637321516826,0.7733333333333333,Positive
2079,1296.0,0.7576636934542947,False,0.06652366073200852,990.0,0.19607978257761594,0.09501620260836346,1095.011371077551,0.7733333333333333,Positive
2080,990.0,0.7194304432757471,False,0.3679986694674721,990.0,0.3679986694674721,0.0,1084.6076257287425,0.7733333333333333,Positive
2081,1296.0,0.6412555575370789,True,0.06044184112592601,990.0,0.19111988515140016,0.09347731238809341,1064.386797850426,0.7733333333333333,Positive
2082,1296.0,0.7512039956036097,False,0.05987158833861659,990.0,0.19239729678188763,0.09163414462304423,1032.6394612342297,0.7733333333333333,Positive
2083,1296.0,0.752122248617572,False,0.05918594925791888,990.0,0.18929364359874903,0.18085217950527951,317.9171451311214,0.7733333333333333,Positive
2084,1296.0,0.7431175953193053,False,0.05843347179574757,990.0,0.1832382030458952,0.17920922752088098,959.3949043487439,0.7733333333333333,Positive
2085,990.0,0.7142220333685494,False,0.32179448923126963,1249.0,0.3601079005444033,0.17613986002771395,306.783787278011,0.7733333333333333,Positive
2086,990.0,0.7087216843609313,False,0.31339463187328,1249.0,0.3806634329100324,0.17541509850472245,297.52081506925146,0.7733333333333333,Positive
2087,990.0,0.7078457388849968,False,0.3040523831239261,1249.0,0.40373320683153846,0.08766718222866875,930.249863590201,0.7733333333333333,Positive
2088,1296.0,0.7409353901373856,False,0.055738164583659586,1249.0,0.19840739975762708,0.1474915791910113,290.21624568624395,0.7733333333333333,Positive
2089,990.0,0.7028441509650735,False,0.29129957751279967,1249.0,0.43889327745513707,0.08831090001870488,867.8165219532091,0.7733333333333333,Positive
2090,990.0,0.7015371763137881,False,0.28737704388192364,1249.0,0.45637631334260575,0.08822477837922485,880.8876669441318,0.7733333333333333,Positive
2091,990.0,0.7017231583884934,False,0.27670662502869814,1249.0,0.47508682418365344,0.08883393931890111,915.8756077206772,0.7733333333333333,Positive
2092,1249.0,0.7301241503748228,False,0.9126353626649899,1249.0,0.9126353626649899,0.0,938.8150132413289,0.7733333333333333,Positive
2093,1299.0,0.9941908717155457,False,0.028101593258931135,1299.0,0.028101593258931135,0.0,285.91579007538417,0.77,Positive
2094,1299.0,0.9632879495620728,False,0.028076246715224278,1299.0,0.028076246715224278,0.0,997.0476564958155,0.7666666666666667,Positive
2095,1299.0,0.9307464361190796,False,0.028007825331922094,1299.0,0.028007825331922094,0.0,969.6349462077828,0.7633333333333333,Positive
2096,1299.0,0.8737354278564453,False,0.02797167854556466,1299.0,0.02797167854556466,0.0,964.4531773187534,0.76,Positive
2097,1299.0,0.9371766448020935,False,0.02777305682823681,1299.0,0.02777305682823681,0.0,487.7886872199187,0.7566666666666667,Positive
2098,1299.0,0.5816721320152283,True,0.027601209781486412,1299.0,0.027601209781486412,0.0,987.1226574577219,0.7566666666666667,Positive
2099,1296.0,0.8710962533950806,False,0.049409975967594305,1249.0,0.28866829055860876,0.12998120604303484,989.0903447516009,0.7566666666666667,Positive
2100,1296.0,0.9095491170883179,False,0.048537396749082515,1249.0,0.26138740649092657,0.12804541653024729,997.3176834077451,0.7566666666666667,Positive
2101,1318.0,0.5614961569218836,False,0.019822721592009113,1318.0,0.019822721592009113,0.0,1002.1786203194926,0.7566666666666667,Positive
2102,1249.0,0.6836472275989736,False,0.5667351989715395,1249.0,0.5667351989715395,0.0,864.5955408733851,0.7566666666666667,Positive
2103,1296.0,0.8958076238632202,False,0.04564422992312911,1249.0,0.20502870012716348,0.11806372898918144,884.823783494752,0.7566666666666667,Positive
2104,1249.0,0.6277515255042498,False,0.44484495224197285,1249.0,0.44484495224197285,0.0,989.0581763632304,0.7566666666666667,Positive
2105,1330.0,0.6570925854222529,False,0.04857447789510657,1249.0,0.1916307757441407,0.1027617819221294,1001.6440617903565,0.7566666666666667,Positive
2106,1318.0,0.8076276912342382,False,0.018481499263568537,1318.0,0.018481499263568537,0.0,991.9212006035048,0.7566666666666667,Positive
2107,1330.0,0.6476380737048366,False,0.046766889728555645,1249.0,0.1536389884379525,0.0,983.5451594394594,0.76,Positive
2108,1330.0,0.6380312199564002,False,0.04575400316302162,1249.0,0.13104923739492752,0.0,784.4170420492195,0.7633333333333333,Positive
2109,1330.0,0.619741331328217,False,0.04471497149091404,1249.0,0.10830494605422705,0.08383744827006617,781.3716205797195,0.7666666666666667,Positive
2110,1330.0,0.6115020788559777,False,0.04361277191321179,1249.0,0.08281581320395054,0.07870491991244838,777.2107999840352,0.77,Positive
2111,1330.0,0.6000379235589658,False,0.04251989436310396,1249.0,0.05377461391298479,0.07392569416048629,762.3108417015208,0.7733333333333333,Positive
2112,1249.0,0.5754672620598369,False,0.0597196956435534,1249.0,0.0597196956435534,0.0,758.3500810747413,0.7766666666666666,Positive
2113,1330.0,0.7155661029215941,False,0.04042269280139818,1330.0,0.04042269280139818,0.0,571.2715459552884,0.78,Positive
2114,1249.0,0.5249508023262024,True,0.05120378214882604,1249.0,0.05120378214882604,0.0,742.2875815847802,0.78,Positive
2115,1330.0,0.5654882153227744,False,0.038486072829814,1330.0,0.038486072829814,0.0,743.0490854296098,0.7833333333333333,Positive
2116,1330.0,0.7064242550282901,False,0.03757824676710316,1330.0,0.03757824676710316,0.0,593.5016225773663,0.7866666666666666,Positive
2117,1330.0,0.5757836052545731,False,0.03672164336222716,1330.0,0.03672164336222716,0.0,766.5715531821838,0.79,Positive
2118,1318.0,0.9840784446613178,False,0.015237664219568715,1318.0,0.015237664219568715,0.0,783.7132194030056,0.7933333333333333,Positive
2119,1330.0,0.7058335616327206,False,0.035335616971851766,1330.0,0.035335616971851766,0.0,619.5987518592457,0.7966666666666666,Positive
2120,1330.0,0.5643795500337423,False,0.034778178153250246,1330.0,0.034778178153250246,0.0,792.5835195735104,0.8,Positive
2121,1330.0,0.5576466968082799,False,0.034305764498050124,1330.0,0.034305764498050124,0.0,771.9138284427863,0.8033333333333333,Positive
2122,1330.0,0.5339454173769211,True,0.03394790852801837,1330.0,0.03394790852801837,0.0,727.1544268546261,0.8033333333333333,Positive
2123,1330.0,0.53340439518604,True,0.033714670411654823,1330.0,0.033714670411654823,0.0,719.3244001514682,0.8033333333333333,Positive
2124,1330.0,0.641100681234653,False,0.033539140976006104,1330.0,0.033539140976006104,0.0,487.3422850475031,0.8066666666666666,Positive
2125,1296.0,0.6804944559336361,False,0.025900666373935927,1296.0,0.025900666373935927,0.0,448.8057396670058,0.81,Positive
2126,1296.0,0.6743698001916004,False,0.02583455833718042,1296.0,0.02583455833718042,0.0,416.55383224440254,0.8133333333333334,Neutral
2127,1318.0,0.9777982452200973,False,0.014889314171348113,1318.0,0.014889314171348113,0.0,388.5381575938162,0.8166666666666667,Neutral
2128,1296.0,0.6587545338539249,False,0.02589652066474043,1296.0,0.02589652066474043,0.0,367.425774659401,0.82,Neutral
2129,1296.0,0.6132393620106757,False,0.025951601188123022,1296.0,0.025951601188123022,0.0,495.4688575595786,0.8233333333333334,Neutral
2130,1318.0,0.9684238537498078,False,0.015382445881202687,1318.0,0.015382445881202687,0.0,473.9102995985725,0.8266666666666667,Neutral
2131,1330.0,0.811772466822257,False,0.034549832368236104,1330.0,0.034549832368236104,0.0,315.2542623205123,0.83,Neutral
2132,1296.0,0.796986853573288,False,0.026047962131212368,1296.0,0.026047962131212368,0.0,290.99743082978205,0.8333333333333334,Neutral
2133,1330.0,0.49386773605631973,True,0.03538761565838824,1330.0,0.03538761565838824,0.0,474.31458414640537,0.8333333333333334,Neutral
2134,1296.0,0.5364002184032008,True,0.026283547506241872,1296.0,0.026283547506241872,0.0,486.4435295585281,0.8333333333333334,Neutral
2135,1318.0,0.9191019453795828,False,0.016683106727116027,1318.0,0.016683106727116027,0.0,468.78364184024326,0.8366666666666667,Neutral
2136,1330.0,0.5397185485963986,True,0.03734429371165916,1330.0,0.03734429371165916,0.0,439.72101739229186,0.8366666666666667,Neutral
2137,1318.0,0.9112065651586474,False,0.01732251862467839,1318.0,0.01732251862467839,0.0,411.1647609553912,0.84,Neutral
2138,1296.0,0.5026281855782873,True,0.02695795544799636,1296.0,0.02695795544799636,0.0,1040.0843888010993,0.84,Neutral
2139,1318.0,0.7395767844658111,False,0.017860226968873166,1318.0,0.017860226968873166,0.0,940.0975789924668,0.8433333333333334,Neutral
2140,1318.0,0.7387047474426187,False,0.01815359278146162,1318.0,0.01815359278146162,0.0,646.141146699571,0.8466666666666667,Neutral
2141,1330.0,0.8362024014324841,False,0.03829862923843088,1330.0,0.03829862923843088,0.0,150.12830148404896,0.85,Neutral
2142,1330.0,0.8439699133043884,False,0.038062051436444574,1330.0,0.038062051436444574,0.0,124.5252735379949,0.8533333333333334,Neutral
2143,1330.0,0.958541921997382,False,0.037851299448309575,1330.0,0.037851299448309575,0.0,668.240495844892,0.8566666666666667,Neutral
2144,1318.0,0.9783979204674021,False,0.019120913951037016,1318.0,0.019120913951037016,0.0,0.0,0.86,Neutral
2145,1330.0,0.9603804972324372,False,0.03726103516256335,1330.0,0.03726103516256335,0.0,0.0,0.8633333333333333,Neutral
2146,1318.0,0.97046253317398,False,0.019718430970064385,1318.0,0.019718430970064385,0.0,0.0,0.8666666666666667,Neutral
2147,1318.0,0.8133883011486636,False,0.02000883576892444,1318.0,0.02000883576892444,0.0,121.73372873441309,0.87,Neutral
2148,1318.0,0.7871660163290829,False,0.02031418766837206,1318.0,0.02031418766837206,0.0,109.33965312000973,0.8733333333333333,Neutral
2149,1318.0,0.765851963097999,False,0.020553211769733206,1318.0,0.020553211769733206,0.0,96.81083544065875,0.8766666666666667,Neutral
2150,1318.0,0.7454308954772414,False,0.020849393776674188,1318.0,0.020849393776674188,0.0,85.45920750504222,0.88,Neutral
2151,1318.0,0.720980913841382,False,0.021162415304593857,1318.0,0.021162415304593857,0.0,73.79391863420298,0.8833333333333333,Neutral
2152,1330.0,0.8086080330479845,False,0.03530789502559468,1330.0,0.03530789502559468,0.0,62.473321526621675,0.8866666666666667,Neutral
2153,1330.0,0.8043918386683256,False,0.03507336037488778,1330.0,0.03507336037488778,0.0,55.31369462366116,0.89,Neutral
2154,1330.0,0.7994990975203139,False,0.03495957014283058,1330.0,0.03495957014283058,0.0,48.718825015517965,0.8933333333333333,Neutral
2155,1318.0,0.5999566663916996,False,0.022377426281286673,1318.0,0.022377426281286673,0.0,46.75300057697598,0.8966666666666666,Neutral
2156,1330.0,0.580245474154249,False,0.034526461437654546,1330.0,0.034526461437654546,0.0,41.29092096134071,0.9,Neutral
2157,1318.0,0.5500860968130441,False,0.022988202067687744,1318.0,0.022988202067687744,0.0,31.54965612857258,0.9033333333333333,Neutral
2158,1330.0,0.6401004540436647,False,0.034478398639203274,1330.0,0.034478398639203274,0.0,0.0,0.9066666666666666,Neutral
2159,1330.0,0.6908667799751398,False,0.03474332739547992,1330.0,0.03474332739547992,0.0,0.0,0.91,Neutral
2160,1330.0,0.6912938784549613,False,0.03507276345520099,1330.0,0.03507276345520099,0.0,0.0,0.9133333333333333,Neutral
2161,1330.0,0.6963753982306142,False,0.03513871579954655,1330.0,0.03513871579954655,0.0,0.0,0.9133333333333333,Neutral
2162,1330.0,0.6406502768429944,False,0.03521558900272229,1330.0,0.03521558900272229,0.0,0.0,0.9133333333333333,Neutral
2163,,,False,,,,,,,Neutral
2164,1390.0,1.0,False,0.02725850902868742,1390.0,0.02725850902868742,0.0,0.0,0.9133333333333333,Neutral
2165,1390.0,1.0,False,0.02741731120670084,1390.0,0.02741731120670084,0.0,0.0,0.9133333333333333,Neutral
2166,1390.0,1.0,False,0.027497096639885695,1390.0,0.027497096639885695,0.0,0.0,0.9133333333333333,Neutral
2167,1390.0,1.0,False,0.027471788681220664,1390.0,0.027471788681220664,0.0,0.0,0.9166666666666666,Neutral
2168,1390.0,1.0,False,0.02747614662428522,1390.0,0.02747614662428522,0.0,0.0,0.92,Neutral
2169,1390.0,1.0,False,0.027456976072700912,1390.0,0.027456976072700912,0.0,0.0,0.9233333333333333,Neutral
2170,1390.0,1.0,False,0.02747694533410234,1390.0,0.02747694533410234,0.0,0.0,0.9266666666666666,Neutral
2171,1390.0,1.0,False,0.027520786020829115,1390.0,0.027520786020829115,0.0,0.0,0.93,Neutral
2172,1390.0,1.0,False,0.027469666590312154,1390.0,0.027469666590312154,0.0,0.0,0.9333333333333333,Neutral
2173,1390.0,1.0,False,0.027412551852008138,1390.0,0.027412551852008138,0.0,0.0,0.9366666666666666,Neutral
2174,1390.0,1.0,False,0.027355420383398783,1390.0,0.027355420383398783,0.0,0.0,0.94,Neutral
2175,1390.0,1.0,False,0.027282653806090157,1390.0,0.027282653806090157,0.0,0.0,0.9433333333333334,Neutral
2176,1390.0,1.0,False,0.027249797787745902,1390.0,0.027249797787745902,0.0,0.0,0.9433333333333334,Neutral
2177,1390.0,1.0,False,0.027171512911183283,1390.0,0.027171512911183283,0.0,0.0,0.9433333333333334,Neutral
2178,1390.0,1.0,False,0.027249398626662768,1390.0,0.027249398626662768,0.0,0.0,0.9433333333333334,Neutral
2179,,,False,,,,,,,Neutral
2180,,,False,,,,,,,Neutral
2181,,,False,,,,,,,Neutral
2182,,,False,,,,,,,Neutral
2183,1390.0,1.0,False,0.027250866487616203,1390.0,0.027250866487616203,0.0,0.0,0.9433333333333334,Neutral
2184,1390.0,1.0,False,0.02694999691677756,1390.0,0.02694999691677756,0.0,0.0,0.9433333333333334,Neutral
2185,,,False,,,,,,,Neutral
2186,,,False,,,,,,,Neutral
2187,,,False,,,,,,,Neutral
2188,,,False,,,,,,,Neutral
2189,,,False,,,,,,,Neutral
2190,1390.0,1.0,False,0.026636834344639475,1390.0,0.026636834344639475,0.0,0.0,0.9433333333333334,Neutral
2191,1390.0,1.0,False,0.026459073102742633,1390.0,0.026459073102742633,0.0,0.0,0.9433333333333334,Neutral
2192,,,False,,,,,,,Neutral
2193,,,False,,,,,,,Neutral
2194,,,False,,,,,,,Neutral
2195,,,False,,,,,,,Neutral
2196,1393.0,1.0,False,0.026906724614675293,1393.0,0.026906724614675293,0.0,0.0,0.9433333333333334,Neutral
2197,1393.0,1.0,False,0.026750407815084795,1393.0,0.026750407815084795,0.0,0.0,0.9433333333333334,Neutral
2198,1393.0,1.0,False,0.026851832962693844,1393.0,0.026851832962693844,0.0,0.0,0.9433333333333334,Neutral
2199,1393.0,1.0,False,0.026921066632598665,1393.0,0.026921066632598665,0.0,0.0,0.9433333333333334,Neutral
2200,,,False,,,,,,,Neutral
2201,1393.0,1.0,False,0.027171006130006156,1393.0,0.027171006130006156,0.0,0.0,0.9433333333333334,Neutral
2202,1393.0,1.0,False,0.02731781386427749,1393.0,0.02731781386427749,0.0,0.0,0.9433333333333334,Neutral
2203,1390.0,1.0,False,0.026345374516134945,1390.0,0.026345374516134945,0.0,0.0,0.9433333333333334,Neutral
2204,1390.0,1.0,False,0.026389769049856494,1390.0,0.026389769049856494,0.0,0.0,0.9433333333333334,Neutral
2205,1390.0,1.0,False,0.02614199879089518,1390.0,0.02614199879089518,0.0,0.0,0.9433333333333334,Neutral
2206,1390.0,1.0,False,0.026709020537559858,1390.0,0.026709020537559858,0.0,0.0,0.9433333333333334,Neutral
2207,1390.0,1.0,False,0.02716584659247262,1390.0,0.02716584659247262,0.0,0.0,0.9433333333333334,Neutral
2208,1390.0,1.0,False,0.027364273474345217,1390.0,0.027364273474345217,0.0,0.0,0.9433333333333334,Neutral
2209,1390.0,1.0,False,0.027287074125532402,1390.0,0.027287074125532402,0.0,0.0,0.9433333333333334,Neutral
2210,1390.0,1.0,False,0.026617970254509564,1390.0,0.026617970254509564,0.0,0.0,0.9433333333333334,Neutral
2211,1390.0,1.0,False,0.026073955669261746,1390.0,0.026073955669261746,0.0,0.0,0.9433333333333334,Neutral
2212,1390.0,0.991585536162438,False,0.026268589420999165,1390.0,0.026268589420999165,0.0,0.0,0.9433333333333334,Neutral
2213,1390.0,0.9867412595430949,False,0.026454718084233334,1390.0,0.026454718084233334,0.0,0.0,0.9433333333333334,Neutral
2214,1390.0,0.9810535614242852,False,0.027137198535745154,1390.0,0.027137198535745154,0.0,0.0,0.9433333333333334,Neutral
2215,1390.0,0.9799718391880201,False,0.027228582291485597,1390.0,0.027228582291485597,0.0,0.0,0.9466666666666667,Neutral
2216,1390.0,0.9732286199849124,False,0.027275971670956894,1390.0,0.027275971670956894,0.0,0.0,0.95,Neutral
2217,1390.0,0.9639593822290848,False,0.02728670680021028,1390.0,0.02728670680021028,0.0,0.0,0.9533333333333334,Neutral
2218,1390.0,0.9384097126214379,False,0.027083601505148838,1390.0,0.027083601505148838,0.0,0.0,0.9533333333333334,Neutral
2219,1390.0,1.0,False,0.026675019525156454,1390.0,0.026675019525156454,0.0,0.0,0.9533333333333334,Neutral
2220,1390.0,1.0,False,0.026246906632729817,1390.0,0.026246906632729817,0.0,0.0,0.9566666666666667,Neutral
2221,1390.0,1.0,False,0.02589210073018388,1390.0,0.02589210073018388,0.0,0.0,0.96,Neutral
2222,1390.0,0.9713729051669263,False,0.025642437308311266,1390.0,0.025642437308311266,0.0,0.0,0.96,Neutral
2223,1390.0,0.9714957413137159,False,0.025303204568641234,1390.0,0.025303204568641234,0.0,0.0,0.96,Neutral
2224,1390.0,0.7180424463708511,False,0.024811416301669414,1390.0,0.024811416301669414,0.0,0.0,0.96,Neutral
2225,1405.0,0.5677394866943359,True,0.0135616653105053,1405.0,0.0135616653105053,0.0,0.0,0.96,Neutral
2226,1405.0,0.9505428136202458,False,0.012588069483408452,1405.0,0.012588069483408452,0.0,0.0,0.96,Neutral
2227,1405.0,0.601090133190155,True,0.012149572456429298,1405.0,0.012149572456429298,0.0,0.0,0.96,Neutral
2228,1405.0,0.9681100508406664,False,0.01192714705851459,1405.0,0.01192714705851459,0.0,0.0,0.96,Neutral
2229,1405.0,0.9585172621893608,False,0.01133319537667336,1405.0,0.01133319537667336,0.0,0.0,0.96,Neutral
2230,1405.0,0.9475030610423072,False,0.012625631588327324,1405.0,0.012625631588327324,0.0,0.0,0.96,Neutral
2231,1399.0,1.0,False,0.02729459828585665,1399.0,0.02729459828585665,0.0,0.0,0.9566666666666667,Neutral
2232,1399.0,1.0,False,0.02719879768868418,1399.0,0.02719879768868418,0.0,0.0,0.9533333333333334,Neutral
2233,1399.0,1.0,False,0.027086275165334336,1399.0,0.027086275165334336,0.0,0.0,0.95,Neutral
2234,1390.0,1.0,False,0.025771021978114334,1390.0,0.025771021978114334,0.0,0.0,0.9533333333333334,Neutral
2235,1390.0,1.0,False,0.025734833783068605,1390.0,0.025734833783068605,0.0,0.0,0.9533333333333334,Neutral
2236,1390.0,1.0,False,0.025517030248158597,1390.0,0.025517030248158597,0.0,0.0,0.9533333333333334,Neutral
2237,1390.0,1.0,False,0.02511998730992916,1390.0,0.02511998730992916,0.0,0.0,0.9533333333333334,Neutral
2238,1390.0,1.0,False,0.024656072185006702,1390.0,0.024656072185006702,0.0,0.0,0.9533333333333334,Neutral
2239,1390.0,1.0,False,0.024251712784771725,1390.0,0.024251712784771725,0.0,0.0,0.9533333333333334,Neutral
2240,1390.0,0.9999967259248803,False,0.024194372806604348,1390.0,0.024194372806604348,0.0,0.0,0.9533333333333334,Neutral
2241,1390.0,1.0,False,0.024151089027286552,1390.0,0.024151089027286552,0.0,0.0,0.9533333333333334,Neutral
2242,1390.0,1.0,False,0.024275340444958098,1390.0,0.024275340444958098,0.0,0.0,0.9533333333333334,Neutral
2243,1390.0,1.0,False,0.02452174336127632,1390.0,0.02452174336127632,0.0,0.0,0.9533333333333334,Neutral
2244,1390.0,0.9113426110708311,False,0.024824065268524056,1390.0,0.024824065268524056,0.0,0.0,0.9533333333333334,Neutral
2245,1410.0,0.7121777534484863,False,0.019149163118077028,1410.0,0.019149163118077028,0.0,0.0,0.9533333333333334,Neutral
2246,1390.0,1.0,False,0.025239479827190332,1390.0,0.025239479827190332,0.0,0.0,0.9533333333333334,Neutral
2247,1390.0,1.0,False,0.025333333089774708,1390.0,0.025333333089774708,0.0,0.0,0.9533333333333334,Neutral
2248,1390.0,1.0,False,0.025548730397705718,1390.0,0.025548730397705718,0.0,0.0,0.9533333333333334,Neutral
2249,1390.0,1.0,False,0.02592394782421853,1390.0,0.02592394782421853,0.0,0.0,0.9533333333333334,Neutral
2250,1410.0,0.9337594963432595,False,0.0198057349222005,1410.0,0.0198057349222005,0.0,0.0,0.9533333333333334,Neutral
2251,1410.0,0.9248580403202651,False,0.020491398404161944,1410.0,0.020491398404161944,0.0,0.0,0.9533333333333334,Neutral
2252,1390.0,1.0,False,0.026998904699138578,1390.0,0.026998904699138578,0.0,0.0,0.9533333333333334,Neutral
2253,1390.0,0.9350865691774759,False,0.027236723539623753,1390.0,0.027236723539623753,0.0,0.0,0.9533333333333334,Neutral
2254,1390.0,1.0,False,0.027442142955545094,1390.0,0.027442142955545094,0.0,0.0,0.9533333333333334,Neutral
2255,1390.0,1.0,False,0.027493968664827246,1390.0,0.027493968664827246,0.0,0.0,0.9533333333333334,Neutral
2256,1390.0,1.0,False,0.027516306060602604,1390.0,0.027516306060602604,0.0,0.0,0.9533333333333334,Neutral
2257,1390.0,1.0,False,0.027443142119139168,1390.0,0.027443142119139168,0.0,0.0,0.9533333333333334,Neutral
2258,1390.0,1.0,False,0.027216601534909072,1390.0,0.027216601534909072,0.0,0.0,0.9533333333333334,Neutral
2259,1390.0,1.0,False,0.02715645444018236,1390.0,0.02715645444018236,0.0,0.0,0.9533333333333334,Neutral
2260,1390.0,1.0,False,0.027081389718577105,1390.0,0.027081389718577105,0.0,0.0,0.9533333333333334,Neutral
2261,1390.0,1.0,False,0.027234276706786135,1390.0,0.027234276706786135,0.0,0.0,0.9533333333333334,Neutral
2262,1390.0,1.0,False,0.027471864106664027,1390.0,0.027471864106664027,0.0,0.0,0.9533333333333334,Neutral
2263,1390.0,1.0,False,0.027513612820053216,1390.0,0.027513612820053216,0.0,0.0,0.9533333333333334,Neutral
2264,1390.0,1.0,False,0.027437815942199073,1390.0,0.027437815942199073,0.0,0.0,0.9533333333333334,Neutral
2265,1390.0,1.0,False,0.02727151641555385,1390.0,0.02727151641555385,0.0,0.0,0.9533333333333334,Neutral
2266,1390.0,1.0,False,0.02712373598816416,1390.0,0.02712373598816416,0.0,0.0,0.9533333333333334,Neutral
2267,1390.0,1.0,False,0.027035885749134313,1390.0,0.027035885749134313,0.0,0.0,0.9533333333333334,Neutral
2268,1390.0,1.0,False,0.027021119375313162,1390.0,0.027021119375313162,0.0,0.0,0.9533333333333334,Neutral
2269,1390.0,1.0,False,0.027094163991020995,1390.0,0.027094163991020995,0.0,0.0,0.9533333333333334,Neutral
2270,1390.0,1.0,False,0.02714887866627032,1390.0,0.02714887866627032,0.0,0.0,0.9533333333333334,Neutral
2271,1390.0,1.0,False,0.027134985063499203,1390.0,0.027134985063499203,0.0,0.0,0.9533333333333334,Neutral
2272,1390.0,1.0,False,0.02719440505447392,1390.0,0.02719440505447392,0.0,0.0,0.9533333333333334,Neutral
2273,1390.0,1.0,False,0.027155947119719102,1390.0,0.027155947119719102,0.0,0.0,0.9533333333333334,Neutral
2274,1390.0,1.0,False,0.027181837014760565,1390.0,0.027181837014760565,0.0,0.0,0.9533333333333334,Neutral
2275,1390.0,1.0,False,0.027102614632113352,1390.0,0.027102614632113352,0.0,0.0,0.9533333333333334,Neutral
2276,1390.0,1.0,False,0.027150891545723397,1390.0,0.027150891545723397,0.0,0.0,0.9533333333333334,Neutral
2277,1390.0,1.0,False,0.02735012980615566,1390.0,0.02735012980615566,0.0,0.0,0.9533333333333334,Neutral
2278,1390.0,1.0,False,0.027360057865654767,1390.0,0.027360057865654767,0.0,0.0,0.9533333333333334,Neutral
2279,1390.0,1.0,False,0.02717567069777453,1390.0,0.02717567069777453,0.0,0.0,0.9533333333333334,Neutral
2280,1390.0,1.0,False,0.026857285579445583,1390.0,0.026857285579445583,0.0,0.0,0.9533333333333334,Neutral
2281,1390.0,1.0,False,0.02642606208382569,1390.0,0.02642606208382569,0.0,0.0,0.9533333333333334,Neutral
2282,1390.0,0.9854450317371958,False,0.026045312684662633,1390.0,0.026045312684662633,0.0,0.0,0.9533333333333334,Neutral
2283,1390.0,0.9847960443284989,False,0.025761345962614784,1390.0,0.025761345962614784,0.0,0.0,0.9533333333333334,Neutral
2284,1390.0,0.9809241984533468,False,0.025913049578217273,1390.0,0.025913049578217273,0.0,0.0,0.9533333333333334,Neutral
2285,1390.0,0.973039670693168,False,0.026607291949333894,1390.0,0.026607291949333894,0.0,0.0,0.9566666666666667,Neutral
2286,1390.0,0.9547008252002382,False,0.027327481835406887,1390.0,0.027327481835406887,0.0,0.0,0.96,Neutral
2287,1390.0,0.931670308226465,False,0.027333774256243913,1390.0,0.027333774256243913,0.0,0.0,0.9633333333333334,Neutral
2288,1390.0,1.0,False,0.027187672495759978,1390.0,0.027187672495759978,0.0,0.0,0.9666666666666667,Neutral
2289,1390.0,1.0,False,0.026945833163157965,1390.0,0.026945833163157965,0.0,0.0,0.9666666666666667,Neutral
2290,,,False,,,,,,,Neutral
2291,1390.0,1.0,False,0.026604923022835937,1390.0,0.026604923022835937,0.0,0.0,0.9666666666666667,Neutral
2292,1414.0,1.0,False,0.02295566298785538,1414.0,0.02295566298785538,0.0,0.0,0.9633333333333334,Neutral
2293,1390.0,0.6722487613692056,False,0.02580230596225681,1390.0,0.02580230596225681,0.0,0.0,0.9633333333333334,Neutral
2294,1390.0,1.0,False,0.024576127883055562,1390.0,0.024576127883055562,0.0,0.0,0.9633333333333334,Neutral
2295,1414.0,1.0,False,0.025463503063839828,1414.0,0.025463503063839828,0.0,0.0,0.96,Neutral
2296,1414.0,1.0,False,0.02586080763452652,1414.0,0.02586080763452652,0.0,0.0,0.9566666666666667,Neutral
2297,1414.0,1.0,False,0.026490242726117778,1414.0,0.026490242726117778,0.0,0.0,0.9533333333333334,Neutral
2298,,,False,,,,,,,Neutral
2299,,,False,,,,,,,Neutral
2300,1414.0,1.0,False,0.027268464143734232,1414.0,0.027268464143734232,0.0,0.0,0.95,Neutral
2301,1414.0,1.0,False,0.027495047028914414,1414.0,0.027495047028914414,0.0,0.0,0.9466666666666667,Neutral
2302,,,False,,,,,,,Neutral
2303,,,False,,,,,,,Neutral
2304,1417.0,1.0,False,0.01575666951932605,1417.0,0.01575666951932605,0.0,0.0,0.9433333333333334,Neutral
2305,1417.0,1.0,False,0.01328316049240523,1417.0,0.01328316049240523,0.0,0.0,0.94,Neutral
2306,1414.0,0.9317415851781687,False,0.027379604142667952,1414.0,0.027379604142667952,0.0,0.0,0.9366666666666666,Neutral
2307,1417.0,1.0,False,0.01,1417.0,0.01,0.0,0.0,0.9333333333333333,Neutral
2308,,,False,,,,,,,Neutral
2309,,,False,,,,,,,Neutral
2310,,,False,,,,,,,Neutral
2311,,,False,,,,,,,Neutral
2312,1422.0,0.9978436483621494,False,0.07125925741789747,1422.0,0.07125925741789747,0.0,0.0,0.9333333333333333,Neutral
2313,1422.0,0.997863217082523,False,0.08214148207834718,1422.0,0.08214148207834718,0.0,0.0,0.9333333333333333,Neutral
2314,1422.0,0.9978508399083813,False,0.09268170157877097,1422.0,0.09268170157877097,0.0,0.0,0.9333333333333333,Neutral
2315,1422.0,0.9411541137543378,False,0.08492165305176384,1422.0,0.08492165305176384,0.0,1264.3079928779298,0.9333333333333333,Neutral
2316,1422.0,0.9567270134857002,False,0.07097235454165111,1422.0,0.07097235454165111,0.0,0.0,0.9333333333333333,Neutral
2317,1422.0,0.9625662359950484,False,0.05773464023579729,1422.0,0.05773464023579729,0.0,0.0,0.9333333333333333,Neutral
2318,1422.0,0.9685790797204908,False,0.05567553660290164,1422.0,0.05567553660290164,0.0,0.0,0.9333333333333333,Neutral
2319,1422.0,0.998260692025207,False,0.05759479615828151,1422.0,0.05759479615828151,0.0,0.0,0.9333333333333333,Neutral
2320,1422.0,0.980614809760885,False,0.14634100288606,1422.0,0.14634100288606,0.0,0.0,0.9366666666666666,Positive
2321,1422.0,0.9963544188412475,False,0.25084670258166675,1422.0,0.25084670258166675,0.0,0.0,0.9366666666666666,Positive
2322,1422.0,0.957271113686572,False,0.38746664209163784,1422.0,0.38746664209163784,0.0,0.0,0.9366666666666666,Positive
2323,1422.0,0.981078499535434,False,0.44319969898749595,1422.0,0.44319969898749595,0.0,0.0,0.9366666666666666,Positive
2324,1422.0,0.9182202042067013,False,0.4734718177723958,1422.0,0.4734718177723958,0.0,0.0,0.9366666666666666,Positive
2325,1422.0,0.8478581489097158,False,0.45575106806411303,1422.0,0.45575106806411303,0.0,0.0,0.9366666666666666,Positive
2326,1427.0,0.6043795543368949,False,0.0212801246741759,1422.0,0.12371907392254226,0.14633211660857356,0.0,0.9366666666666666,Positive
2327,1422.0,0.8215732256445352,False,0.3779255379150035,1422.0,0.3779255379150035,0.0,0.0,0.9366666666666666,Positive
2328,1427.0,0.6317133508591491,False,0.02273452873720149,1422.0,0.10467269755229416,0.14896210296053486,0.0,0.9366666666666666,Positive
2329,1422.0,0.9176521105944602,False,0.32157092931458325,1422.0,0.32157092931458325,0.0,0.0,0.9366666666666666,Positive
2330,1422.0,0.8936014945533485,False,0.2368516596257914,1422.0,0.2368516596257914,0.0,0.0,0.9366666666666666,Positive
2331,1414.0,1.0,False,0.026993481215364854,1414.0,0.026993481215364854,0.0,0.0,0.9333333333333333,Positive
2332,1414.0,0.9296443508440936,False,0.027280974787430256,1414.0,0.027280974787430256,0.0,0.0,0.93,Positive
2333,1423.0,0.910057998170048,False,0.026758333498198412,1423.0,0.026758333498198412,0.0,0.0,0.9266666666666666,Positive
2334,1423.0,1.0,False,0.026895340912276744,1423.0,0.026895340912276744,0.0,0.0,0.9233333333333333,Positive
2335,1423.0,0.9078141992028924,False,0.02704348209164525,1423.0,0.02704348209164525,0.0,0.0,0.92,Positive
2336,1439.0,0.9087871554154247,False,0.022572884280730426,1439.0,0.022572884280730426,0.0,0.0,0.9166666666666666,Positive
2337,1439.0,0.9324751519836041,False,0.022093551773206453,1439.0,0.022093551773206453,0.0,0.0,0.9133333333333333,Positive
2338,1443.0,0.6808451050651873,False,0.019413056604792124,1443.0,0.019413056604792124,0.0,0.0,0.9133333333333333,Positive
2339,1443.0,0.6695949651484235,False,0.019462228593950026,1443.0,0.019462228593950026,0.0,0.0,0.9133333333333333,Positive
2340,1423.0,1.0,False,0.027133616524590152,1423.0,0.027133616524590152,0.0,0.0,0.91,Positive
2341,1423.0,0.9776601529434084,False,0.026663191831252677,1423.0,0.026663191831252677,0.0,0.0,0.9066666666666666,Positive
2342,1439.0,0.9799609193385368,False,0.02113850797288194,1439.0,0.02113850797288194,0.0,0.0,0.9033333333333333,Positive
2343,1439.0,0.9821868862968773,False,0.020839306708866637,1439.0,0.020839306708866637,0.0,0.0,0.9033333333333333,Positive
2344,1439.0,0.9850935314921452,False,0.020562145369895927,1439.0,0.020562145369895927,0.0,0.0,0.9,Positive
2345,1439.0,0.9871235193868398,False,0.020267888166579574,1439.0,0.020267888166579574,0.0,0.0,0.8966666666666666,Positive
2346,1423.0,0.991239646154945,False,0.024133811935672926,1423.0,0.024133811935672926,0.0,0.0,0.8933333333333333,Positive
2347,1456.0,0.6754458900834949,False,0.02133218637374535,1456.0,0.02133218637374535,0.0,0.0,0.89,Positive
2348,1423.0,0.979400451151972,False,0.02273273712987406,1423.0,0.02273273712987406,0.0,0.0,0.8866666666666667,Neutral
2349,1427.0,0.5982564329934564,False,0.026413441376905707,1427.0,0.026413441376905707,0.0,0.0,0.8866666666666667,Neutral
2350,1423.0,0.9580464721756454,False,0.024611587336243673,1423.0,0.024611587336243673,0.0,0.0,0.8833333333333333,Neutral
2351,1423.0,0.9737516245040048,False,0.025399473921576224,1423.0,0.025399473921576224,0.0,0.0,0.88,Neutral
2352,1423.0,0.9491523134499913,False,0.026092766028578834,1423.0,0.026092766028578834,0.0,0.0,0.8766666666666667,Neutral
2353,1422.0,0.8919037011191057,False,0.12876075309051063,1422.0,0.12876075309051063,0.0,0.0,0.8766666666666667,Positive
2354,1423.0,0.9867226472440257,False,0.026824398423622265,1423.0,0.026824398423622265,0.0,0.0,0.8733333333333333,Neutral
2355,1427.0,0.5840212063118996,False,0.02753393977550745,1427.0,0.02753393977550745,0.0,0.0,0.8733333333333333,Neutral
2356,1439.0,0.98378364974661,False,0.019467315229084552,1439.0,0.019467315229084552,0.0,0.0,0.87,Neutral
2357,1461.0,0.9739514257409919,False,0.02067706448634153,1461.0,0.02067706448634153,0.0,0.0,0.8666666666666667,Neutral
2358,1477.0,0.8605515630591856,False,0.01,1478.0,0.10191551066949842,0.36426122524418986,0.0,0.8633333333333333,Neutral
2359,1422.0,0.5457856692249583,True,0.06171973128961268,1422.0,0.06171973128961268,0.0,0.0,0.8633333333333333,Neutral
2360,1443.0,0.5169263738404387,True,0.020483741533566798,1443.0,0.020483741533566798,0.0,0.0,0.8633333333333333,Neutral
2361,1422.0,0.749980513791115,False,0.02245099630352909,1422.0,0.02245099630352909,0.0,0.0,0.8633333333333333,Neutral
2362,1422.0,0.5989345814401016,False,0.022348954472940004,1422.0,0.022348954472940004,0.0,0.0,0.8633333333333333,Neutral
2363,1422.0,0.6448747723392377,False,0.02342925622210935,1422.0,0.02342925622210935,0.0,0.0,0.8633333333333333,Neutral
2364,1422.0,0.7077084555151323,False,0.023736494350231382,1422.0,0.023736494350231382,0.0,0.0,0.8633333333333333,Neutral
2365,1422.0,0.7123029273392186,False,0.024323873979331754,1422.0,0.024323873979331754,0.0,0.0,0.8633333333333333,Neutral
2366,1422.0,0.7102383919461404,False,0.02482367159516269,1422.0,0.02482367159516269,0.0,0.0,0.8633333333333333,Neutral
2367,1427.0,0.7328035017581164,False,0.029528352961815666,1427.0,0.029528352961815666,0.0,0.0,0.8633333333333333,Neutral
2368,1489.0,0.9660964528404273,False,0.014935353091448101,1489.0,0.014935353091448101,0.0,750.504174415551,0.8633333333333333,Neutral
2369,1489.0,0.9908836126351386,False,0.014919216409145663,1489.0,0.014919216409145663,0.0,0.0,0.8633333333333333,Neutral
2370,1422.0,0.6941949512546279,False,0.025378973140624646,1422.0,0.025378973140624646,0.0,0.0,0.8633333333333333,Neutral
2371,1422.0,0.7004128723043552,False,0.02537855429431731,1422.0,0.02537855429431731,0.0,0.0,0.8633333333333333,Neutral
2372,1422.0,0.8353309753412113,False,0.02572514835093607,1422.0,0.02572514835093607,0.0,0.0,0.8633333333333333,Neutral
2373,1461.0,0.885780416307451,False,0.021448055313795955,1461.0,0.021448055313795955,0.0,0.0,0.86,Neutral
2374,1422.0,0.6206806352968951,False,0.026205626093687165,1422.0,0.026205626093687165,0.0,0.0,0.86,Neutral
2375,1496.0,0.7426649174791592,False,0.018848060361104375,1496.0,0.018848060361104375,0.0,0.0,0.86,Neutral
2376,1422.0,0.625141912096281,False,0.0258476492981895,1422.0,0.0258476492981895,0.0,0.0,0.86,Neutral
2377,1496.0,0.7620412387115202,False,0.01886076123412868,1496.0,0.01886076123412868,0.0,0.0,0.86,Neutral
2378,1477.0,0.9382131709311958,False,0.01,1477.0,0.01,0.0,0.0,0.8566666666666667,Neutral
2379,1496.0,0.821705311905705,False,0.018784823338974382,1496.0,0.018784823338974382,0.0,0.0,0.8566666666666667,Neutral
2380,1496.0,0.8539358220989195,False,0.018755376894782686,1496.0,0.018755376894782686,0.0,0.0,0.8566666666666667,Neutral
2381,1485.0,0.771618817896167,False,0.027004848645221787,1485.0,0.027004848645221787,0.0,0.0,0.8533333333333334,Neutral
2382,1496.0,0.8888322284298504,False,0.01896727470865882,1496.0,0.01896727470865882,0.0,0.0,0.8533333333333334,Neutral
2383,1496.0,0.8653920282571932,False,0.019185830372277998,1496.0,0.019185830372277998,0.0,0.0,0.8533333333333334,Neutral
2384,1496.0,0.9072917685847196,False,0.019405548961526495,1496.0,0.019405548961526495,0.0,0.0,0.8533333333333334,Neutral
2385,1496.0,0.8683719043374096,False,0.019628202677494412,1496.0,0.019628202677494412,0.0,0.0,0.8533333333333334,Neutral
2386,1496.0,0.8513692166203157,False,0.01985229225239459,1496.0,0.01985229225239459,0.0,0.0,0.8533333333333334,Neutral
2387,1496.0,0.8524196457291029,False,0.020105671668282525,1496.0,0.020105671668282525,0.0,0.0,0.8533333333333334,Neutral
2388,1496.0,0.8557069134708608,False,0.020293999924390658,1496.0,0.020293999924390658,0.0,0.0,0.8533333333333334,Neutral
2389,1496.0,0.9062886218626919,False,0.020310258115706997,1496.0,0.020310258115706997,0.0,0.0,0.8533333333333334,Neutral
2390,1496.0,0.8810485676928134,False,0.020355516209251665,1496.0,0.020355516209251665,0.0,0.0,0.8533333333333334,Neutral
2391,1496.0,0.940509490051502,False,0.020309250418431027,1496.0,0.020309250418431027,0.0,0.0,0.8533333333333334,Neutral
2392,1496.0,0.8478623702808901,False,0.02032068989622251,1496.0,0.02032068989622251,0.0,0.0,0.8533333333333334,Neutral
2393,1496.0,0.9319673749297683,False,0.020316085425031945,1496.0,0.020316085425031945,0.0,0.0,0.8533333333333334,Neutral
2394,1496.0,0.9246337874742547,False,0.020487115233916487,1496.0,0.020487115233916487,0.0,0.0,0.8533333333333334,Neutral
2395,1496.0,0.8840037636994574,False,0.020614431250077687,1496.0,0.020614431250077687,0.0,0.0,0.8533333333333334,Neutral
2396,1496.0,0.8788842816015685,False,0.020924675704628984,1496.0,0.020924675704628984,0.0,0.0,0.8533333333333334,Neutral
2397,1496.0,0.8813292740176584,False,0.020996659487955836,1496.0,0.020996659487955836,0.0,0.0,0.8533333333333334,Neutral
2398,1496.0,0.8830775552870579,False,0.021047267483608263,1496.0,0.021047267483608263,0.0,0.0,0.8533333333333334,Neutral
2399,1496.0,0.8866305003194284,False,0.021069662629823994,1496.0,0.021069662629823994,0.0,0.0,0.8533333333333334,Neutral
2400,1496.0,0.8931489576108399,False,0.021101877987634146,1496.0,0.021101877987634146,0.0,0.0,0.8533333333333334,Neutral
2401,1496.0,0.9141030364986671,False,0.02088988219311104,1496.0,0.02088988219311104,0.0,0.0,0.8533333333333334,Neutral
2402,1485.0,0.5427475100966404,True,0.027026494060515823,1485.0,0.027026494060515823,0.0,0.0,0.8533333333333334,Neutral
2403,1496.0,0.830004159994212,False,0.020747927814449982,1496.0,0.020747927814449982,0.0,0.0,0.8533333333333334,Neutral
2404,1496.0,0.8251790258747895,False,0.02065841502629553,1496.0,0.02065841502629553,0.0,0.0,0.8533333333333334,Neutral
2405,1496.0,0.5834016613198915,False,0.02049344316529136,1496.0,0.02049344316529136,0.0,0.0,0.8533333333333334,Neutral
2406,1496.0,0.7785765539859162,False,0.020548048518624625,1496.0,0.020548048518624625,0.0,0.0,0.8533333333333334,Neutral
2407,1496.0,0.8344334941839286,False,0.020496003856586457,1496.0,0.020496003856586457,0.0,0.0,0.8533333333333334,Neutral
2408,1485.0,0.5102590324441154,True,0.01,1485.0,0.01,0.0,0.0,0.8533333333333334,Neutral
2409,1496.0,0.9504369003280996,False,0.020367297451688426,1496.0,0.020367297451688426,0.0,0.0,0.8533333333333334,Neutral
2410,1496.0,0.9777831781573469,False,0.02022929025115309,1496.0,0.02022929025115309,0.0,0.0,0.8533333333333334,Neutral
2411,1496.0,0.9622161714737876,False,0.02006747384279186,1496.0,0.02006747384279186,0.0,0.0,0.8533333333333334,Neutral
2412,1496.0,0.8582509042803701,False,0.020037176188779704,1496.0,0.020037176188779704,0.0,0.0,0.8533333333333334,Neutral
2413,1496.0,0.9661422423616842,False,0.019940591213537195,1496.0,0.019940591213537195,0.0,0.0,0.8533333333333334,Neutral
2414,1485.0,0.46590056271594293,True,0.023314606190216303,1485.0,0.023314606190216303,0.0,0.0,0.8533333333333334,Neutral
2415,1485.0,0.4567865562003838,True,0.02236068609246497,1485.0,0.02236068609246497,0.0,0.0,0.8533333333333334,Neutral
2416,1485.0,0.45995072483130633,True,0.021496848611757043,1485.0,0.021496848611757043,0.0,0.0,0.8533333333333334,Neutral
2417,1517.0,1.0,False,0.029198071389950023,1517.0,0.029198071389950023,0.0,0.0,0.85,Neutral
2418,1517.0,1.0,False,0.028508435784097348,1517.0,0.028508435784097348,0.0,0.0,0.8466666666666667,Neutral
2419,1496.0,0.9835085138781298,False,0.019914184914324593,1496.0,0.019914184914324593,0.0,0.0,0.8466666666666667,Neutral
2420,1517.0,1.0,False,0.027468253610445484,1517.0,0.027468253610445484,0.0,0.0,0.8433333333333334,Neutral
2421,1517.0,1.0,False,0.027100038542726378,1517.0,0.027100038542726378,0.0,0.0,0.84,Neutral
2422,1496.0,0.9842971538145301,False,0.020080312847780557,1496.0,0.020080312847780557,0.0,0.0,0.84,Neutral
2423,1496.0,0.9843086443418985,False,0.020137825749762712,1496.0,0.020137825749762712,0.0,0.0,0.84,Neutral
2424,1496.0,0.9826033476701325,False,0.020370819912618635,1496.0,0.020370819912618635,0.0,0.0,0.84,Neutral
2425,1496.0,0.9812972179207349,False,0.020536476892420597,1496.0,0.020536476892420597,0.0,0.0,0.84,Neutral
2426,1496.0,0.9798898439830042,False,0.02065210007568104,1496.0,0.02065210007568104,0.0,0.0,0.84,Neutral
2427,1496.0,0.9789308691608417,False,0.020727108446722018,1496.0,0.020727108446722018,0.0,0.0,0.84,Neutral
2428,1496.0,0.9780179223696512,False,0.020765940117323408,1496.0,0.020765940117323408,0.0,0.0,0.84,Neutral
2429,1496.0,0.9778344500252423,False,0.02079376431018741,1496.0,0.02079376431018741,0.0,0.0,0.84,Neutral
2430,1496.0,0.9767030326991996,False,0.02082593933081155,1496.0,0.02082593933081155,0.0,0.0,0.84,Neutral
2431,1517.0,1.0,False,0.026495762851666205,1517.0,0.026495762851666205,0.0,0.0,0.8366666666666667,Neutral
2432,1517.0,1.0,False,0.026504327528279,1517.0,0.026504327528279,0.0,0.0,0.8333333333333334,Neutral
2433,1517.0,1.0,False,0.026442212012267506,1517.0,0.026442212012267506,0.0,0.0,0.83,Neutral
2434,1517.0,1.0,False,0.026380851721565166,1517.0,0.026380851721565166,0.0,0.0,0.83,Neutral
2435,1517.0,1.0,False,0.026317364746392537,1517.0,0.026317364746392537,0.0,0.0,0.83,Neutral
2436,1517.0,1.0,False,0.026288290457972763,1517.0,0.026288290457972763,0.0,0.0,0.83,Neutral
2437,1517.0,1.0,False,0.02624957023370346,1517.0,0.02624957023370346,0.0,0.0,0.83,Neutral
2438,1517.0,1.0,False,0.026210951211190995,1517.0,0.026210951211190995,0.0,0.0,0.83,Neutral
2439,1517.0,1.0,False,0.02616165871801245,1517.0,0.02616165871801245,0.0,0.0,0.8266666666666667,Neutral
2440,1517.0,1.0,False,0.026168819450022283,1517.0,0.026168819450022283,0.0,0.0,0.8233333333333334,Neutral
2441,1517.0,1.0,False,0.026150745505388928,1517.0,0.026150745505388928,0.0,0.0,0.82,Neutral
2442,1517.0,1.0,False,0.026193695650125595,1517.0,0.026193695650125595,0.0,0.0,0.8166666666666667,Neutral
2443,1517.0,1.0,False,0.026188495253598135,1517.0,0.026188495253598135,0.0,0.0,0.8133333333333334,Neutral
2444,1517.0,1.0,False,0.02624879102042747,1517.0,0.02624879102042747,0.0,0.0,0.81,Neutral
2445,1517.0,1.0,False,0.026195367060849552,1517.0,0.026195367060849552,0.0,0.0,0.8066666666666666,Neutral
2446,1517.0,1.0,False,0.026215926116950887,1517.0,0.026215926116950887,0.0,0.0,0.8033333333333333,Neutral
2447,1517.0,1.0,False,0.026229325987993168,1517.0,0.026229325987993168,0.0,0.0,0.8,Neutral
2448,1517.0,1.0,False,0.0261875962975737,1517.0,0.0261875962975737,0.0,0.0,0.7966666666666666,Neutral
2449,1517.0,1.0,False,0.02609579801886038,1517.0,0.02609579801886038,0.0,0.0,0.7933333333333333,Neutral
2450,1517.0,1.0,False,0.02595518333924345,1517.0,0.02595518333924345,0.0,0.0,0.79,Neutral
2451,1517.0,1.0,False,0.02582707041886138,1517.0,0.02582707041886138,0.0,0.0,0.7866666666666666,Neutral
2452,1517.0,1.0,False,0.025707154795872565,1517.0,0.025707154795872565,0.0,0.0,0.7833333333333333,Neutral
2453,1517.0,1.0,False,0.025569327053398868,1517.0,0.025569327053398868,0.0,0.0,0.78,Neutral
2454,1517.0,1.0,False,0.02542651783696473,1517.0,0.02542651783696473,0.0,0.0,0.7766666666666666,Neutral
2455,1517.0,1.0,False,0.025301493532703972,1517.0,0.025301493532703972,0.0,0.0,0.7733333333333333,Neutral
2456,1517.0,1.0,False,0.02515746445428871,1517.0,0.02515746445428871,0.0,0.0,0.77,Neutral
2457,1517.0,1.0,False,0.02506633261528845,1517.0,0.02506633261528845,0.0,0.0,0.7666666666666667,Neutral
2458,1517.0,1.0,False,0.024998257770555046,1517.0,0.024998257770555046,0.0,0.0,0.7633333333333333,Neutral
2459,1517.0,1.0,False,0.024938283723931105,1517.0,0.024938283723931105,0.0,0.0,0.76,Neutral
2460,1517.0,1.0,False,0.024860514173426287,1517.0,0.024860514173426287,0.0,0.0,0.7566666666666667,Neutral
2461,1517.0,1.0,False,0.024800979517761196,1517.0,0.024800979517761196,0.0,0.0,0.7533333333333333,Neutral
2462,1517.0,1.0,False,0.024733951643711487,1517.0,0.024733951643711487,0.0,0.0,0.75,Neutral
2463,1517.0,1.0,False,0.024646835015895874,1517.0,0.024646835015895874,0.0,0.0,0.7466666666666667,Neutral
2464,1517.0,1.0,False,0.02453498723121017,1517.0,0.02453498723121017,0.0,0.0,0.7433333333333333,Neutral
2465,1517.0,1.0,False,0.024450300992714148,1517.0,0.024450300992714148,0.0,0.0,0.74,Neutral
2466,1517.0,1.0,False,0.024370539489863292,1517.0,0.024370539489863292,0.0,0.0,0.7366666666666667,Neutral
2467,1517.0,1.0,False,0.024283699828953214,1517.0,0.024283699828953214,0.0,0.0,0.7333333333333333,Neutral
2468,1517.0,1.0,False,0.024244675426032782,1517.0,0.024244675426032782,0.0,0.0,0.73,Neutral
2469,1517.0,1.0,False,0.024204549704014477,1517.0,0.024204549704014477,0.0,0.0,0.7266666666666667,Neutral
2470,1517.0,1.0,False,0.02416606595891148,1517.0,0.02416606595891148,0.0,0.0,0.7233333333333334,Neutral
2471,1517.0,1.0,False,0.024120399535015918,1517.0,0.024120399535015918,0.0,0.0,0.72,Neutral
2472,1517.0,1.0,False,0.024067183360844756,1517.0,0.024067183360844756,0.0,0.0,0.7166666666666667,Neutral
2473,1517.0,1.0,False,0.023994298238799786,1517.0,0.023994298238799786,0.0,0.0,0.7133333333333334,Neutral
2474,1517.0,1.0,False,0.023898009761310044,1517.0,0.023898009761310044,0.0,0.0,0.71,Neutral
2475,1517.0,1.0,False,0.023814507806501545,1517.0,0.023814507806501545,0.0,0.0,0.7066666666666667,Neutral
2476,1517.0,1.0,False,0.023693244772539656,1517.0,0.023693244772539656,0.0,0.0,0.7033333333333334,Neutral
2477,1517.0,1.0,False,0.023574194747054772,1517.0,0.023574194747054772,0.0,0.0,0.7,Neutral
2478,1517.0,1.0,False,0.023476512477272112,1517.0,0.023476512477272112,0.0,0.0,0.6966666666666667,Neutral
2479,1517.0,1.0,False,0.023365279576205995,1517.0,0.023365279576205995,0.0,0.0,0.6933333333333334,Neutral
2480,1517.0,1.0,False,0.023267224252508472,1517.0,0.023267224252508472,0.0,0.0,0.69,Neutral
2481,1517.0,1.0,False,0.02320507967971,1517.0,0.02320507967971,0.0,0.0,0.6866666666666666,Neutral
2482,1517.0,1.0,False,0.023540045935419737,1517.0,0.023540045935419737,0.0,0.0,0.6833333333333333,Neutral
2483,1517.0,1.0,False,0.024882422201548456,1517.0,0.024882422201548456,0.0,0.0,0.68,Neutral
2484,1517.0,1.0,False,0.025948870424982205,1517.0,0.025948870424982205,0.0,0.0,0.6766666666666666,Neutral
2485,,,False,,,,,,,Neutral
2486,,,False,,,,,,,Neutral
2487,1517.0,1.0,False,0.026328618063918695,1517.0,0.026328618063918695,0.0,0.0,0.6733333333333333,Neutral
2488,1517.0,1.0,False,0.0256866422911477,1517.0,0.0256866422911477,0.0,0.0,0.67,Neutral
2489,1517.0,1.0,False,0.025069529503181975,1517.0,0.025069529503181975,0.0,0.0,0.6666666666666666,Neutral
2490,1517.0,1.0,False,0.024635883419098434,1517.0,0.024635883419098434,0.0,0.0,0.6633333333333333,Neutral
2491,1517.0,1.0,False,0.024406193304217914,1517.0,0.024406193304217914,0.0,0.0,0.66,Neutral
2492,1517.0,1.0,False,0.02420787170467223,1517.0,0.02420787170467223,0.0,0.0,0.6566666666666666,Neutral
2493,1517.0,1.0,False,0.02409317671585143,1517.0,0.02409317671585143,0.0,0.0,0.6533333333333333,Neutral
2494,1517.0,1.0,False,0.024036388775760736,1517.0,0.024036388775760736,0.0,0.0,0.65,Neutral
2495,1517.0,1.0,False,0.02399974900818811,1517.0,0.02399974900818811,0.0,0.0,0.6466666666666666,Neutral
2496,1517.0,0.8616943668327933,False,0.023956400307181294,1517.0,0.023956400307181294,0.0,0.0,0.6433333333333333,Neutral
2497,1517.0,0.8580734125739143,False,0.02390279635208061,1517.0,0.02390279635208061,0.0,0.0,0.64,Neutral
2498,1517.0,0.8550187689753345,False,0.023817312645956226,1517.0,0.023817312645956226,0.0,0.0,0.6366666666666667,Neutral
2499,1517.0,0.9068535180406081,False,0.023748264686740524,1517.0,0.023748264686740524,0.0,0.0,0.6333333333333333,Neutral
2500,1517.0,0.9293267621492427,False,0.023672163117815073,1540.0,0.036146662447851564,0.0,0.0,0.63,Neutral
2501,1517.0,0.839578773108455,False,0.023636918301008992,1517.0,0.023636918301008992,0.0,0.0,0.6266666666666667,Neutral
2502,1517.0,0.9199211360420564,False,0.023569266255823583,1517.0,0.023569266255823583,0.0,0.0,0.6233333333333333,Neutral
2503,1517.0,1.0,False,0.023561009168096263,1517.0,0.023561009168096263,0.0,0.0,0.62,Neutral
2504,1517.0,1.0,False,0.02355503350888002,1517.0,0.02355503350888002,0.0,0.0,0.6166666666666667,Neutral
2505,1517.0,1.0,False,0.02358271436568901,1517.0,0.02358271436568901,0.0,0.0,0.6133333333333333,Neutral
2506,1517.0,1.0,False,0.023631072037088835,1517.0,0.023631072037088835,0.0,0.0,0.61,Neutral
2507,1517.0,1.0,False,0.023724289304124253,1517.0,0.023724289304124253,0.0,0.0,0.6066666666666667,Neutral
2508,1517.0,1.0,False,0.023832950531302053,1517.0,0.023832950531302053,0.0,0.0,0.6033333333333334,Neutral
2509,1517.0,1.0,False,0.023959282398248405,1517.0,0.023959282398248405,0.0,0.0,0.6,Neutral
2510,1517.0,1.0,False,0.024065440604137647,1517.0,0.024065440604137647,0.0,0.0,0.5966666666666667,Neutral
2511,,0.0,False,,,,,0.0,0.5966666666666667,Neutral
2512,,0.0,False,,,,,0.0,0.5966666666666667,Neutral
2513,,0.0,False,,,,,0.0,0.5966666666666667,Neutral
2514,1517.0,1.0,False,0.024424262997657795,1517.0,0.024424262997657795,0.0,0.0,0.5933333333333334,Neutral
2515,,0.0,False,,,,,0.0,0.5933333333333334,Neutral
2516,,0.0,False,,,,,0.0,0.5933333333333334,Neutral
2517,,0.0,False,,,,,0.0,0.5933333333333334,Neutral
2518,1517.0,1.0,False,0.02475280774312913,1517.0,0.02475280774312913,0.0,0.0,0.59,Neutral
2519,1517.0,1.0,False,0.024825156596601335,1517.0,0.024825156596601335,0.0,0.0,0.5866666666666667,Neutral
2520,1558.0,0.9960582128591979,False,0.025052650752527342,1558.0,0.025052650752527342,0.0,0.0,0.5866666666666667,Neutral
2521,1558.0,0.9958358004825961,False,0.02526278086354035,1558.0,0.02526278086354035,0.0,0.0,0.5866666666666667,Neutral
2522,1558.0,0.995465235849139,False,0.02562241218216673,1558.0,0.02562241218216673,0.0,0.0,0.5866666666666667,Neutral
2523,1558.0,0.9951008683459301,False,0.02597233126638461,1558.0,0.02597233126638461,0.0,0.0,0.5866666666666667,Neutral
2524,1558.0,0.9947601613103565,False,0.02628874045838922,1558.0,0.02628874045838922,0.0,0.0,0.5866666666666667,Neutral
2525,1558.0,0.9943576289927346,False,0.026657096547964644,1558.0,0.026657096547964644,0.0,0.0,0.5866666666666667,Neutral
2526,1558.0,0.993965696726184,False,0.02699834463107993,1558.0,0.02699834463107993,0.0,0.0,0.5866666666666667,Neutral
2527,1558.0,0.9935581307990111,False,0.027361983040371917,1558.0,0.027361983040371917,0.0,0.0,0.5866666666666667,Neutral
2528,1558.0,0.9932479704376483,False,0.027627095787315977,1558.0,0.027627095787315977,0.0,0.0,0.5866666666666667,Neutral
2529,1558.0,0.9929366302557695,False,0.027898834205414044,1558.0,0.027898834205414044,0.0,0.0,0.5866666666666667,Neutral
2530,1558.0,0.992704347916172,False,0.02809944885399391,1558.0,0.02809944885399391,0.0,0.0,0.5866666666666667,Neutral
2531,1558.0,0.9925118499408627,False,0.02827162435205675,1558.0,0.02827162435205675,0.0,0.0,0.5866666666666667,Neutral
2532,1558.0,0.9923513845749599,False,0.02841111809429565,1558.0,0.02841111809429565,0.0,0.0,0.5866666666666667,Neutral
2533,1558.0,0.9922757119228909,False,0.028485043215644015,1558.0,0.028485043215644015,0.0,0.0,0.5866666666666667,Neutral
2534,1558.0,0.9922289191970529,False,0.02852414101121558,1558.0,0.02852414101121558,0.0,0.0,0.5866666666666667,Neutral
2535,1558.0,0.9922004228982096,False,0.028536835402358025,1558.0,0.028536835402358025,0.0,0.0,0.5866666666666667,Neutral
2536,1558.0,0.992213160452414,False,0.028508076688430157,1558.0,0.028508076688430157,0.0,0.0,0.5866666666666667,Neutral
2537,1558.0,0.9922328521216762,False,0.028475677481527253,1558.0,0.028475677481527253,0.0,0.0,0.5866666666666667,Neutral
2538,1558.0,0.9922939054980192,False,0.028405714340566192,1558.0,0.028405714340566192,0.0,0.0,0.5866666666666667,Neutral
2539,1558.0,0.9923523790817951,False,0.028327260216284483,1558.0,0.028327260216284483,0.0,0.0,0.5866666666666667,Neutral
2540,1558.0,0.9924448736462501,False,0.028245079022627812,1558.0,0.028245079022627812,0.0,0.0,0.5866666666666667,Neutral
2541,1558.0,0.9925251957425809,False,0.028157677765473333,1558.0,0.028157677765473333,0.0,0.0,0.5866666666666667,Neutral
2542,1558.0,0.9926503961648494,False,0.028033666997708713,1558.0,0.028033666997708713,0.0,0.0,0.5866666666666667,Neutral
2543,1558.0,0.9770901125238024,False,0.02788320338542998,1558.0,0.02788320338542998,0.0,0.0,0.5866666666666667,Neutral
2544,1558.0,0.977435733092882,False,0.02775956479020777,1558.0,0.02775956479020777,0.0,0.0,0.5866666666666667,Neutral
2545,1558.0,0.9930815637477962,False,0.027638561280391313,1558.0,0.027638561280391313,0.0,0.0,0.5866666666666667,Neutral
2546,1558.0,0.9932205728053707,False,0.02750556865884128,1558.0,0.02750556865884128,0.0,0.0,0.5866666666666667,Neutral
2547,1558.0,0.993356425637003,False,0.027378095503904985,1558.0,0.027378095503904985,0.0,0.0,0.5866666666666667,Neutral
2548,1558.0,0.9935059467515075,False,0.027237746304858326,1558.0,0.027237746304858326,0.0,0.0,0.5866666666666667,Neutral
2549,1558.0,0.9936720326410505,False,0.02709044628734705,1558.0,0.02709044628734705,0.0,0.0,0.5866666666666667,Neutral
2550,1558.0,0.9938134590981349,False,0.02697208201005975,1558.0,0.02697208201005975,0.0,0.0,0.5866666666666667,Neutral
2551,1558.0,0.9939716224918721,False,0.026844296159607706,1558.0,0.026844296159607706,0.0,0.0,0.5866666666666667,Neutral
2552,1558.0,0.9941323762607638,False,0.026720901909571805,1558.0,0.026720901909571805,0.0,0.0,0.5866666666666667,Neutral
2553,1558.0,0.9942363987453272,False,0.026635718944252658,1558.0,0.026635718944252658,0.0,0.0,0.5866666666666667,Neutral
2554,1558.0,0.9943488059055425,False,0.026553309023748282,1558.0,0.026553309023748282,0.0,0.0,0.5866666666666667,Neutral
2555,1558.0,0.9944775987483703,False,0.026446665335478625,1558.0,0.026446665335478625,0.0,0.0,0.59,Neutral
2556,1558.0,0.9946464478970355,False,0.026306626561336213,1558.0,0.026306626561336213,0.0,0.0,0.5933333333333334,Neutral
2557,1558.0,0.9947620909563247,False,0.026211392066075163,1558.0,0.026211392066075163,0.0,0.0,0.5966666666666667,Neutral
2558,1558.0,0.994865117716982,False,0.026121496474389907,1558.0,0.026121496474389907,0.0,0.0,0.5966666666666667,Neutral
2559,1558.0,0.9949463286447381,False,0.0260571888639749,1558.0,0.0260571888639749,0.0,0.0,0.5966666666666667,Neutral
2560,1558.0,0.9950164104896154,False,0.02600324751745653,1558.0,0.02600324751745653,0.0,0.0,0.5966666666666667,Neutral
2561,1558.0,0.9950617950127156,False,0.025972382679186688,1558.0,0.025972382679186688,0.0,0.0,0.5966666666666667,Neutral
2562,1558.0,0.9950924372178721,False,0.025956564680411166,1558.0,0.025956564680411166,0.0,0.0,0.5966666666666667,Neutral
2563,1558.0,0.9951251063129676,False,0.02593762642070482,1558.0,0.02593762642070482,0.0,0.0,0.5966666666666667,Neutral
2564,1558.0,0.9951354795808823,False,0.025940880443806293,1558.0,0.025940880443806293,0.0,0.0,0.5966666666666667,Neutral
2565,1558.0,0.9951424028173413,False,0.0259455931628703,1558.0,0.0259455931628703,0.0,0.0,0.5966666666666667,Neutral
2566,1558.0,0.9951561045037081,False,0.02594419039356345,1558.0,0.02594419039356345,0.0,0.0,0.5966666666666667,Neutral
2567,1558.0,0.9951627195324575,False,0.02595402393462198,1558.0,0.02595402393462198,0.0,0.0,0.5966666666666667,Neutral
2568,1517.0,1.0,False,0.025939913157908192,1517.0,0.025939913157908192,0.0,0.0,0.5933333333333334,Neutral
2569,1567.0,0.5882699626727254,False,0.01734016697798699,1567.0,0.01734016697798699,0.0,0.0,0.59,Neutral
2570,1572.0,0.41074424198110954,True,0.01,1572.0,0.01,0.0,0.0,0.59,Neutral
2571,1517.0,0.4055938645512897,True,0.01,1567.0,0.013517765877069548,0.10733452481973958,0.0,0.59,Neutral
2572,1570.0,0.7501660349993527,False,0.023115292243078532,1570.0,0.023115292243078532,0.0,444.27085082009154,0.59,Neutral
2573,1570.0,0.8879515884765776,False,0.02310747322144637,1570.0,0.02310747322144637,0.0,532.8991495568433,0.59,Neutral
2574,1572.0,0.6775423189409031,False,0.026625135215009844,1572.0,0.026625135215009844,0.0,0.0,0.59,Neutral
2575,1572.0,0.6187321573381783,False,0.026322009088299493,1572.0,0.026322009088299493,0.0,0.0,0.59,Neutral
2576,1572.0,0.4306757904473269,True,0.026051086562191253,1572.0,0.026051086562191253,0.0,0.0,0.59,Neutral
2577,1572.0,0.6936139860449191,False,0.026117696301198957,1572.0,0.026117696301198957,0.0,0.0,0.59,Neutral
2578,1570.0,0.7723943327418052,False,0.02306399662195607,1570.0,0.02306399662195607,0.0,0.0,0.59,Neutral
2579,1570.0,0.8727490157354728,False,0.023031557068588074,1570.0,0.023031557068588074,0.0,0.0,0.59,Neutral
2580,1570.0,0.8472528101652596,False,0.02305997601546946,1570.0,0.02305997601546946,0.0,0.0,0.59,Neutral
2581,1570.0,0.8476707464306319,False,0.02317189327365855,1570.0,0.02317189327365855,0.0,774.8717398971008,0.59,Neutral
2582,1570.0,0.8416457478029293,False,0.02344058169784476,1570.0,0.02344058169784476,0.0,811.9776159504618,0.59,Neutral
2583,1572.0,0.8036447659519184,False,0.026846338168961207,1572.0,0.026846338168961207,0.0,0.0,0.59,Neutral
2584,1572.0,0.7567433185974204,False,0.026827809241433406,1572.0,0.026827809241433406,0.0,887.475679624461,0.59,Neutral
2585,1572.0,0.7376792301173832,False,0.026770990976209316,1572.0,0.026770990976209316,0.0,1030.9467528992775,0.59,Neutral
2586,1598.0,0.9808315819263981,False,0.01503631503246288,1598.0,0.01503631503246288,0.0,0.0,0.59,Neutral
2587,1599.0,0.6651735521906152,False,0.02187124216325438,1599.0,0.02187124216325438,0.0,0.0,0.59,Neutral
2588,1599.0,0.6568947892116367,False,0.02214481293124424,1599.0,0.02214481293124424,0.0,516.9014104908599,0.59,Neutral
2589,1599.0,0.6846647388005962,False,0.022359729556552542,1599.0,0.022359729556552542,0.0,220.67654042807123,0.59,Neutral
2590,1599.0,0.6793137695913785,False,0.022546778582073563,1599.0,0.022546778582073563,0.0,362.9920605059144,0.59,Neutral
2591,1599.0,0.7171320861471117,False,0.022705233246160278,1599.0,0.022705233246160278,0.0,433.22186258941963,0.59,Neutral
2592,1599.0,0.5357564280710507,True,0.022641129016158033,1599.0,0.022641129016158033,0.0,0.0,0.59,Neutral
2593,1599.0,0.6805925476798615,False,0.02230058577156154,1599.0,0.02230058577156154,0.0,0.0,0.59,Neutral
2594,1599.0,0.6775983021455856,False,0.021973774409622896,1599.0,0.021973774409622896,0.0,0.0,0.59,Neutral
2595,1599.0,0.6919937584830774,False,0.021693683399492975,1599.0,0.021693683399492975,0.0,0.0,0.59,Neutral
2596,1599.0,0.9371348348668267,False,0.02170836740410836,1599.0,0.02170836740410836,0.0,0.0,0.59,Neutral
2597,1599.0,0.9955707096448985,False,0.021676138873777492,1599.0,0.021676138873777492,0.0,0.0,0.59,Neutral
2598,1599.0,0.7101692280793365,False,0.021743426559647006,1599.0,0.021743426559647006,0.0,0.0,0.59,Neutral
2599,1599.0,0.9523373924654901,False,0.022088485481135855,1599.0,0.022088485481135855,0.0,0.0,0.59,Neutral
2600,1598.0,0.8718801751063169,False,0.019812263749442127,1598.0,0.019812263749442127,0.0,0.0,0.59,Neutral
2601,1599.0,0.8118267925261039,False,0.024162559359889826,1599.0,0.024162559359889826,0.0,0.0,0.59,Neutral
2602,1610.0,0.9937691893327452,False,0.01,1610.0,0.01,0.0,0.0,0.5866666666666667,Neutral
2603,1610.0,0.998726890607109,False,0.01,1610.0,0.01,0.0,0.0,0.5833333333333334,Neutral
2604,1579.0,0.5497759056417113,True,0.01962638027384986,1579.0,0.01962638027384986,0.0,0.0,0.5833333333333334,Neutral
2605,1599.0,0.7856468518733292,False,0.024989823889182926,1599.0,0.024989823889182926,0.0,0.0,0.5833333333333334,Neutral
2606,1599.0,0.7716762370447624,False,0.025570332221806498,1599.0,0.025570332221806498,0.0,0.0,0.5833333333333334,Neutral
2607,1599.0,0.7686648954713264,False,0.02564427923071178,1599.0,0.02564427923071178,0.0,0.0,0.5833333333333334,Neutral
2608,1599.0,0.7623823214084469,False,0.025772211087361902,1599.0,0.025772211087361902,0.0,0.0,0.5833333333333334,Neutral
2609,1599.0,0.764580929377109,False,0.0255247505849051,1599.0,0.0255247505849051,0.0,0.0,0.5833333333333334,Neutral
2610,1599.0,0.7527372371944029,False,0.025236037220848277,1599.0,0.025236037220848277,0.0,0.0,0.5833333333333334,Neutral
2611,1599.0,0.746517537624653,False,0.025537854923178716,1599.0,0.025537854923178716,0.0,0.0,0.5833333333333334,Neutral
2612,1599.0,0.7401863203085935,False,0.025579465892480432,1599.0,0.025579465892480432,0.0,0.0,0.5833333333333334,Neutral
2613,1599.0,0.6948052683886317,False,0.025330750356197494,1599.0,0.025330750356197494,0.0,0.0,0.5833333333333334,Neutral
2614,1599.0,0.6884917684023187,False,0.02474689604671085,1599.0,0.02474689604671085,0.0,0.0,0.5833333333333334,Neutral
2615,1599.0,0.6546815771092213,False,0.023652451055278485,1599.0,0.023652451055278485,0.0,0.0,0.5833333333333334,Neutral
2616,1599.0,0.7008681978271315,False,0.022361899267040436,1599.0,0.022361899267040436,0.0,0.0,0.5833333333333334,Neutral
2617,1567.0,1.0,False,0.01064733495212184,1567.0,0.01064733495212184,0.0,0.0,0.58,Neutral
2618,1638.0,0.7322850451656561,False,0.03009286554390431,1638.0,0.03009286554390431,0.0,0.0,0.58,Neutral
2619,1638.0,0.7030907937983076,False,0.031090608666610547,1638.0,0.031090608666610547,0.0,0.0,0.58,Neutral
2620,1638.0,0.8457813142373946,False,0.031745247007046166,1638.0,0.031745247007046166,0.0,0.0,0.5833333333333334,Neutral
2621,1638.0,0.7238210816466346,False,0.03127009131920971,1638.0,0.03127009131920971,0.0,0.0,0.5833333333333334,Neutral
2622,1638.0,0.7549538256506173,False,0.031355739416842554,1638.0,0.031355739416842554,0.0,0.0,0.5833333333333334,Neutral
2623,1638.0,0.7831289762204445,False,0.03340242591195882,1638.0,0.03340242591195882,0.0,0.0,0.5866666666666667,Neutral
2624,1562.0,0.9744718202846251,False,0.025601309269272336,1562.0,0.025601309269272336,0.0,0.0,0.5866666666666667,Neutral
2625,1562.0,0.9746467247785278,False,0.02492518618101297,1562.0,0.02492518618101297,0.0,0.0,0.5866666666666667,Neutral
2626,1638.0,0.8991534953250419,False,0.032686746325652154,1638.0,0.032686746325652154,0.0,0.0,0.59,Neutral
2627,1638.0,0.7819834967341527,False,0.032064359505458044,1638.0,0.032064359505458044,0.0,0.0,0.5933333333333334,Neutral
2628,1638.0,0.82121747985004,False,0.031090253361176316,1638.0,0.031090253361176316,0.0,0.0,0.5966666666666667,Neutral
2629,1638.0,0.7955998550819992,False,0.030528121733873426,1638.0,0.030528121733873426,0.0,0.0,0.6,Neutral
2630,1638.0,0.5022212893057038,True,0.029864663146503385,1638.0,0.029864663146503385,0.0,0.0,0.6,Neutral
2631,1638.0,0.5240888455944597,True,0.029279551232650133,1638.0,0.029279551232650133,0.0,0.0,0.6,Neutral
2632,1638.0,0.5016681285184093,True,0.02873748515473448,1638.0,0.02873748515473448,0.0,0.0,0.6,Neutral
2633,1660.0,0.5769286166445976,False,0.021476330591022306,1660.0,0.021476330591022306,0.0,0.0,0.6033333333333334,Neutral
2634,1660.0,0.5658297593347815,False,0.021392296430386967,1660.0,0.021392296430386967,0.0,0.0,0.6066666666666667,Neutral
2635,1660.0,0.5543655146757112,False,0.021291120272343568,1660.0,0.021291120272343568,0.0,0.0,0.6066666666666667,Neutral
2636,1660.0,0.5369927719449594,True,0.02122639837770419,1660.0,0.02122639837770419,0.0,0.0,0.6066666666666667,Neutral
2637,1660.0,0.5468532911321745,True,0.021125092830710228,1660.0,0.021125092830710228,0.0,0.0,0.6066666666666667,Neutral
2638,1660.0,0.5525137746980678,False,0.02098945224064243,1660.0,0.02098945224064243,0.0,0.0,0.6066666666666667,Neutral
2639,1638.0,0.6143017318744423,False,0.02692768913248249,1638.0,0.02692768913248249,0.0,0.0,0.6066666666666667,Neutral
2640,1638.0,0.6143669635299155,False,0.02679317309744899,1638.0,0.02679317309744899,0.0,0.0,0.6066666666666667,Neutral
2641,1638.0,0.615835185344474,False,0.02680915390009753,1638.0,0.02680915390009753,0.0,0.0,0.6066666666666667,Neutral
2642,1638.0,0.5540197177191959,False,0.026884057870698575,1638.0,0.026884057870698575,0.0,0.0,0.6066666666666667,Neutral
2643,1638.0,0.5875950008577576,False,0.026926355550384123,1638.0,0.026926355550384123,0.0,0.0,0.6066666666666667,Neutral
2644,1638.0,0.5756751761971509,False,0.02692428182794286,1638.0,0.02692428182794286,0.0,0.0,0.6066666666666667,Neutral
2645,1638.0,0.6574012545601855,False,0.027026954323192687,1638.0,0.027026954323192687,0.0,0.0,0.6066666666666667,Neutral
2646,1638.0,0.7003511400252924,False,0.027056720272897454,1638.0,0.027056720272897454,0.0,0.0,0.6066666666666667,Neutral
2647,1638.0,0.7027646927242498,False,0.02703096977369146,1638.0,0.02703096977369146,0.0,0.0,0.6066666666666667,Neutral
2648,1638.0,0.656703737876577,False,0.02702715733674319,1638.0,0.02702715733674319,0.0,0.0,0.6066666666666667,Neutral
2649,1638.0,0.6572241805868099,False,0.027023371017078475,1638.0,0.027023371017078475,0.0,0.0,0.6066666666666667,Neutral
2650,1638.0,0.6708163267684708,False,0.026805752057608673,1638.0,0.026805752057608673,0.0,0.0,0.6066666666666667,Neutral
2651,1638.0,0.6749756594190064,False,0.02661283114569829,1638.0,0.02661283114569829,0.0,0.0,0.6066666666666667,Neutral
2652,1638.0,0.7326770042844875,False,0.02659290719225574,1638.0,0.02659290719225574,0.0,0.0,0.6066666666666667,Neutral
2653,1638.0,0.7362309083925236,False,0.026612296032845945,1638.0,0.026612296032845945,0.0,0.0,0.6066666666666667,Neutral
2654,1638.0,0.7237603222079079,False,0.026626169845795817,1638.0,0.026626169845795817,0.0,0.0,0.6066666666666667,Neutral
2655,1638.0,0.7356456569706765,False,0.026636878463344386,1638.0,0.026636878463344386,0.0,0.0,0.6066666666666667,Neutral
2656,1638.0,0.7452585188418127,False,0.026900244712767845,1638.0,0.026900244712767845,0.0,0.0,0.61,Neutral
2657,1638.0,0.7819198496002565,False,0.026858113237461248,1638.0,0.026858113237461248,0.0,0.0,0.6133333333333333,Neutral
2658,1638.0,0.7578475367931347,False,0.02678041808661564,1638.0,0.02678041808661564,0.0,0.0,0.6166666666666667,Neutral
2659,1638.0,0.8298264114288424,False,0.02675566852173142,1638.0,0.02675566852173142,0.0,0.0,0.62,Neutral
2660,1638.0,0.7647885376610154,False,0.02675859114993958,1638.0,0.02675859114993958,0.0,0.0,0.6233333333333333,Neutral
2661,1638.0,0.7613897450462678,False,0.026733213359592584,1638.0,0.026733213359592584,0.0,0.0,0.6266666666666667,Neutral
2662,1638.0,0.7496194280403682,False,0.026652777263043142,1638.0,0.026652777263043142,0.0,0.0,0.63,Neutral
2663,1638.0,0.6810649720314007,False,0.026639593073715297,1638.0,0.026639593073715297,0.0,0.0,0.63,Neutral
2664,1638.0,0.5775648779380639,False,0.02671597134731257,1638.0,0.02671597134731257,0.0,0.0,0.63,Neutral
2665,1638.0,0.8709544249340503,False,0.026803012239234664,1638.0,0.026803012239234664,0.0,0.0,0.6333333333333333,Neutral
2666,1638.0,0.5586528538891735,False,0.0268950061891144,1638.0,0.0268950061891144,0.0,0.0,0.6366666666666667,Neutral
2667,1638.0,0.6330661530764874,False,0.026911798102550368,1638.0,0.026911798102550368,0.0,0.0,0.64,Neutral
2668,1638.0,0.8393090770647076,False,0.027015462827569687,1638.0,0.027015462827569687,0.0,0.0,0.6433333333333333,Neutral
2669,1638.0,0.7064413732032858,False,0.027221776141379793,1638.0,0.027221776141379793,0.0,0.0,0.6466666666666666,Neutral
2670,1638.0,0.6722647750220905,False,0.027279459254152753,1638.0,0.027279459254152753,0.0,0.0,0.65,Neutral
2671,1638.0,0.637833440754231,False,0.027275030141770917,1638.0,0.027275030141770917,0.0,0.0,0.6533333333333333,Neutral
2672,1638.0,0.7860355215949184,False,0.027254538845508446,1638.0,0.027254538845508446,0.0,0.0,0.6566666666666666,Neutral
2673,1638.0,0.780739956219021,False,0.027277793882546367,1638.0,0.027277793882546367,0.0,0.0,0.66,Neutral
2674,1638.0,0.7774948633106407,False,0.027708885546338134,1638.0,0.027708885546338134,0.0,0.0,0.66,Neutral
2675,1638.0,0.7770272085348018,False,0.027665895789107664,1638.0,0.027665895789107664,0.0,0.0,0.6633333333333333,Neutral
2676,1638.0,0.7783697189868695,False,0.027608946554974815,1638.0,0.027608946554974815,0.0,0.0,0.6666666666666666,Neutral
2677,1638.0,0.776757705536932,False,0.02755681915791152,1638.0,0.02755681915791152,0.0,0.0,0.67,Neutral
2678,1638.0,0.7850934344037176,False,0.027427698084581523,1638.0,0.027427698084581523,0.0,0.0,0.67,Neutral
2679,1638.0,0.7769134728040304,False,0.027412913621225242,1638.0,0.027412913621225242,0.0,0.0,0.6733333333333333,Neutral
2680,1638.0,0.7806911283858851,False,0.02729796847990941,1638.0,0.02729796847990941,0.0,0.0,0.6733333333333333,Neutral
2681,1638.0,0.7825173396419696,False,0.027308693843470098,1638.0,0.027308693843470098,0.0,0.0,0.6766666666666666,Neutral
2682,1638.0,0.854968750926228,False,0.027243004292879673,1638.0,0.027243004292879673,0.0,0.0,0.68,Neutral
2683,1638.0,0.7914155917695284,False,0.027230439794921683,1638.0,0.027230439794921683,0.0,0.0,0.6833333333333333,Neutral
2684,1638.0,0.8868154356079666,False,0.027242998010980648,1638.0,0.027242998010980648,0.0,0.0,0.6833333333333333,Neutral
2685,1638.0,0.843907978390993,False,0.027337941372918954,1638.0,0.027337941372918954,0.0,0.0,0.6833333333333333,Neutral
2686,1638.0,0.820003577770898,False,0.027302302826926483,1638.0,0.027302302826926483,0.0,0.0,0.6833333333333333,Neutral
2687,1638.0,0.7934802891422736,False,0.027169320483574746,1638.0,0.027169320483574746,0.0,0.0,0.6833333333333333,Neutral
2688,1638.0,0.6012394405465546,False,0.027012522637240487,1638.0,0.027012522637240487,0.0,0.0,0.6833333333333333,Neutral
2689,1638.0,0.6170414091934854,False,0.02695716316669225,1638.0,0.02695716316669225,0.0,0.0,0.6833333333333333,Neutral
2690,1638.0,0.6263074256057042,False,0.02680699646115508,1638.0,0.02680699646115508,0.0,0.0,0.6833333333333333,Neutral
2691,1638.0,0.611592110521203,False,0.02669907382113769,1638.0,0.02669907382113769,0.0,0.0,0.6833333333333333,Neutral
2692,1638.0,0.6046521452170486,False,0.02654689591009434,1638.0,0.02654689591009434,0.0,0.0,0.6833333333333333,Neutral
2693,1638.0,0.5979614512079832,False,0.026563088074083807,1638.0,0.026563088074083807,0.0,0.0,0.6833333333333333,Neutral
2694,1638.0,0.5952723675452563,False,0.026604733662111895,1638.0,0.026604733662111895,0.0,0.0,0.6833333333333333,Neutral
2695,1638.0,0.5820331404583478,False,0.026548731783841383,1638.0,0.026548731783841383,0.0,0.0,0.6833333333333333,Neutral
2696,1638.0,0.5817816676055272,False,0.026550945941416833,1638.0,0.026550945941416833,0.0,0.0,0.6866666666666666,Neutral
2697,1638.0,0.585111511629603,False,0.026540637495297916,1638.0,0.026540637495297916,0.0,0.0,0.6866666666666666,Neutral
2698,1638.0,0.7425812621156662,False,0.026552596228514403,1638.0,0.026552596228514403,0.0,0.0,0.6866666666666666,Neutral
2699,1638.0,0.7201156620736235,False,0.026545565798808003,1638.0,0.026545565798808003,0.0,0.0,0.6866666666666666,Neutral
2700,1638.0,0.6741047321944768,False,0.026527399720875547,1638.0,0.026527399720875547,0.0,0.0,0.6866666666666666,Neutral
2701,1638.0,0.6316685433989695,False,0.026503338282077526,1638.0,0.026503338282077526,0.0,0.0,0.69,Neutral
2702,1638.0,0.6125025821015677,False,0.02648707134070758,1638.0,0.02648707134070758,0.0,0.0,0.69,Neutral
2703,1638.0,0.6096615753339305,False,0.026530889702006077,1638.0,0.026530889702006077,0.0,0.0,0.69,Neutral
2704,1638.0,0.587918106471004,False,0.026644691733635237,1638.0,0.026644691733635237,0.0,0.0,0.6933333333333334,Neutral
2705,1638.0,0.47685736548889357,True,0.017744412570569745,1638.0,0.017744412570569745,0.0,0.0,0.6933333333333334,Neutral
2706,1674.0,0.44249101551106257,True,0.01,1674.0,0.01,0.0,0.0,0.6933333333333334,Neutral
2707,1674.0,0.7648262614563359,False,0.02669563682260658,1674.0,0.02669563682260658,0.0,0.0,0.69,Neutral
2708,1638.0,0.5779668844926941,False,0.026855238701869687,1638.0,0.026855238701869687,0.0,0.0,0.69,Neutral
2709,1638.0,0.6146129363410343,False,0.02701596596957197,1638.0,0.02701596596957197,0.0,0.0,0.69,Neutral
2710,1638.0,0.9311418744634206,False,0.027231067964540456,1638.0,0.027231067964540456,0.0,0.0,0.69,Neutral
2711,1638.0,0.6620067326236276,False,0.027322181648035175,1638.0,0.027322181648035175,0.0,0.0,0.69,Neutral
2712,1638.0,0.5049954795577961,True,0.02731539763084301,1638.0,0.02731539763084301,0.0,0.0,0.69,Neutral
2713,1638.0,0.6144096321774228,False,0.027300539748008102,1638.0,0.027300539748008102,0.0,0.0,0.69,Neutral
2714,1638.0,0.5051168205269418,True,0.01,1638.0,0.01,0.0,0.0,0.69,Neutral
2715,1638.0,0.5541807792646792,False,0.027323205576026917,1638.0,0.027323205576026917,0.0,0.0,0.69,Neutral
2716,1638.0,0.6227588651130773,False,0.02730056940080179,1638.0,0.02730056940080179,0.0,0.0,0.69,Neutral
2717,1638.0,0.6721304794029218,False,0.027342816097028023,1638.0,0.027342816097028023,0.0,0.0,0.69,Neutral
2718,1638.0,0.7231851037981986,False,0.027291997585275105,1638.0,0.027291997585275105,0.0,0.0,0.69,Neutral
2719,,,False,,,,,,,Neutral
2720,1727.0,0.3286227120716447,True,0.1595021872092271,1727.0,0.1595021872092271,0.0,0.0,0.69,Neutral
2721,1729.0,0.4037837606470138,True,0.020645395167320092,1729.0,0.020645395167320092,0.0,0.0,0.69,Neutral
2722,1727.0,0.3256674737954905,True,0.15143442539190763,1727.0,0.15143442539190763,0.0,0.0,0.69,Neutral
2723,1727.0,0.3236800871055799,True,0.14785715752758913,1727.0,0.14785715752758913,0.0,0.0,0.69,Positive
2724,1729.0,0.26706705226246236,True,0.02057356959671789,1729.0,0.02057356959671789,0.0,0.0,0.69,Positive
2725,1727.0,0.3192782211259753,True,0.14187360109714042,1727.0,0.14187360109714042,0.0,0.0,0.69,Positive
2726,1727.0,0.2822250008521565,True,0.14028913860433512,1727.0,0.14028913860433512,0.0,0.0,0.69,Positive
2727,1738.0,0.35680444187324056,True,0.019341175301252303,1738.0,0.019341175301252303,0.0,460.809105162249,0.69,Positive
2728,1727.0,0.2810713771185466,True,0.1367618052905992,1727.0,0.1367618052905992,0.0,0.0,0.69,Positive
2729,1727.0,0.27956611607009246,True,0.1353756089976304,1727.0,0.1353756089976304,0.0,475.3760806350641,0.69,Positive
2730,1748.0,0.34133839163516216,True,0.01,1748.0,0.01,0.0,683.9458615743821,0.69,Positive
2731,1738.0,0.2600579106221719,True,0.019301070482591675,1738.0,0.019301070482591675,0.0,1138.0483601867447,0.69,Positive
2732,1748.0,0.3718161047454608,True,0.01,1748.0,0.01,0.0,1118.0493778980788,0.69,Positive
2733,1738.0,0.29375246136952127,True,0.019258706940381894,1738.0,0.019258706940381894,0.0,0.0,0.69,Positive
2734,1748.0,0.38399633661003124,True,0.01,1748.0,0.01,0.0,0.0,0.69,Positive
2735,1748.0,0.49598448197505124,True,0.01,1748.0,0.01,0.0,430.5821401158639,0.69,Neutral
2736,1729.0,0.21726797867718012,True,0.019909612749872418,1729.0,0.019909612749872418,0.0,417.85425504435966,0.69,Neutral
2737,1738.0,0.25482981402238153,True,0.019197708576893673,1738.0,0.019197708576893673,0.0,404.16168238863025,0.69,Neutral
2738,1738.0,0.28146307613312915,True,0.0191879081742051,1738.0,0.0191879081742051,0.0,0.0,0.69,Neutral
2739,1738.0,0.26270861409504986,True,0.01918108780860776,1738.0,0.01918108780860776,0.0,0.0,0.69,Neutral
2740,1738.0,0.25805244480627576,True,0.0191703531744572,1738.0,0.0191703531744572,0.0,367.55994057110155,0.69,Neutral
2741,1748.0,0.354762602713365,True,0.01,1748.0,0.01,0.0,0.0,0.69,Neutral
2742,1738.0,0.2697981959681456,True,0.01912401877714136,1738.0,0.01912401877714136,0.0,0.0,0.69,Neutral
2743,1738.0,0.2917852808382083,True,0.019100325229573712,1738.0,0.019100325229573712,0.0,0.0,0.69,Neutral
2744,1748.0,0.4757343343903722,True,0.010152043433862024,1748.0,0.010152043433862024,0.0,0.0,0.69,Neutral
2745,1748.0,0.5055081100619,True,0.011816992758885553,1748.0,0.011816992758885553,0.0,0.0,0.69,Neutral
2746,1726.0,0.38327174731583386,True,0.021446730925824376,1726.0,0.021446730925824376,0.0,0.0,0.69,Neutral
2747,1748.0,0.2962021273727572,True,0.01,1748.0,0.01,0.0,0.0,0.69,Neutral
2748,1748.0,0.30340544259180197,True,0.015438408291558875,1748.0,0.015438408291558875,0.0,0.0,0.69,Neutral
2749,1748.0,0.3146849650944359,True,0.01688759054104071,1748.0,0.01688759054104071,0.0,0.0,0.69,Neutral
2750,1748.0,0.29141004270311655,True,0.018188108123468785,1748.0,0.018188108123468785,0.0,0.0,0.69,Neutral
2751,1748.0,0.314546025428338,True,0.019435433290614125,1748.0,0.019435433290614125,0.0,0.0,0.69,Neutral
2752,1748.0,0.28696095364942853,True,0.02064318752412902,1748.0,0.02064318752412902,0.0,0.0,0.69,Neutral
2753,1748.0,0.2717542879832974,True,0.021734944760898118,1748.0,0.021734944760898118,0.0,0.0,0.69,Neutral
2754,1748.0,0.33280287818954074,True,0.022665599976777934,1748.0,0.022665599976777934,0.0,0.0,0.69,Neutral
2755,1748.0,0.27956180200212194,True,0.023439303679015085,1796.0,0.028051272252640164,0.7335024189044912,0.0,0.69,Neutral
2756,1748.0,0.27742004142309373,True,0.02410807060336045,1748.0,0.02410807060336045,0.0,0.0,0.69,Neutral
2757,1748.0,0.3659448078401263,True,0.024670833127367342,1748.0,0.024670833127367342,0.0,0.0,0.69,Neutral
2758,1748.0,0.3359713721722075,True,0.02518541045526924,1748.0,0.02518541045526924,0.0,0.0,0.69,Neutral
2759,1748.0,0.3341788086536748,True,0.025674903951798198,1748.0,0.025674903951798198,0.0,0.0,0.69,Neutral
2760,1748.0,0.38334113395778174,True,0.02611721284565973,1748.0,0.02611721284565973,0.0,0.0,0.69,Neutral
2761,1748.0,0.43080097159055974,True,0.026587797218233723,1748.0,0.026587797218233723,0.0,0.0,0.69,Neutral
2762,1748.0,0.4337690657378247,True,0.02701134289480938,1748.0,0.02701134289480938,0.0,0.0,0.69,Neutral
2763,1748.0,0.3941328700668943,True,0.027276899105735396,1748.0,0.027276899105735396,0.0,0.0,0.69,Neutral
2764,1748.0,0.32399994265157617,True,0.02745660082849976,1748.0,0.02745660082849976,0.0,0.0,0.69,Neutral
2765,1748.0,0.3368937038176459,True,0.0275965188696333,1748.0,0.0275965188696333,0.0,0.0,0.69,Neutral
2766,1807.0,0.2872125945379305,True,0.03365280010875588,1807.0,0.03365280010875588,0.0,0.0,0.69,Neutral
2767,1807.0,0.2929511466567462,True,0.03323416542560867,1807.0,0.03323416542560867,0.0,0.0,0.69,Neutral
2768,1748.0,0.30240919756726325,True,0.02801523979455441,1748.0,0.02801523979455441,0.0,0.0,0.69,Neutral
2769,1748.0,0.3019972173968618,True,0.0279988986063636,1748.0,0.0279988986063636,0.0,0.0,0.69,Neutral
2770,1748.0,0.2796498725126764,True,0.02798647232035876,1748.0,0.02798647232035876,0.0,0.0,0.69,Neutral
2771,1748.0,0.2928030717108108,True,0.027923488543343075,1748.0,0.027923488543343075,0.0,0.0,0.69,Neutral
2772,1748.0,0.31353951729745483,True,0.027871048525393214,1748.0,0.027871048525393214,0.0,0.0,0.69,Neutral
2773,1748.0,0.29672229275945927,True,0.02786541728882109,1748.0,0.02786541728882109,0.0,0.0,0.69,Neutral
2774,1807.0,0.3142921794216934,True,0.032863459931232734,1807.0,0.032863459931232734,0.0,0.0,0.69,Neutral
2775,1748.0,0.30994012635854584,True,0.02797786555068975,1748.0,0.02797786555068975,0.0,0.0,0.69,Neutral
2776,1748.0,0.338727050594137,True,0.02800623954318504,1748.0,0.02800623954318504,0.0,381.4786589053088,0.69,Neutral
2777,1807.0,0.33607836132380803,True,0.03482000534543602,1807.0,0.03482000534543602,0.0,0.0,0.69,Neutral
2778,1807.0,0.33838515739540465,True,0.035430389631706964,1807.0,0.035430389631706964,0.0,0.0,0.69,Neutral
2779,1807.0,0.34015422255024563,True,0.03611014098210531,1807.0,0.03611014098210531,0.0,0.0,0.69,Neutral
2780,1748.0,0.34786390929713606,True,0.027759758945412875,1748.0,0.027759758945412875,0.0,0.0,0.69,Neutral
2781,1748.0,0.3402077891437005,True,0.027697617314533192,1748.0,0.027697617314533192,0.0,0.0,0.69,Neutral
2782,1748.0,0.3309435338932845,True,0.027612027335481043,1748.0,0.027612027335481043,0.0,0.0,0.69,Neutral
2783,1748.0,0.36323866813050654,True,0.027410065784522767,1748.0,0.027410065784522767,0.0,0.0,0.69,Neutral
2784,1748.0,0.24758830191752484,True,0.027219431162416475,1748.0,0.027219431162416475,0.0,0.0,0.69,Neutral
2785,1748.0,0.27769665784136843,True,0.027075801371933887,1748.0,0.027075801371933887,0.0,463.68195876117227,0.69,Neutral
2786,1748.0,0.29652299259612247,True,0.02696519250250482,1748.0,0.02696519250250482,0.0,473.93138643903376,0.69,Neutral
2787,1748.0,0.29260823837952027,True,0.026879174071270894,1748.0,0.026879174071270894,0.0,481.5888745645223,0.69,Neutral
2788,1748.0,0.2808686440094505,True,0.026810369270618317,1748.0,0.026810369270618317,0.0,486.0133381110339,0.69,Neutral
2789,1748.0,0.28056713024092744,True,0.0267532944930462,1748.0,0.0267532944930462,0.0,488.1824164559972,0.69,Neutral
2790,1852.0,0.30352998775111395,True,0.019090137444137883,1852.0,0.019090137444137883,0.0,0.0,0.69,Neutral
2791,1748.0,0.27260811140595975,True,0.02665360579118536,1748.0,0.02665360579118536,0.0,492.2477833651079,0.69,Neutral
2792,1748.0,0.26849113752167053,True,0.026609035398686184,1748.0,0.026609035398686184,0.0,499.0757371355572,0.69,Neutral
2793,1748.0,0.2670500892102149,True,0.026566209150970174,1748.0,0.026566209150970174,0.0,505.91412622794417,0.69,Neutral
2794,1748.0,0.27648753910723184,True,0.02652416772554142,1807.0,0.026627078279485898,0.33649412192736705,511.1550451114815,0.69,Neutral
2795,1748.0,0.30657659649078084,True,0.02648597938489149,1807.0,0.026731436861279913,0.3349768040699095,0.0,0.69,Neutral
2796,1748.0,0.3288357059929759,True,0.026444701706379508,1807.0,0.02677898553533681,0.3338538702183331,0.0,0.69,Neutral
2797,1748.0,0.32649803640781605,True,0.026405442793575346,1748.0,0.026405442793575346,0.0,0.0,0.69,Neutral
2798,1748.0,0.29975082485665105,True,0.0263839736685404,1748.0,0.0263839736685404,0.0,0.0,0.69,Neutral
2799,1748.0,0.42633695694599577,True,0.026350466045800262,1748.0,0.026350466045800262,0.0,0.0,0.69,Neutral
2800,1748.0,0.3087879886584506,True,0.026304009370269745,1807.0,0.026478345397029958,0.339485924059012,0.0,0.69,Neutral
2801,1748.0,0.2978909750681612,True,0.026264275511614504,1807.0,0.02663309697848073,0.33511795234824193,870.9812327089487,0.69,Neutral
2802,1748.0,0.3725369236093495,True,0.026224423121528957,1807.0,0.026686762762889917,0.33262109837697595,874.44790581031,0.69,Neutral
2803,1748.0,0.37759074997258507,True,0.026183809193679186,1807.0,0.026666567893767208,0.3314063384433956,876.9818159277097,0.69,Neutral
2804,1748.0,0.3048465482194807,True,0.02613647502589989,1807.0,0.0265955993738763,0.33338293025571075,0.0,0.69,Neutral
2805,1748.0,0.35420475760425507,True,0.026083398316163846,1748.0,0.026083398316163846,0.0,0.0,0.69,Neutral
2806,1748.0,0.3385494320665448,True,0.026035732715080803,1748.0,0.026035732715080803,0.0,0.0,0.69,Neutral
2807,1748.0,0.38257437901718677,True,0.025987257710287665,1748.0,0.025987257710287665,0.0,0.0,0.69,Neutral
2808,1892.0,0.250790889847315,True,0.030592436675150325,1892.0,0.030592436675150325,0.0,0.0,0.69,Neutral
2809,1734.0,0.3345567503258426,True,0.022868493214872124,1734.0,0.022868493214872124,0.0,0.0,0.69,Neutral
2810,1748.0,0.2585564678130567,True,0.025886419387091044,1748.0,0.025886419387091044,0.0,0.0,0.69,Neutral
2811,1748.0,0.289986566061589,True,0.025855396586523118,1748.0,0.025855396586523118,0.0,0.0,0.69,Neutral
2812,1748.0,0.23788931534779906,True,0.025818121234318092,1748.0,0.025818121234318092,0.0,0.0,0.69,Neutral
2813,1860.0,0.34289754696765984,True,0.022068185278673887,1860.0,0.022068185278673887,0.0,0.0,0.69,Neutral
2814,1860.0,0.34630714563581166,True,0.022171749479058738,1860.0,0.022171749479058738,0.0,0.0,0.69,Neutral
2815,1748.0,0.26118104797631453,True,0.025814781142532984,1748.0,0.025814781142532984,0.0,0.0,0.69,Neutral
2816,1748.0,0.25878279802256177,True,0.02589602996623246,1748.0,0.02589602996623246,0.0,0.0,0.69,Neutral
2817,1748.0,0.2617835242814687,True,0.025807859303668294,1748.0,0.025807859303668294,0.0,0.0,0.69,Neutral
2818,1748.0,0.2793250540357066,True,0.02574569015598303,1748.0,0.02574569015598303,0.0,0.0,0.69,Neutral
2819,1748.0,0.2784273024361138,True,0.025705573978746784,1748.0,0.025705573978746784,0.0,0.0,0.69,Neutral
2820,1748.0,0.2804636214011504,True,0.02569093234545375,1748.0,0.02569093234545375,0.0,0.0,0.69,Neutral
2821,1748.0,0.2850696142622313,True,0.02568990941805518,1748.0,0.02568990941805518,0.0,0.0,0.69,Neutral
2822,1748.0,0.29418449432439847,True,0.025693365442869664,1748.0,0.025693365442869664,0.0,0.0,0.69,Neutral
2823,1748.0,0.28812197339413703,True,0.02570072411857985,1748.0,0.02570072411857985,0.0,0.0,0.69,Neutral
2824,1748.0,0.314713363424273,True,0.025710101199094327,1748.0,0.025710101199094327,0.0,0.0,0.69,Neutral
2825,1748.0,0.3706687663462078,True,0.02572014485626314,1748.0,0.02572014485626314,0.0,0.0,0.69,Neutral
2826,1748.0,0.3761017268262519,True,0.025730143164053133,1748.0,0.025730143164053133,0.0,0.0,0.69,Neutral
2827,1748.0,0.3451643348330448,True,0.025750593424647167,1748.0,0.025750593424647167,0.0,0.0,0.69,Neutral
2828,1748.0,0.3456642758108352,True,0.025774866747239555,1748.0,0.025774866747239555,0.0,0.0,0.69,Neutral
2829,1748.0,0.3572105119921608,True,0.025807106718640317,1748.0,0.025807106718640317,0.0,0.0,0.69,Neutral
2830,1748.0,0.3555826535990062,True,0.025839196468907224,1748.0,0.025839196468907224,0.0,0.0,0.69,Neutral
2831,1748.0,0.35505010236820755,True,0.025875823918537964,1748.0,0.025875823918537964,0.0,0.0,0.69,Neutral
2832,1748.0,0.3671426441987914,True,0.025935040868194235,1748.0,0.025935040868194235,0.0,0.0,0.69,Neutral
2833,1748.0,0.3920998139433553,True,0.02600307924084215,1748.0,0.02600307924084215,0.0,0.0,0.69,Neutral
2834,1748.0,0.30029528188326243,True,0.026089703175731907,1748.0,0.026089703175731907,0.0,0.0,0.69,Neutral
2835,1748.0,0.322435627029511,True,0.0261710117961975,1748.0,0.0261710117961975,0.0,0.0,0.69,Neutral
2836,1748.0,0.31066528686685313,True,0.026241756776645603,1748.0,0.026241756776645603,0.0,0.0,0.69,Neutral
2837,1748.0,0.32597498527479557,True,0.026313216549960702,1748.0,0.026313216549960702,0.0,0.0,0.69,Neutral
2838,1748.0,0.2755917886912848,True,0.026427740748123266,1748.0,0.026427740748123266,0.0,0.0,0.69,Neutral
2839,1748.0,0.35199292237659546,True,0.026480526920573143,1748.0,0.026480526920573143,0.0,0.0,0.69,Neutral
2840,1748.0,0.3564888355757153,True,0.026530266683039583,1748.0,0.026530266683039583,0.0,0.0,0.69,Neutral
2841,1748.0,0.31464448902875514,True,0.026582593675622167,1748.0,0.026582593675622167,0.0,0.0,0.69,Neutral
2842,1748.0,0.32994276610039625,True,0.026628065770345228,1748.0,0.026628065770345228,0.0,0.0,0.69,Neutral
2843,1748.0,0.3372805172479326,True,0.026670203351711736,1748.0,0.026670203351711736,0.0,0.0,0.69,Neutral
2844,1748.0,0.3468762224958601,True,0.026697839086785084,1748.0,0.026697839086785084,0.0,0.0,0.69,Neutral
2845,1748.0,0.35465067407227424,True,0.02674173276524794,1748.0,0.02674173276524794,0.0,0.0,0.69,Neutral
2846,1748.0,0.35467755030391684,True,0.02681965041029386,1748.0,0.02681965041029386,0.0,0.0,0.69,Neutral
2847,1748.0,0.3537344412296486,True,0.026969679887011166,1748.0,0.026969679887011166,0.0,0.0,0.69,Neutral
2848,,,False,,,,,,,Neutral
2849,1951.0,1.0,False,0.02673579005997177,1951.0,0.02673579005997177,0.0,0.0,0.69,Neutral
2850,1951.0,1.0,False,0.026742934033616404,1951.0,0.026742934033616404,0.0,0.0,0.69,Neutral
2851,1951.0,1.0,False,0.026689996294369783,1951.0,0.026689996294369783,0.0,0.0,0.69,Neutral
2852,1951.0,1.0,False,0.0267024085006414,1951.0,0.0267024085006414,0.0,0.0,0.69,Neutral
2853,1951.0,1.0,False,0.02667906003220333,1951.0,0.02667906003220333,0.0,0.0,0.69,Neutral
2854,1951.0,1.0,False,0.02666164624397162,1951.0,0.02666164624397162,0.0,0.0,0.69,Neutral
2855,1951.0,1.0,False,0.02671519339149279,1951.0,0.02671519339149279,0.0,0.0,0.69,Neutral
2856,1951.0,1.0,False,0.026779009947706645,1951.0,0.026779009947706645,0.0,0.0,0.69,Neutral
2857,1951.0,1.0,False,0.026796490454996935,1951.0,0.026796490454996935,0.0,0.0,0.69,Neutral
2858,1951.0,1.0,False,0.026792331899383855,1951.0,0.026792331899383855,0.0,0.0,0.69,Neutral
2859,1951.0,1.0,False,0.02678848102389902,1951.0,0.02678848102389902,0.0,0.0,0.69,Neutral
2860,1951.0,1.0,False,0.026786164433614135,1951.0,0.026786164433614135,0.0,0.0,0.69,Neutral
2861,1951.0,1.0,False,0.026735814760602144,1951.0,0.026735814760602144,0.0,0.0,0.69,Neutral
2862,1951.0,1.0,False,0.0267846334446162,1951.0,0.0267846334446162,0.0,0.0,0.69,Neutral
2863,1951.0,1.0,False,0.026900061030860366,1951.0,0.026900061030860366,0.0,0.0,0.69,Neutral
2864,1951.0,1.0,False,0.026851368608508598,1951.0,0.026851368608508598,0.0,0.0,0.69,Neutral
2865,1951.0,1.0,False,0.02685472544839131,1951.0,0.02685472544839131,0.0,0.0,0.69,Neutral
2866,1951.0,1.0,False,0.02686862493378048,1951.0,0.02686862493378048,0.0,0.0,0.69,Neutral
2867,1951.0,1.0,False,0.02688012097672283,1951.0,0.02688012097672283,0.0,0.0,0.69,Neutral
2868,1951.0,1.0,False,0.02689558445471131,1951.0,0.02689558445471131,0.0,0.0,0.69,Neutral
2869,1951.0,1.0,False,0.026888251061906274,1951.0,0.026888251061906274,0.0,0.0,0.6933333333333334,Neutral
2870,1951.0,1.0,False,0.026851262063845638,1951.0,0.026851262063845638,0.0,0.0,0.6966666666666667,Neutral
2871,1951.0,1.0,False,0.026874780180431292,1951.0,0.026874780180431292,0.0,0.0,0.6966666666666667,Neutral
2872,1951.0,1.0,False,0.026861928862861706,1951.0,0.026861928862861706,0.0,0.0,0.7,Neutral
2873,1951.0,1.0,False,0.026797571097384586,1951.0,0.026797571097384586,0.0,0.0,0.7033333333333334,Neutral
2874,1951.0,1.0,False,0.02675605376719062,1951.0,0.02675605376719062,0.0,0.0,0.7033333333333334,Neutral
2875,1951.0,1.0,False,0.026720542848325105,1951.0,0.026720542848325105,0.0,0.0,0.7033333333333334,Neutral
2876,1951.0,1.0,False,0.026653259215841336,1951.0,0.026653259215841336,0.0,0.0,0.7033333333333334,Neutral
2877,1951.0,1.0,False,0.026600580566594544,1951.0,0.026600580566594544,0.0,0.0,0.7033333333333334,Neutral
2878,1951.0,1.0,False,0.026623600046669745,1951.0,0.026623600046669745,0.0,0.0,0.7033333333333334,Neutral
2879,1951.0,1.0,False,0.026655006577530244,1951.0,0.026655006577530244,0.0,0.0,0.7033333333333334,Neutral
2880,1951.0,1.0,False,0.026642727585033294,1951.0,0.026642727585033294,0.0,0.0,0.7033333333333334,Neutral
2881,1951.0,1.0,False,0.026732208728723006,1951.0,0.026732208728723006,0.0,0.0,0.7033333333333334,Neutral
2882,1951.0,1.0,False,0.026759347016196023,1951.0,0.026759347016196023,0.0,0.0,0.7033333333333334,Neutral
2883,1951.0,1.0,False,0.026732330062464404,1951.0,0.026732330062464404,0.0,0.0,0.7066666666666667,Neutral
2884,1951.0,1.0,False,0.026698165500283165,1951.0,0.026698165500283165,0.0,0.0,0.71,Neutral
2885,1951.0,1.0,False,0.02671398678298571,1951.0,0.02671398678298571,0.0,0.0,0.7133333333333334,Neutral
2886,1951.0,1.0,False,0.02675240127778423,1951.0,0.02675240127778423,0.0,0.0,0.7166666666666667,Neutral
2887,1951.0,1.0,False,0.02676743616993412,1951.0,0.02676743616993412,0.0,0.0,0.72,Neutral
2888,1951.0,1.0,False,0.02680852684249042,1951.0,0.02680852684249042,0.0,0.0,0.7233333333333334,Neutral
2889,1951.0,1.0,False,0.026864862484585347,1951.0,0.026864862484585347,0.0,0.0,0.7266666666666667,Neutral
2890,1951.0,1.0,False,0.026886750740443794,1951.0,0.026886750740443794,0.0,0.0,0.73,Neutral
2891,1951.0,1.0,False,0.026923187256295614,1951.0,0.026923187256295614,0.0,0.0,0.7333333333333333,Neutral
2892,1951.0,1.0,False,0.026922290923562357,1951.0,0.026922290923562357,0.0,0.0,0.7366666666666667,Neutral
2893,1951.0,1.0,False,0.02690039156862139,1951.0,0.02690039156862139,0.0,0.0,0.74,Neutral
2894,1951.0,1.0,False,0.026885231429121165,1951.0,0.026885231429121165,0.0,0.0,0.7433333333333333,Neutral
2895,1951.0,1.0,False,0.02686447020383918,1951.0,0.02686447020383918,0.0,0.0,0.7466666666666667,Neutral
2896,1951.0,1.0,False,0.026810482473268837,1951.0,0.026810482473268837,0.0,0.0,0.75,Neutral
2897,1951.0,1.0,False,0.0267801074792361,1951.0,0.0267801074792361,0.0,0.0,0.7533333333333333,Neutral
2898,1951.0,1.0,False,0.026764003228820776,1951.0,0.026764003228820776,0.0,0.0,0.7566666666666667,Neutral
2899,1951.0,1.0,False,0.02676017131535834,1951.0,0.02676017131535834,0.0,0.0,0.76,Neutral
2900,1951.0,1.0,False,0.026813561557572068,1951.0,0.026813561557572068,0.0,0.0,0.7633333333333333,Neutral
2901,1951.0,1.0,False,0.026857712243302065,1951.0,0.026857712243302065,0.0,0.0,0.7666666666666667,Neutral
2902,1951.0,1.0,False,0.026850063545449034,1951.0,0.026850063545449034,0.0,0.0,0.77,Neutral
2903,1951.0,1.0,False,0.02685173817268846,1951.0,0.02685173817268846,0.0,0.0,0.7733333333333333,Neutral
2904,1951.0,1.0,False,0.026842873507061098,1951.0,0.026842873507061098,0.0,0.0,0.7766666666666666,Neutral
2905,1951.0,1.0,False,0.02684296601588593,1951.0,0.02684296601588593,0.0,0.0,0.78,Neutral
2906,1951.0,1.0,False,0.026828535503904297,1951.0,0.026828535503904297,0.0,0.0,0.7833333333333333,Neutral
2907,1951.0,1.0,False,0.026822129765837182,1951.0,0.026822129765837182,0.0,0.0,0.7866666666666666,Neutral
2908,1951.0,1.0,False,0.026810046074453153,1951.0,0.026810046074453153,0.0,0.0,0.79,Neutral
2909,1951.0,1.0,False,0.026805740132812655,1951.0,0.026805740132812655,0.0,0.0,0.7933333333333333,Neutral
2910,1951.0,1.0,False,0.026797328630052446,1951.0,0.026797328630052446,0.0,0.0,0.7966666666666666,Neutral
2911,1951.0,1.0,False,0.026798836217797717,1951.0,0.026798836217797717,0.0,0.0,0.8,Neutral
2912,1951.0,1.0,False,0.026894077873037523,1951.0,0.026894077873037523,0.0,0.0,0.8033333333333333,Neutral
2913,1951.0,1.0,False,0.026966042559789793,1951.0,0.026966042559789793,0.0,0.0,0.8066666666666666,Neutral
2914,1951.0,1.0,False,0.026920385081797185,1951.0,0.026920385081797185,0.0,0.0,0.81,Neutral
2915,1951.0,1.0,False,0.026892671375276955,1951.0,0.026892671375276955,0.0,0.0,0.8133333333333334,Neutral
2916,1951.0,1.0,False,0.026858794438784604,1951.0,0.026858794438784604,0.0,0.0,0.8166666666666667,Neutral
2917,1951.0,1.0,False,0.026845962996144616,1951.0,0.026845962996144616,0.0,0.0,0.82,Neutral
2918,1951.0,1.0,False,0.026856118162096827,1951.0,0.026856118162096827,0.0,0.0,0.8233333333333334,Neutral
2919,1951.0,1.0,False,0.02687337368848428,1951.0,0.02687337368848428,0.0,0.0,0.8266666666666667,Neutral
2920,1951.0,1.0,False,0.026892891404572825,1951.0,0.026892891404572825,0.0,0.0,0.83,Neutral
2921,1951.0,1.0,False,0.02691129533624008,1951.0,0.02691129533624008,0.0,0.0,0.8333333333333334,Neutral
2922,1951.0,1.0,False,0.026896101164243253,1951.0,0.026896101164243253,0.0,0.0,0.8366666666666667,Neutral
2923,1951.0,1.0,False,0.026886364236408646,1951.0,0.026886364236408646,0.0,0.0,0.84,Neutral
2924,1951.0,1.0,False,0.02687941084809051,1951.0,0.02687941084809051,0.0,0.0,0.8433333333333334,Neutral
2925,1951.0,1.0,False,0.026866938478809943,1951.0,0.026866938478809943,0.0,0.0,0.8466666666666667,Neutral
2926,1951.0,1.0,False,0.026893400299412576,1951.0,0.026893400299412576,0.0,0.0,0.85,Neutral
2927,1951.0,1.0,False,0.026906818189753233,1951.0,0.026906818189753233,0.0,0.0,0.8533333333333334,Neutral
2928,1951.0,1.0,False,0.02686709413801151,1951.0,0.02686709413801151,0.0,0.0,0.8566666666666667,Neutral
2929,1951.0,1.0,False,0.02695829566070936,1951.0,0.02695829566070936,0.0,0.0,0.86,Neutral
2930,1951.0,1.0,False,0.02720061200114524,1951.0,0.02720061200114524,0.0,0.0,0.8633333333333333,Neutral
2931,1951.0,1.0,False,0.02730726382449693,1951.0,0.02730726382449693,0.0,0.0,0.8666666666666667,Neutral
2932,1951.0,1.0,False,0.027151065527925382,1951.0,0.027151065527925382,0.0,0.0,0.87,Neutral
2933,1951.0,1.0,False,0.027057917475108346,1951.0,0.027057917475108346,0.0,0.0,0.8733333333333333,Neutral
2934,1951.0,1.0,False,0.027004885268140967,1951.0,0.027004885268140967,0.0,0.0,0.8766666666666667,Neutral
2935,1951.0,1.0,False,0.02697726410475059,1951.0,0.02697726410475059,0.0,0.0,0.88,Neutral
2936,1951.0,1.0,False,0.026984695605601138,1951.0,0.026984695605601138,0.0,0.0,0.8833333333333333,Neutral
2937,1951.0,1.0,False,0.02698009798396432,1951.0,0.02698009798396432,0.0,0.0,0.8866666666666667,Neutral
2938,1951.0,1.0,False,0.02696775548713629,1951.0,0.02696775548713629,0.0,0.0,0.89,Neutral
2939,1951.0,1.0,False,0.026959715334966623,1951.0,0.026959715334966623,0.0,0.0,0.8933333333333333,Neutral
2940,1951.0,1.0,False,0.02696160657402475,1951.0,0.02696160657402475,0.0,0.0,0.8966666666666666,Neutral
2941,1951.0,1.0,False,0.02695267585048704,1951.0,0.02695267585048704,0.0,0.0,0.9,Neutral
2942,1951.0,1.0,False,0.026945678462198152,1951.0,0.026945678462198152,0.0,0.0,0.9033333333333333,Neutral
2943,1951.0,1.0,False,0.02696712983265329,1951.0,0.02696712983265329,0.0,0.0,0.9066666666666666,Neutral
2944,1951.0,1.0,False,0.027016900873661657,1951.0,0.027016900873661657,0.0,0.0,0.91,Neutral
2945,1951.0,1.0,False,0.027038925872266324,1951.0,0.027038925872266324,0.0,0.0,0.9133333333333333,Neutral
2946,1951.0,1.0,False,0.027048685710492338,1951.0,0.027048685710492338,0.0,0.0,0.9166666666666666,Neutral
2947,1951.0,1.0,False,0.027069345695967358,1951.0,0.027069345695967358,0.0,0.0,0.92,Neutral
2948,1951.0,1.0,False,0.027060079653991757,1951.0,0.027060079653991757,0.0,0.0,0.9233333333333333,Neutral
2949,1951.0,1.0,False,0.02706629469322568,1951.0,0.02706629469322568,0.0,0.0,0.9266666666666666,Neutral
2950,1951.0,1.0,False,0.027072703162569618,1951.0,0.027072703162569618,0.0,0.0,0.93,Neutral
2951,1951.0,1.0,False,0.02707569153143211,1951.0,0.02707569153143211,0.0,0.0,0.9333333333333333,Neutral
2952,1951.0,1.0,False,0.027084343229125365,1951.0,0.027084343229125365,0.0,0.0,0.9366666666666666,Neutral
2953,,,False,,,,,,,Neutral
2954,1955.0,0.6098148749623464,False,0.01984738848482604,1955.0,0.01984738848482604,0.0,742.9503974361396,0.94,Neutral
2955,1955.0,0.6137001244612058,False,0.01972292657895355,1955.0,0.01972292657895355,0.0,754.5021700027569,0.9433333333333334,Neutral
2956,1954.0,0.4505573830450731,True,0.022064753884560133,1954.0,0.022064753884560133,0.0,787.842101860545,0.9433333333333334,Neutral
2957,1954.0,0.4812850917615381,True,0.022112534551294017,1954.0,0.022112534551294017,0.0,1401.074366423827,0.9433333333333334,Neutral
2958,1955.0,0.714151457310443,False,0.01907919956981706,1955.0,0.01907919956981706,0.0,1453.1022878926558,0.9466666666666667,Neutral
2959,1954.0,0.4837162867263503,True,0.02213883778765052,1954.0,0.02213883778765052,0.0,1460.9724697707438,0.9466666666666667,Neutral
2960,1954.0,0.4803227043227477,True,0.02226884901569627,1954.0,0.02226884901569627,0.0,1427.6204553241548,0.9466666666666667,Neutral
2961,1954.0,0.48003014797896365,True,0.02229796581101755,1954.0,0.02229796581101755,0.0,1971.3133097257523,0.9466666666666667,Neutral
2962,1954.0,0.46141816909800226,True,0.022200087999867762,1954.0,0.022200087999867762,0.0,1994.8950165729148,0.9466666666666667,Neutral
2963,1954.0,0.4787549332469993,True,0.02204833897060975,1954.0,0.02204833897060975,0.0,814.4744130155401,0.9466666666666667,Neutral
2964,1954.0,0.4710549913507772,True,0.02190042027399104,1954.0,0.02190042027399104,0.0,349.2492549428036,0.9466666666666667,Neutral
2965,1951.0,0.7196487492021879,False,0.024580207074222354,1951.0,0.024580207074222354,0.0,351.9679878598115,0.95,Neutral
2966,1951.0,0.44678403815015294,True,0.02451926712638877,1951.0,0.02451926712638877,0.0,354.1389432994493,0.95,Neutral
2967,1954.0,0.42949943357052944,True,0.021679847555875927,1954.0,0.021679847555875927,0.0,1677.3677647684112,0.95,Neutral
2968,1954.0,0.4329298505230123,True,0.021672876649189068,1954.0,0.021672876649189068,0.0,2152.53899778748,0.95,Neutral
2969,1954.0,0.45608241854819126,True,0.021678269332293915,1954.0,0.021678269332293915,0.0,4169.826790784509,0.95,Neutral
2970,1954.0,0.42771489243831556,True,0.021731909344683747,1954.0,0.021731909344683747,0.0,1987.5699383778642,0.95,Neutral
2971,1954.0,0.5588088815983423,False,0.021789785706632384,1954.0,0.021789785706632384,0.0,272.89396536320766,0.9533333333333334,Neutral
2972,1980.0,0.642152302152215,False,0.027698488546747457,1980.0,0.027698488546747457,0.0,958.8123711492931,0.9566666666666667,Neutral
2973,1954.0,0.2718171179294586,True,0.02205009219085638,1954.0,0.02205009219085638,0.0,707.4822826726056,0.9566666666666667,Neutral
2974,1980.0,0.8924943898090192,False,0.025245632196637113,1980.0,0.025245632196637113,0.0,329.5760512538615,0.96,Neutral
2975,1980.0,0.6740197629558884,False,0.024603156812602285,1980.0,0.024603156812602285,0.0,621.8989438972739,0.9633333333333334,Neutral
2976,1980.0,0.9315012917882853,False,0.024073118949989404,1980.0,0.024073118949989404,0.0,509.60394151006255,0.9666666666666667,Neutral
2977,1954.0,0.4211511307461698,True,0.0225762540031071,1954.0,0.0225762540031071,0.0,492.7640479586892,0.9666666666666667,Neutral
2978,1952.0,0.4903135539568995,True,0.018493315957910813,1952.0,0.018493315957910813,0.0,459.2578401398316,0.9666666666666667,Neutral
2979,1952.0,0.6770511124297801,False,0.018551632874123862,1952.0,0.018551632874123862,0.0,371.8375193974118,0.97,Neutral
2980,1980.0,0.7864229850632865,False,0.02251777362607138,1980.0,0.02251777362607138,0.0,731.0384879457005,0.9733333333333334,Neutral
2981,1980.0,0.7908381590781027,False,0.022213653922440357,1980.0,0.022213653922440357,0.0,891.6374341034698,0.9733333333333334,Neutral
2982,1954.0,0.6203018463119049,False,0.02376800488849573,1954.0,0.02376800488849573,0.0,2116.370291082253,0.9733333333333334,Neutral
2983,1980.0,0.7461587944446805,False,0.02194273175046009,1980.0,0.02194273175046009,0.0,702.7638389204358,0.9733333333333334,Neutral
2984,1951.0,0.5020178400007936,True,0.025284085096266163,1951.0,0.025284085096266163,0.0,852.4935597449636,0.9733333333333334,Neutral
2985,1980.0,0.7427041629542939,False,0.021910862999153315,1980.0,0.021910862999153315,0.0,482.8361267140052,0.9733333333333334,Neutral
2986,1980.0,0.7174567746725984,False,0.02192623664965267,1980.0,0.02192623664965267,0.0,464.058455788952,0.9733333333333334,Neutral
2987,1980.0,0.715422611860841,False,0.021986062624145486,1980.0,0.021986062624145486,0.0,452.2972517766028,0.9733333333333334,Neutral
2988,1980.0,0.7052132047875936,False,0.022047207670188043,1980.0,0.022047207670188043,0.0,2277.953068732853,0.9733333333333334,Neutral
2989,1980.0,0.6914272567571951,False,0.022165415544923097,1980.0,0.022165415544923097,0.0,1925.4366855058208,0.9733333333333334,Neutral
2990,1980.0,0.6634509619637731,False,0.0222395785219493,1980.0,0.0222395785219493,0.0,1039.4222414259943,0.9733333333333334,Neutral
2991,1980.0,0.6805080278843648,False,0.02229862544431896,1980.0,0.02229862544431896,0.0,1313.907494457826,0.9733333333333334,Neutral
2992,1980.0,0.6654259144007982,False,0.022266038610515616,1980.0,0.022266038610515616,0.0,1560.519366259094,0.9733333333333334,Neutral
2993,1980.0,0.6622035394099638,False,0.02221493441463325,1980.0,0.02221493441463325,0.0,1814.1071262220078,0.9733333333333334,Neutral
2994,1980.0,0.644482459315215,False,0.022231755056277284,1980.0,0.022231755056277284,0.0,1365.2386390331724,0.9733333333333334,Neutral
2995,1980.0,0.5867409782602885,False,0.022343984246581308,2013.0,0.09685018548628044,0.7203913297956063,4241.721023698164,0.9733333333333334,Neutral
2996,1980.0,0.5783073110296078,False,0.02248996860678039,2013.0,0.09112168688110507,0.5974378044978434,4487.977237750863,0.9733333333333334,Neutral
2997,1980.0,0.5679791883275481,False,0.02266613358824087,2013.0,0.08615167407182113,0.753930316577938,4636.052721539533,0.9733333333333334,Neutral
2998,1980.0,0.6061932024291535,False,0.022835059148540594,1980.0,0.022835059148540594,0.0,2324.369811445007,0.9733333333333334,Neutral
2999,1980.0,0.5868509286035258,False,0.022982348770359193,2013.0,0.07947357701020284,0.7769967522705641,5015.698733124884,0.9733333333333334,Neutral
3000,1980.0,0.5934577527913957,False,0.023116981284937135,2013.0,0.07539675338113833,0.7900103850458094,5030.5971269854945,0.9733333333333334,Neutral
3001,1980.0,0.6115296017185419,False,0.023236044451943123,1980.0,0.023236044451943123,0.0,2183.6099350819113,0.9733333333333334,Neutral
3002,1980.0,0.6045542060907937,False,0.023373667283324812,2013.0,0.08649783349163376,0.6242607825343099,5070.446528111842,0.9733333333333334,Neutral
3003,1980.0,0.6414338691060911,False,0.023476075410214885,2013.0,0.10281472600299127,0.739840066386292,4921.334135303392,0.9733333333333334,Neutral
3004,2006.0,0.36614153279081824,True,0.01849110046839343,2006.0,0.01849110046839343,0.0,4591.303998534559,0.9733333333333334,Neutral
3005,2006.0,0.2939372455158047,True,0.01848682233952231,2006.0,0.01848682233952231,0.0,4388.237331154741,0.9733333333333334,Neutral
3006,2000.0,0.3477894130446685,True,0.020669488922879384,2000.0,0.020669488922879384,0.0,7942.116172596697,0.9733333333333334,Neutral
3007,2000.0,0.34327498788095856,True,0.02079661405543385,2000.0,0.02079661405543385,0.0,4093.5377179228553,0.9733333333333334,Neutral
3008,2000.0,0.33611917731276003,True,0.020864705143736353,2000.0,0.020864705143736353,0.0,3965.580214296613,0.9733333333333334,Neutral
3009,1980.0,0.7105134598941423,False,0.024190249202406366,2013.0,0.07565058648330071,0.1070011107399145,3833.4853882801704,0.9733333333333334,Neutral
3010,1980.0,0.7092173041326335,False,0.024348588055752005,2013.0,0.06954435447105982,0.21116531659446225,3733.9878932681395,0.9733333333333334,Neutral
3011,1980.0,0.5933131926712607,False,0.024513779252735023,2013.0,0.06366672443734406,0.21378527548138515,3662.947943531018,0.9733333333333334,Neutral
3012,1980.0,0.5915848429370995,False,0.024707094403399722,2013.0,0.059657942866296984,0.31741830289170836,3573.898530808552,0.9733333333333334,Neutral
3013,1980.0,0.5114248427675007,True,0.02490244115109444,2013.0,0.05422154175457545,0.44011972393839144,3517.3782107412667,0.9733333333333334,Neutral
3014,1980.0,0.4980670309972795,True,0.02517779026363876,2013.0,0.050196466600470425,0.45859139878840083,3484.6677345521002,0.9733333333333334,Neutral
3015,1980.0,0.4918333626510022,True,0.02550428443330737,2013.0,0.04664346686661477,0.4800950598233977,3495.947552548555,0.9733333333333334,Neutral
3016,1980.0,0.660119603197482,False,0.02580131756629993,1980.0,0.02580131756629993,0.0,1874.3727475487958,0.9733333333333334,Neutral
3017,1954.0,0.47178546698651,True,0.023095881627820482,1954.0,0.023095881627820482,0.0,3755.621706458371,0.9733333333333334,Neutral
3018,2000.0,0.5594925124798705,False,0.020748786055836247,2000.0,0.020748786055836247,0.0,1850.8860479845198,0.9733333333333334,Neutral
3019,1980.0,0.6203456750176134,False,0.02661977305463275,2013.0,0.052432650599063386,0.48013242849797066,6688.290115555927,0.9733333333333334,Neutral
3020,2006.0,0.4133150655223544,True,0.01836856711936163,2006.0,0.01836856711936163,0.0,4550.399960757837,0.9733333333333334,Neutral
3021,1954.0,0.4402961610997744,True,0.022382473437997458,1954.0,0.022382473437997458,0.0,4606.827050165991,0.9733333333333334,Neutral
3022,1954.0,0.43513470209926125,True,0.022189754911819348,1954.0,0.022189754911819348,0.0,4485.406382380347,0.9733333333333334,Neutral
3023,1980.0,0.5969437078491482,False,0.027151002778438484,2013.0,0.04395554335621177,0.17051330396703254,4165.646851131774,0.9733333333333334,Neutral
3024,1980.0,0.5833069104192597,False,0.027182518534853577,2013.0,0.047489842139437986,0.1626461774583086,3840.2898557697754,0.9733333333333334,Neutral
3025,1980.0,0.479137355699866,True,0.02720439143569927,2013.0,0.04802933715218545,0.31468125335804814,3698.661701874879,0.9733333333333334,Neutral
3026,1980.0,0.42518104076358665,True,0.02721885171749326,2013.0,0.04788637474025121,0.3065791207082227,3485.0075161932396,0.9733333333333334,Neutral
3027,1980.0,0.5340295767126151,True,0.027217676419795313,2013.0,0.046374232448290316,0.2939623142844575,3057.3522138293083,0.9733333333333334,Neutral
3028,1980.0,0.5072070540663877,True,0.027220080214394333,2013.0,0.04576718837049384,0.2837449295322008,2789.7495655141643,0.9733333333333334,Neutral
3029,1954.0,0.6137630961251778,False,0.021672539986104574,1954.0,0.021672539986104574,0.0,2646.5979716524093,0.9733333333333334,Neutral
3030,1954.0,0.5943769194620103,False,0.02166806626580769,1954.0,0.02166806626580769,0.0,5324.495801488777,0.9733333333333334,Neutral
3031,2013.0,0.3786502927438812,True,0.13769090577735996,2013.0,0.13769090577735996,0.0,2523.491800048934,0.9733333333333334,Neutral
3032,2013.0,0.3960871451781965,True,0.13075254520990987,2013.0,0.13075254520990987,0.0,6043.76416594889,0.9733333333333334,Neutral
3033,2056.0,0.9808510496908592,False,0.01,2056.0,0.01,0.0,6418.915852260005,0.9733333333333334,Neutral
3034,2002.0,0.49845490440292073,True,0.020138835401962575,2002.0,0.020138835401962575,0.0,0.0,0.9733333333333334,Neutral
3035,2013.0,0.6334511150017182,False,0.20554325785988123,2013.0,0.20554325785988123,0.0,0.0,0.9733333333333334,Positive
3036,2013.0,0.9017943482832834,False,0.2341860400054328,2013.0,0.2341860400054328,0.0,0.0,0.9733333333333334,Positive
3037,2043.0,0.8765891518477316,False,0.24099407576629267,2043.0,0.24099407576629267,0.0,0.0,0.97,Positive
3038,2043.0,0.8773341158344686,False,0.19780267642125035,2043.0,0.19780267642125035,0.0,0.0,0.9666666666666667,Positive
3039,2006.0,0.3642847747276109,True,0.018413360550716296,2006.0,0.018413360550716296,0.0,287.678939673492,0.9666666666666667,Positive
3040,2006.0,0.3330128157893365,True,0.018342665875235035,2006.0,0.018342665875235035,0.0,611.373338727217,0.9666666666666667,Positive
3041,2006.0,0.5334360468377873,True,0.018273210270237476,2006.0,0.018273210270237476,0.0,237.1262810413698,0.9666666666666667,Positive
3042,,,False,,,,,,,Neutral
3043,,,False,,,,,,,Neutral
3044,,,False,,,,,,,Neutral
3045,,,False,,,,,,,Neutral
3046,2094.0,0.31474036813967715,True,0.031790755435118986,2094.0,0.031790755435118986,0.0,17.61350892863989,0.9666666666666667,Positive
3047,2093.0,0.3484489185274126,True,0.02514621631973292,2093.0,0.02514621631973292,0.0,16.470243465944968,0.9666666666666667,Positive
3048,2094.0,0.31432982962733796,True,0.031771956618021645,2094.0,0.031771956618021645,0.0,193.47251180982272,0.9666666666666667,Positive
3049,2093.0,0.3434652097440711,True,0.02512446909165869,2093.0,0.02512446909165869,0.0,180.54302221397876,0.9666666666666667,Positive
3050,2093.0,0.3440289421349155,True,0.025116075272845158,2093.0,0.025116075272845158,0.0,188.82980546174028,0.9666666666666667,Positive
3051,2093.0,0.3453842934470347,True,0.025104955669545976,2093.0,0.025104955669545976,0.0,193.7504741744831,0.9666666666666667,Positive
3052,2093.0,0.34731830083582005,True,0.025093492166224713,2093.0,0.025093492166224713,0.0,198.00286293032576,0.9666666666666667,Positive
3053,2093.0,0.349490713996714,True,0.025077944156742075,2093.0,0.025077944156742075,0.0,203.0256996496207,0.9666666666666667,Neutral
3054,2093.0,0.34912017923817473,True,0.025062329262563403,2093.0,0.025062329262563403,0.0,200.2089493499164,0.9666666666666667,Neutral
3055,2093.0,0.35132065342000546,True,0.025040593811347833,2093.0,0.025040593811347833,0.0,198.40951127809117,0.9666666666666667,Neutral
3056,2093.0,0.3534608124861173,True,0.025020698834367118,2093.0,0.025020698834367118,0.0,196.80579663461322,0.9666666666666667,Neutral
3057,2093.0,0.3773554329309262,True,0.02499108415770712,2093.0,0.02499108415770712,0.0,197.0724996246094,0.9666666666666667,Neutral
3058,2093.0,0.38133696805830963,True,0.02495477138640587,2093.0,0.02495477138640587,0.0,200.28559528580953,0.9666666666666667,Neutral
3059,2093.0,0.3847560127901498,True,0.024910946184503666,2093.0,0.024910946184503666,0.0,204.57784604637868,0.9666666666666667,Neutral
3060,2093.0,0.388143995822758,True,0.024861817690913494,2093.0,0.024861817690913494,0.0,219.9797981742331,0.9666666666666667,Neutral
3061,2093.0,0.39159810161664693,True,0.0248119304577784,2093.0,0.0248119304577784,0.0,219.25423316760214,0.9666666666666667,Neutral
3062,2095.0,0.48147719307939685,True,0.03440735816049887,2095.0,0.03440735816049887,0.0,221.16483021638476,0.9666666666666667,Neutral
3063,2095.0,0.48331813171354177,True,0.034418798408137816,2095.0,0.034418798408137816,0.0,228.25105956031706,0.9666666666666667,Neutral
3064,2094.0,0.40505824667205714,True,0.031418092581072664,2094.0,0.031418092581072664,0.0,162.19221191516982,0.9666666666666667,Neutral
3065,2094.0,0.4057512559883075,True,0.031389250946579475,2094.0,0.031389250946579475,0.0,162.50193155612584,0.9666666666666667,Neutral
3066,2094.0,0.40505919300449256,True,0.03137203283166302,2094.0,0.03137203283166302,0.0,160.46603785929918,0.9666666666666667,Neutral
3067,2095.0,0.48790108239686114,True,0.034407463561255236,2095.0,0.034407463561255236,0.0,159.7813829645119,0.9666666666666667,Neutral
3068,2093.0,0.415652136168491,True,0.024393783208106024,2093.0,0.024393783208106024,0.0,159.37947781848706,0.9666666666666667,Neutral
3069,2095.0,0.4881285314601117,True,0.03439153717127412,2095.0,0.03439153717127412,0.0,159.89745941984268,0.9666666666666667,Neutral
3070,2094.0,0.40722705956389216,True,0.031180380328950062,2094.0,0.031180380328950062,0.0,157.13016340295508,0.9666666666666667,Neutral
3071,2094.0,0.4069333189524252,True,0.031109441277765278,2094.0,0.031109441277765278,0.0,155.25366991003696,0.9666666666666667,Neutral
3072,2094.0,0.40750229300455815,True,0.031043888882601064,2094.0,0.031043888882601064,0.0,158.07001528741964,0.9666666666666667,Neutral
3073,2093.0,0.4310575003863348,True,0.024117529675040265,2093.0,0.024117529675040265,0.0,16.43248852409898,0.9666666666666667,Neutral
3074,2094.0,0.40943956424087424,True,0.030893883439730024,2094.0,0.030893883439730024,0.0,15.393092905067366,0.9666666666666667,Neutral
3075,2093.0,0.43333566725187656,True,0.024001841742825224,2093.0,0.024001841742825224,0.0,14.993241550479521,0.9666666666666667,Neutral
3076,2093.0,0.4308544545467267,True,0.023943550434331884,2093.0,0.023943550434331884,0.0,201.79170822688292,0.9666666666666667,Neutral
3077,2093.0,0.4317887956119752,True,0.02388759598644235,2093.0,0.02388759598644235,0.0,195.3168531147616,0.9666666666666667,Neutral
3078,2093.0,0.4371196399074562,True,0.023832054919006453,2093.0,0.023832054919006453,0.0,15.436504766265994,0.9666666666666667,Neutral
3079,2093.0,0.4391157362646013,True,0.023776233375986007,2093.0,0.023776233375986007,0.0,15.926960104414292,0.9666666666666667,Neutral
3080,2093.0,0.44073617550707495,True,0.023722690823006938,2093.0,0.023722690823006938,0.0,16.813287608113782,0.9666666666666667,Neutral
3081,2093.0,0.4417205709332544,True,0.023671963767996337,2093.0,0.023671963767996337,0.0,17.490590761599332,0.9666666666666667,Neutral
3082,2093.0,0.4436462421618164,True,0.023604583039341466,2093.0,0.023604583039341466,0.0,17.29692291986327,0.9666666666666667,Neutral
3083,2093.0,0.4183539296801717,True,0.02353228386628611,2093.0,0.02353228386628611,0.0,16.641103229553295,0.9666666666666667,Neutral
3084,2093.0,0.4652147681724635,True,0.023457455305625284,2093.0,0.023457455305625284,0.0,17.32945886728577,0.9666666666666667,Neutral
3085,2093.0,0.4673729347991562,True,0.02336989583192605,2093.0,0.02336989583192605,0.0,17.73640976248469,0.9666666666666667,Neutral
3086,2093.0,0.46903566278111514,True,0.0232864588059313,2093.0,0.0232864588059313,0.0,17.002094018918694,0.9666666666666667,Neutral
3087,2095.0,0.5948022603988647,True,0.03340607858382847,2095.0,0.03340607858382847,0.0,17.71428486876849,0.9666666666666667,Neutral
3088,2093.0,0.43172785901272964,True,0.02306228426147935,2093.0,0.02306228426147935,0.0,21.29488026627124,0.9666666666666667,Neutral
3089,2093.0,0.4344300236427423,True,0.022927211255335405,2093.0,0.022927211255335405,0.0,22.243301508185038,0.9666666666666667,Neutral
3090,2093.0,0.4370340836237786,True,0.022791407288836708,2093.0,0.022791407288836708,0.0,23.16338672218066,0.9666666666666667,Neutral
3091,2095.0,0.4776143431663513,True,0.03265187204194331,2095.0,0.03265187204194331,0.0,24.67157327425487,0.9666666666666667,Neutral
3092,2093.0,0.4430684289563134,True,0.022439657772618714,2093.0,0.022439657772618714,0.0,22.44204511967152,0.9666666666666667,Neutral
3093,2093.0,0.44636327527020214,True,0.022252421815229878,2093.0,0.022252421815229878,0.0,24.618117731172585,0.9666666666666667,Neutral
3094,2093.0,0.4522322362901109,True,0.022038317168152098,2093.0,0.022038317168152098,0.0,28.814635485483187,0.9666666666666667,Neutral
3095,2093.0,0.4520467157059347,True,0.02181978553013092,2093.0,0.02181978553013092,0.0,31.094508022140968,0.9666666666666667,Neutral
3096,2093.0,0.4528748786528416,True,0.02159557268842595,2093.0,0.02159557268842595,0.0,31.142833892059866,0.9666666666666667,Neutral
3097,2093.0,0.45564502001589674,True,0.0213513775779163,2093.0,0.0213513775779163,0.0,34.53138109528959,0.9666666666666667,Neutral
3098,,0.0,False,,,,,36.45023749330172,0.9666666666666667,Neutral
3099,2093.0,0.48341019757446035,True,0.020851823951393837,2093.0,0.020851823951393837,0.0,37.04218228109528,0.9666666666666667,Neutral
3100,2093.0,0.4847371406269506,True,0.02058671063282348,2093.0,0.02058671063282348,0.0,42.149760040215185,0.9666666666666667,Neutral
3101,2095.0,0.8500570058822632,False,0.029044662879899055,2095.0,0.029044662879899055,0.0,49.43127489562147,0.9666666666666667,Neutral
3102,2095.0,0.6767236590385437,False,0.02864148717101041,2095.0,0.02864148717101041,0.0,44.48093542681361,0.9666666666666667,Neutral
3103,2095.0,0.6139211058616638,True,0.028290455320043293,2095.0,0.028290455320043293,0.0,31.966541018479155,0.9666666666666667,Neutral
3104,2095.0,0.6734522581100464,False,0.027938708687153677,2095.0,0.027938708687153677,0.0,27.788674777465843,0.9666666666666667,Neutral
3105,2095.0,0.5939871072769165,True,0.027589887309228386,2095.0,0.027589887309228386,0.0,20.465780404115648,0.9666666666666667,Neutral
3106,2095.0,0.9073805809020996,False,0.02726503730117623,2095.0,0.02726503730117623,0.0,0.0,0.9666666666666667,Neutral
3107,2095.0,0.9933271408081055,False,0.027028315813586317,2095.0,0.027028315813586317,0.0,0.0,0.9666666666666667,Neutral
3108,2095.0,0.9934567809104919,False,0.026830346188140248,2095.0,0.026830346188140248,0.0,0.0,0.9666666666666667,Neutral
3109,2093.0,0.8563675022811644,False,0.018801554257097626,2093.0,0.018801554257097626,0.0,24.601695862660037,0.9666666666666667,Neutral
3110,2093.0,0.9245317056322139,False,0.01868308465411344,2093.0,0.01868308465411344,0.0,0.0,0.9666666666666667,Neutral
3111,2095.0,0.9885241389274597,False,0.026157143450191607,2095.0,0.026157143450191607,0.0,0.0,0.9666666666666667,Neutral
3112,2095.0,0.9907824397087097,False,0.0259733213944338,2095.0,0.0259733213944338,0.0,0.0,0.9666666666666667,Neutral
3113,2095.0,0.6958023309707642,False,0.02582390817237875,2095.0,0.02582390817237875,0.0,0.0,0.97,Neutral
3114,2095.0,0.4658546447753906,True,0.025696993972011906,2095.0,0.025696993972011906,0.0,0.0,0.97,Neutral
3115,2124.0,0.3356274366378784,True,0.032567323827190055,2124.0,0.032567323827190055,0.0,143.298580675584,0.97,Neutral
3116,2124.0,0.3691200613975525,True,0.033035411451431726,2124.0,0.033035411451431726,0.0,162.561783219461,0.97,Neutral
3117,2124.0,0.41109028458595276,True,0.0334428288658177,2124.0,0.0334428288658177,0.0,143.69380674850515,0.97,Neutral
3118,2124.0,0.49205490946769714,True,0.03395187489166014,2124.0,0.03395187489166014,0.0,130.25702786415516,0.97,Neutral
3119,2127.0,0.4803580641746521,True,0.01,2094.0,0.012559580171124261,0.2050842504225764,123.70334963050718,0.97,Neutral
3120,2124.0,0.5743605494499207,True,0.03513781351939172,2124.0,0.03513781351939172,0.0,597.5057066553281,0.97,Neutral
3121,2124.0,0.7067379951477051,False,0.03590343961695171,2124.0,0.03590343961695171,0.0,609.4544703777144,0.97,Neutral
3122,2127.0,0.5905787348747253,True,0.029352043296416705,2127.0,0.029352043296416705,0.0,620.1462820239068,0.97,Neutral
3123,2131.0,0.4743979871273041,True,0.02850858617572075,2131.0,0.02850858617572075,0.0,835.6519573376756,0.97,Neutral
3124,2124.0,0.6193485856056213,True,0.03762181521416755,2140.0,0.05165524181603204,0.25568686812775887,1044.8837722479327,0.97,Neutral
3125,2124.0,0.7443812489509583,False,0.03932898502501545,2140.0,0.05526581254078831,0.30610441162639956,4270.7905194539235,0.9666666666666667,Neutral
3126,2093.0,0.552019781056224,False,0.018190636166719263,2093.0,0.018190636166719263,0.0,4274.323114685617,0.9666666666666667,Neutral
3127,2093.0,0.5716066361633217,False,0.018196072464569626,2093.0,0.018196072464569626,0.0,934.9681180952517,0.9666666666666667,Neutral
3128,2094.0,0.5403782240177671,True,0.0262145502173437,2094.0,0.0262145502173437,0.0,941.8062204440314,0.9666666666666667,Neutral
3129,2093.0,0.5528062089766544,False,0.01821459394156626,2093.0,0.01821459394156626,0.0,1320.0637519815805,0.9666666666666667,Neutral
3130,2151.0,0.677130937576294,False,0.01608642637981655,2151.0,0.01608642637981655,0.0,1300.0006057908106,0.9666666666666667,Neutral
3131,2094.0,0.5817053206312162,False,0.0265418768621936,2094.0,0.0265418768621936,0.0,1283.6097089424647,0.9666666666666667,Neutral
3132,2093.0,0.5510307362214171,False,0.01825389137717987,2093.0,0.01825389137717987,0.0,981.9851247186768,0.9666666666666667,Neutral
3133,2093.0,0.5699723906935819,False,0.01825188291923041,2093.0,0.01825188291923041,0.0,1237.5722249516134,0.9666666666666667,Neutral
3134,2094.0,0.5972035969109775,False,0.02688500242386302,2094.0,0.02688500242386302,0.0,992.2502540539549,0.9666666666666667,Neutral
3135,2094.0,0.5988895489625364,False,0.026973861789079567,2094.0,0.026973861789079567,0.0,1182.2614257553405,0.9666666666666667,Neutral
3136,2094.0,0.5833596475447134,False,0.027061239715631114,2094.0,0.027061239715631114,0.0,4408.603303759374,0.9666666666666667,Neutral
3137,2094.0,0.5725447417767108,False,0.027149878621625732,2094.0,0.027149878621625732,0.0,4353.02925683799,0.9666666666666667,Neutral
3138,2094.0,0.5890682353481329,False,0.02723208580917617,2094.0,0.02723208580917617,0.0,574.9535729446569,0.9666666666666667,Neutral
3139,2094.0,0.5723471466774902,False,0.02730045471167072,2094.0,0.02730045471167072,0.0,573.6526141287792,0.9666666666666667,Neutral
3140,2094.0,0.5857857844164097,False,0.02737004044104043,2094.0,0.02737004044104043,0.0,573.9588931209516,0.9666666666666667,Neutral
3141,2094.0,0.5917609499005487,False,0.027442986916085647,2094.0,0.027442986916085647,0.0,0.0,0.9666666666666667,Neutral
3142,2094.0,0.634520728014219,False,0.027559657059514752,2094.0,0.027559657059514752,0.0,4326.995480786607,0.9666666666666667,Neutral
3143,2094.0,0.6452963301239514,False,0.027706442784731534,2094.0,0.027706442784731534,0.0,4360.404126437871,0.9666666666666667,Neutral
3144,2094.0,0.638533594364338,False,0.02787894968839196,2094.0,0.02787894968839196,0.0,1105.2093227413663,0.9666666666666667,Neutral
3145,2094.0,0.5623858369318517,False,0.02807600973394395,2094.0,0.02807600973394395,0.0,2292.9154583247055,0.9666666666666667,Neutral
3146,2094.0,0.6140718157785704,False,0.028273866184536114,2094.0,0.028273866184536114,0.0,1126.0172536361258,0.9666666666666667,Neutral
3147,2094.0,0.5619894107514007,False,0.028481231767127357,2094.0,0.028481231767127357,0.0,2293.779400761917,0.9666666666666667,Neutral
3148,2094.0,0.5604369415784266,False,0.028672680600974953,2094.0,0.028672680600974953,0.0,4399.3065806249715,0.9666666666666667,Neutral
3149,2094.0,0.5579515207404838,False,0.028875504695927295,2094.0,0.028875504695927295,0.0,4415.608112121591,0.9666666666666667,Neutral
3150,2094.0,0.6560434049209143,False,0.029083644393896414,2094.0,0.029083644393896414,0.0,4461.4492371475535,0.9666666666666667,Neutral
3151,2094.0,0.6020447523976756,False,0.029304064513138887,2094.0,0.029304064513138887,0.0,4499.398256753627,0.9666666666666667,Neutral
3152,2093.0,0.5658851237315271,False,0.01858912042002539,2093.0,0.01858912042002539,0.0,424.0035893573364,0.9666666666666667,Neutral
3153,2094.0,0.6424713210333074,False,0.029760089085028894,2094.0,0.029760089085028894,0.0,436.65303623826844,0.9666666666666667,Neutral
3154,2094.0,0.5948129174167707,False,0.03000745603093308,2094.0,0.03000745603093308,0.0,0.0,0.97,Neutral
3155,2093.0,0.5727900824243007,False,0.01873119191199746,2093.0,0.01873119191199746,0.0,2260.1369398503357,0.9733333333333334,Neutral
3156,2093.0,0.5971890390150483,False,0.018769454691021762,2093.0,0.018769454691021762,0.0,446.55694269598985,0.9733333333333334,Neutral
3157,2093.0,0.5547396466323568,False,0.01879800927566451,2093.0,0.01879800927566451,0.0,1205.5025550152895,0.9733333333333334,Neutral
3158,2094.0,0.5440858228609448,True,0.030955042403512562,2094.0,0.030955042403512562,0.0,1220.8093562983186,0.9733333333333334,Neutral
3159,2093.0,0.5810963866771349,False,0.018858870880880254,2093.0,0.018858870880880254,0.0,1233.9582222263455,0.9733333333333334,Neutral
3160,2094.0,0.47826638541970073,True,0.03140619390253319,2094.0,0.03140619390253319,0.0,2335.4618928168884,0.9733333333333334,Neutral
3161,2094.0,0.47243227907250523,True,0.03172880475016808,2094.0,0.03172880475016808,0.0,2373.994765238571,0.9733333333333334,Neutral
3162,2094.0,0.5078595705768303,True,0.032152130727619334,2094.0,0.032152130727619334,0.0,494.6263660931239,0.9733333333333334,Neutral
3163,2094.0,0.4994831195346201,True,0.03264471688063539,2094.0,0.03264471688063539,0.0,497.727086818476,0.9733333333333334,Neutral
3164,2094.0,0.564826456763481,False,0.0332843564795446,2094.0,0.0332843564795446,0.0,502.71760696785736,0.9733333333333334,Neutral
3165,2094.0,0.4905081154254729,True,0.034034429371164326,2094.0,0.034034429371164326,0.0,501.1702739113919,0.9733333333333334,Neutral
3166,2093.0,0.705782413636816,False,0.020202712977037806,2093.0,0.020202712977037806,0.0,501.41662174690373,0.9733333333333334,Neutral
3167,2093.0,0.7940267182515396,False,0.020602703458790648,2093.0,0.020602703458790648,0.0,512.386014329287,0.9733333333333334,Neutral
3168,2093.0,0.8355944109630945,False,0.021055205197055792,2093.0,0.021055205197055792,0.0,0.0,0.9733333333333334,Neutral
3169,2094.0,0.630949715127986,False,0.038605215343614316,2094.0,0.038605215343614316,0.0,505.1912952698094,0.9733333333333334,Neutral
3170,2094.0,0.6275918504534462,False,0.03998673790161422,2094.0,0.03998673790161422,0.0,506.85977383925706,0.9733333333333334,Neutral
3171,2093.0,0.7413474850243897,False,0.022676602930902092,2093.0,0.022676602930902092,0.0,507.9416772421514,0.9733333333333334,Neutral
3172,2093.0,0.7920397105858055,False,0.023342506828997377,2093.0,0.023342506828997377,0.0,1163.957745502366,0.9733333333333334,Neutral
3173,2093.0,0.9501311467034699,False,0.024088534047653473,2093.0,0.024088534047653473,0.0,0.0,0.9733333333333334,Neutral
3174,2093.0,0.9498355623086687,False,0.02489788605459553,2093.0,0.02489788605459553,0.0,0.0,0.9766666666666667,Neutral
3175,2093.0,0.949602046782349,False,0.025788192249955093,2093.0,0.025788192249955093,0.0,0.0,0.9766666666666667,Neutral
3176,2093.0,0.9988511800765991,False,0.026787786979511532,2093.0,0.026787786979511532,0.0,0.0,0.9766666666666667,Neutral
3177,2093.0,0.9693164077895371,False,0.027901468655681366,2093.0,0.027901468655681366,0.0,0.0,0.9766666666666667,Neutral
3178,2093.0,0.9695397604317337,False,0.029180854672812208,2093.0,0.029180854672812208,0.0,0.0,0.9766666666666667,Neutral
3179,2094.0,0.9713145182460718,False,0.20349646577083966,2094.0,0.20349646577083966,0.0,0.0,0.9766666666666667,Neutral
3180,2094.0,0.9710684802351808,False,0.2360771619574521,2094.0,0.2360771619574521,0.0,0.0,0.9766666666666667,Positive
3181,2094.0,0.9708267920292786,False,0.26022764775183466,2094.0,0.26022764775183466,0.0,0.0,0.98,Positive
3182,2094.0,0.9702882080263237,False,0.26688788017399584,2094.0,0.26688788017399584,0.0,0.0,0.9833333333333333,Positive
3183,2094.0,0.9697604403309914,False,0.25742652110047165,2094.0,0.25742652110047165,0.0,0.0,0.9833333333333333,Positive
3184,2093.0,0.9673930365901351,False,0.041911558595944566,2093.0,0.041911558595944566,0.0,0.0,0.9833333333333333,Positive
3185,2093.0,0.6963484675531262,False,0.045292536030102776,2093.0,0.045292536030102776,0.0,360.3751867413749,0.9833333333333333,Positive
3186,2093.0,0.9666858800740488,False,0.04926696820954531,2093.0,0.04926696820954531,0.0,0.0,0.9833333333333333,Positive
3187,2093.0,0.9670363490897713,False,0.053605084584868144,2093.0,0.053605084584868144,0.0,0.0,0.9833333333333333,Positive
3188,2093.0,0.7741065260608773,False,0.05912717067007836,2093.0,0.05912717067007836,0.0,0.0,0.9833333333333333,Positive
3189,2093.0,1.0,False,0.12297097213203247,2093.0,0.12297097213203247,0.0,0.0,0.9833333333333333,Positive
3190,2093.0,1.0,False,0.19016671829890397,2093.0,0.19016671829890397,0.0,0.0,0.9833333333333333,Positive
3191,2093.0,1.0,False,0.25663459517605713,2093.0,0.25663459517605713,0.0,0.0,0.9833333333333333,Positive
3192,2093.0,1.0,False,0.318512650286398,2093.0,0.318512650286398,0.0,0.0,0.9833333333333333,Positive
3193,2093.0,1.0,False,0.37285587345151194,2093.0,0.37285587345151194,0.0,0.0,0.9833333333333333,Positive
3194,2093.0,1.0,False,0.4176297730177045,2093.0,0.4176297730177045,0.0,0.0,0.9833333333333333,Positive
3195,2093.0,1.0,False,0.42091091589314916,2093.0,0.42091091589314916,0.0,0.0,0.9833333333333333,Positive
3196,2093.0,1.0,False,0.3643846792304747,2093.0,0.3643846792304747,0.0,0.0,0.9833333333333333,Positive
3197,2093.0,1.0,False,0.45563623755694205,2093.0,0.45563623755694205,0.0,0.0,0.9833333333333333,Positive
3198,2093.0,0.9892316080967404,False,0.4602270348991163,2093.0,0.4602270348991163,0.0,0.0,0.9833333333333333,Positive
3199,2093.0,1.0,False,0.4311196846408725,2093.0,0.4311196846408725,0.0,0.0,0.9833333333333333,Positive
3200,2093.0,0.9897928059731801,False,0.37914493688527684,2093.0,0.37914493688527684,0.0,0.0,0.9833333333333333,Positive
3201,2093.0,0.9909486576052787,False,0.3280171181348668,2093.0,0.3280171181348668,0.0,0.0,0.9833333333333333,Positive
3202,2093.0,0.9918415710125009,False,0.2772471604249853,2093.0,0.2772471604249853,0.0,0.0,0.9833333333333333,Positive
3203,2280.0,1.0,False,0.04478650813131839,2280.0,0.04478650813131839,0.0,0.0,0.98,Positive
3204,2280.0,1.0,False,0.046635841301946444,2280.0,0.046635841301946444,0.0,0.0,0.9766666666666667,Positive
3205,2280.0,1.0,False,0.04870133385447564,2280.0,0.04870133385447564,0.0,0.0,0.9733333333333334,Positive
3206,2304.0,0.8551170227077973,False,0.12909773854227452,2305.0,0.25022783676812094,0.0910200820535593,0.0,0.9733333333333334,Positive
3207,2304.0,0.8557019201539411,False,0.11587567355656254,2305.0,0.2609282834050212,0.09144711015691749,0.0,0.9733333333333334,Positive
3208,2304.0,0.8534832175311092,False,0.10366401332136269,2305.0,0.2620578191521655,0.09071332984513325,0.0,0.9733333333333334,Positive
3209,2304.0,0.9911036723694515,False,0.09148708503654494,2304.0,0.09148708503654494,0.0,0.0,0.9733333333333334,Positive
3210,2304.0,0.8549482595403101,False,0.07808873879218604,2305.0,0.24124581111766338,0.09160839666105312,0.0,0.9733333333333334,Positive
3211,2320.0,0.8768351030106165,False,0.033590123245259326,2320.0,0.033590123245259326,0.0,695.2692739639318,0.9733333333333334,Positive
3212,2320.0,0.8815040756356959,False,0.03412532456592888,2320.0,0.03412532456592888,0.0,731.7012104085246,0.9733333333333334,Positive
3213,2320.0,0.8836974390657245,False,0.03479019922837738,2320.0,0.03479019922837738,0.0,763.23817886691,0.9733333333333334,Positive
3214,2320.0,0.8851332826384551,False,0.03546394902715596,2320.0,0.03546394902715596,0.0,97.92849526712034,0.9733333333333334,Positive
3215,2320.0,0.8910221211180254,False,0.03614256285639697,2320.0,0.03614256285639697,0.0,0.0,0.9733333333333334,Positive
3216,2320.0,0.8834289321022876,False,0.0368650932135787,2320.0,0.0368650932135787,0.0,0.0,0.9733333333333334,Positive
3217,2320.0,0.8818098199126077,False,0.03752440523030814,2320.0,0.03752440523030814,0.0,118.50210203283653,0.9733333333333334,Positive
3218,2320.0,0.8770008910026752,False,0.03820133894702441,2320.0,0.03820133894702441,0.0,257.4624697972032,0.9733333333333334,Positive
3219,2320.0,0.8741903093431017,False,0.03894679338908317,2320.0,0.03894679338908317,0.0,242.95364079987237,0.9733333333333334,Positive
3220,2331.0,0.9948064512314799,False,0.016176823658366146,2331.0,0.016176823658366146,0.0,216.2292818623364,0.9733333333333334,Positive
3221,2331.0,0.9946445590796659,False,0.016318600269173537,2331.0,0.016318600269173537,0.0,95.52510141012088,0.9733333333333334,Positive
3222,2331.0,0.9943524897674648,False,0.016487301972037,2331.0,0.016487301972037,0.0,143.5594546451033,0.9733333333333334,Positive
3223,2331.0,0.9941338288993768,False,0.016632229305559094,2331.0,0.016632229305559094,0.0,130.3544947603667,0.9733333333333334,Positive
3224,2320.0,0.8529010520743746,False,0.041684289181480025,2320.0,0.041684289181480025,0.0,94.94208921819492,0.9733333333333334,Positive
3225,2320.0,0.8465614217533987,False,0.04213626506945496,2320.0,0.04213626506945496,0.0,81.34735913658835,0.9733333333333334,Positive
3226,2320.0,0.8404398819820676,False,0.042453269467110005,2320.0,0.042453269467110005,0.0,70.35244927525605,0.9733333333333334,Positive
3227,2320.0,0.8320634612709268,False,0.042610220218872126,2320.0,0.042610220218872126,0.0,39.08967683093604,0.9733333333333334,Positive
3228,2320.0,0.8294239555178714,False,0.04249808134789528,2320.0,0.04249808134789528,0.0,36.90166834868928,0.9733333333333334,Positive
3229,2320.0,0.8268826154440165,False,0.042214548058505136,2320.0,0.042214548058505136,0.0,48.340993305987155,0.9733333333333334,Positive
3230,2331.0,0.9904817399013617,False,0.01773291639567313,2331.0,0.01773291639567313,0.0,55.35685809253855,0.9733333333333334,Positive
3231,2331.0,0.9896184261094639,False,0.017901901429495708,2331.0,0.017901901429495708,0.0,81.48626155075763,0.9733333333333334,Neutral
3232,2331.0,0.988794964020841,False,0.01803123857307843,2331.0,0.01803123857307843,0.0,107.14172921386057,0.9733333333333334,Neutral
3233,2331.0,0.807415316205757,False,0.018180281750876923,2331.0,0.018180281750876923,0.0,127.47972422142111,0.9733333333333334,Neutral
3234,2331.0,0.7986252677303165,False,0.018330309410658226,2331.0,0.018330309410658226,0.0,130.69805175011084,0.9733333333333334,Neutral
3235,2331.0,0.7977567897519716,False,0.018498953807058946,2331.0,0.018498953807058946,0.0,150.92247242523877,0.9733333333333334,Neutral
3236,2331.0,0.797493073951726,False,0.01864187986380509,2331.0,0.01864187986380509,0.0,145.01112279388255,0.9733333333333334,Neutral
3237,2331.0,0.7988042594409603,False,0.018797569533385693,2331.0,0.018797569533385693,0.0,134.02648649579123,0.9733333333333334,Neutral
3238,2320.0,0.7953294275676495,False,0.03976238260494009,2320.0,0.03976238260494009,0.0,139.90802282667153,0.9733333333333334,Neutral
3239,2331.0,0.8003512179034524,False,0.019142201969549206,2331.0,0.019142201969549206,0.0,148.08806424518087,0.9733333333333334,Neutral
3240,2331.0,0.8014048450401876,False,0.019301421479374425,2331.0,0.019301421479374425,0.0,134.65154695388648,0.9733333333333334,Neutral
3241,2331.0,0.8010942522539654,False,0.019440753296188298,2331.0,0.019440753296188298,0.0,107.4327147489333,0.9733333333333334,Neutral
3242,2331.0,0.7994836878582147,False,0.019596731239158068,2331.0,0.019596731239158068,0.0,101.07320653518796,0.9733333333333334,Neutral
3243,2331.0,0.8001203823058685,False,0.01979484716686227,2331.0,0.01979484716686227,0.0,110.7216195212616,0.9733333333333334,Neutral
3244,2331.0,0.8170032583070422,False,0.0199798016470892,2331.0,0.0199798016470892,0.0,0.0,0.9733333333333334,Neutral
3245,2331.0,0.8159247313542765,False,0.020177013949545776,2331.0,0.020177013949545776,0.0,0.0,0.9733333333333334,Neutral
3246,2331.0,0.81350220080466,False,0.020387529685649858,2331.0,0.020387529685649858,0.0,0.0,0.9733333333333334,Neutral
3247,2331.0,0.8125976442312479,False,0.02060115967151746,2331.0,0.02060115967151746,0.0,0.0,0.9733333333333334,Neutral
3248,2331.0,0.7857903100331702,False,0.020807966178582646,2331.0,0.020807966178582646,0.0,195.21788154133347,0.9733333333333334,Neutral
3249,2331.0,0.7821449287108373,False,0.02102234846676303,2331.0,0.02102234846676303,0.0,218.73880561586537,0.9733333333333334,Neutral
3250,2331.0,0.7799889056963863,False,0.021254609144227207,2331.0,0.021254609144227207,0.0,214.6438911603365,0.9733333333333334,Neutral
3251,2331.0,0.7687646286812932,False,0.02150445307712933,2331.0,0.02150445307712933,0.0,169.18904501825094,0.9733333333333334,Neutral
3252,2331.0,0.7734883244900934,False,0.021765421518720112,2331.0,0.021765421518720112,0.0,147.32695738925017,0.9733333333333334,Neutral
3253,2331.0,0.7707806643918452,False,0.022046025615279328,2331.0,0.022046025615279328,0.0,145.40333052890045,0.9733333333333334,Neutral
3254,2331.0,0.7677937852574771,False,0.022329836225485705,2331.0,0.022329836225485705,0.0,158.55583099088227,0.9733333333333334,Neutral
3255,2331.0,0.763378338156318,False,0.022597228429079675,2331.0,0.022597228429079675,0.0,165.78501921527763,0.9733333333333334,Neutral
3256,2332.0,0.9196028227913513,False,0.4146394540679685,2332.0,0.4146394540679685,0.0,159.70400900504526,0.9733333333333334,Positive
3257,2331.0,0.7539946324450917,False,0.023136751666626675,2331.0,0.023136751666626675,0.0,152.9169221744691,0.9766666666666667,Positive
3258,2331.0,0.7490685383660987,False,0.023390684274150197,2331.0,0.023390684274150197,0.0,164.87554519323174,0.9766666666666667,Positive
3259,2320.0,0.6697044637323353,False,0.037999807672790195,2320.0,0.037999807672790195,0.0,179.38478243643502,0.9766666666666667,Positive
3260,2331.0,0.738237000710196,False,0.02397535828200405,2331.0,0.02397535828200405,0.0,187.82364417129918,0.9766666666666667,Positive
3261,2320.0,0.951741099357605,False,0.03814726066650185,2320.0,0.03814726066650185,0.0,186.24447672761477,0.9766666666666667,Neutral
3262,2331.0,0.7221662888003721,False,0.02447945748039306,2331.0,0.02447945748039306,0.0,179.15502820671506,0.9766666666666667,Neutral
3263,2320.0,0.9189838767051697,False,0.03845591541043625,2320.0,0.03845591541043625,0.0,162.52024712499622,0.9766666666666667,Neutral
3264,2320.0,0.8931224346160889,False,0.03860183992217276,2320.0,0.03860183992217276,0.0,176.3714218844891,0.9766666666666667,Neutral
3265,2331.0,0.7013909955598189,False,0.025457835442739756,2331.0,0.025457835442739756,0.0,198.82984369729235,0.9766666666666667,Neutral
3266,2331.0,0.6963550029275267,False,0.02579310744624575,2331.0,0.02579310744624575,0.0,245.10767812355732,0.9766666666666667,Neutral
3267,2331.0,0.6906127842417551,False,0.026105002039841205,2331.0,0.026105002039841205,0.0,289.89000535389437,0.9766666666666667,Neutral
3268,2331.0,0.6832818054519924,False,0.02642172317196015,2331.0,0.02642172317196015,0.0,318.27550150662495,0.9766666666666667,Neutral
3269,2320.0,0.8168323040008545,False,0.038573520499918704,2332.0,0.05950390501965145,0.1801645978953399,326.905463771721,0.9766666666666667,Neutral
3270,2320.0,0.8010021448135376,False,0.03875825889065588,2332.0,0.07109060663158857,0.17844326538945582,317.8840692323836,0.9766666666666667,Neutral
3271,2331.0,0.6528709036041351,False,0.02717029488905746,2331.0,0.02717029488905746,0.0,302.63701554934244,0.9766666666666667,Neutral
3272,2331.0,0.6436050593587261,False,0.027434275808058507,2331.0,0.027434275808058507,0.0,267.659236740246,0.9766666666666667,Neutral
3273,2332.0,0.9063188351398275,False,0.7053622940521358,2332.0,0.7053622940521358,0.0,267.5975546084156,0.9766666666666667,Positive
3274,2331.0,0.6283010605478273,False,0.027836555141268697,2331.0,0.027836555141268697,0.0,266.8194901206929,0.9766666666666667,Positive
3275,2331.0,0.6190682762130916,False,0.027984842587393786,2331.0,0.027984842587393786,0.0,265.5728992993791,0.9766666666666667,Positive
3276,2320.0,0.8059619069099426,False,0.03853236874719053,2332.0,0.0846457312986019,0.1745624634681666,275.02072460671354,0.9766666666666667,Positive
3277,2332.0,0.89748933065435,False,0.6412166788351603,2332.0,0.6412166788351603,0.0,292.7640603648709,0.9766666666666667,Positive
3278,2332.0,0.8949556536877741,False,0.6165275675545803,2332.0,0.6165275675545803,0.0,294.69309645212314,0.9766666666666667,Positive
3279,2331.0,0.5960923752342215,False,0.027947691528283827,2331.0,0.027947691528283827,0.0,318.70813209443963,0.9766666666666667,Positive
3280,2320.0,0.515084936855368,True,0.03754417369367249,2332.0,0.08801900228656283,0.16951377677777368,1241.560094966692,0.9766666666666667,Positive
3281,2320.0,0.5077388840035191,True,0.03738038074606237,2332.0,0.08432296535517884,0.16946434253676954,1211.897387221399,0.9766666666666667,Positive
3282,2331.0,0.3902362703522405,True,0.028144747095798516,2331.0,0.028144747095798516,0.0,1256.6247758706731,0.9766666666666667,Positive
3283,2332.0,0.8339782514455948,False,0.5063937766513459,2332.0,0.5063937766513459,0.0,1140.5547734117051,0.9766666666666667,Positive
3284,2332.0,0.8322543289087385,False,0.48199108900385934,2332.0,0.48199108900385934,0.0,1132.7716413771832,0.9766666666666667,Positive
3285,2332.0,0.8318127640623328,False,0.4665365102570931,2332.0,0.4665365102570931,0.0,1116.839080430385,0.9766666666666667,Positive
3286,2332.0,0.8297130337008047,False,0.4625334408192843,2332.0,0.4625334408192843,0.0,2328.919955913718,0.9766666666666667,Positive
3287,2332.0,0.9988874793052673,False,0.45181784330405594,2332.0,0.45181784330405594,0.0,2315.0940891621285,0.9766666666666667,Positive
3288,2331.0,0.5669600106288094,False,0.02846947666493938,2331.0,0.02846947666493938,0.0,2308.131777199549,0.9766666666666667,Positive
3289,2359.0,0.8760441563171348,False,0.01591913318740879,2359.0,0.01591913318740879,0.0,2338.6944265381194,0.9766666666666667,Positive
3290,2365.0,0.8515142223290808,False,0.4187194053428439,2365.0,0.4187194053428439,0.0,1597.208786139893,0.9766666666666667,Positive
3291,2353.0,0.6562346672212568,False,0.02799337076735183,2353.0,0.02799337076735183,0.0,1523.8404601589057,0.9766666666666667,Positive
3292,2359.0,0.9304987740380437,False,0.01599891038978284,2359.0,0.01599891038978284,0.0,1522.3697341292948,0.9766666666666667,Positive
3293,2365.0,0.8614055767883249,False,0.4229471935271611,2365.0,0.4229471935271611,0.0,1566.9335347679444,0.9766666666666667,Positive
3294,2365.0,0.8587501427635381,False,0.42191213597681887,2365.0,0.42191213597681887,0.0,1576.966110210799,0.9766666666666667,Positive
3295,2359.0,0.8943230962372642,False,0.016102930688876037,2359.0,0.016102930688876037,0.0,1524.8811769948481,0.9766666666666667,Positive
3296,2365.0,0.8492890203399093,False,0.4000061598304192,2365.0,0.4000061598304192,0.0,1514.489724356853,0.9766666666666667,Positive
3297,2359.0,0.9365009131961967,False,0.01610946387529064,2359.0,0.01610946387529064,0.0,1509.6437697502215,0.9766666666666667,Positive
3298,2331.0,0.6678624775468289,False,0.02922380921546714,2331.0,0.02922380921546714,0.0,1467.2027546342451,0.9766666666666667,Positive
3299,2331.0,0.6739678199332806,False,0.029223783254649034,2331.0,0.029223783254649034,0.0,1462.9352265780562,0.9766666666666667,Positive
3300,2365.0,0.8419198281064469,False,0.35810851156094753,2365.0,0.35810851156094753,0.0,1471.5347686963567,0.9766666666666667,Positive
3301,2368.0,0.7042756080627441,False,0.022207132763105306,2368.0,0.022207132763105306,0.0,1472.204273035043,0.9733333333333334,Positive
3302,2359.0,0.9174703033248339,False,0.016161098883756827,2359.0,0.016161098883756827,0.0,1501.9527793660375,0.9733333333333334,Positive
3303,2359.0,0.9157315478662981,False,0.01617276887809787,2359.0,0.01617276887809787,0.0,1437.8113867420977,0.9733333333333334,Positive
3304,2359.0,0.896559163623513,False,0.016219778292915803,2359.0,0.016219778292915803,0.0,1378.3348340489133,0.9733333333333334,Positive
3305,2359.0,0.9073592726460228,False,0.016253762241490527,2359.0,0.016253762241490527,0.0,1343.6518283898579,0.9733333333333334,Positive
3306,2359.0,0.9049803461246927,False,0.016287000343133094,2359.0,0.016287000343133094,0.0,1312.7394610619888,0.9733333333333334,Positive
3307,2359.0,0.9015131663851266,False,0.016316640296786485,2359.0,0.016316640296786485,0.0,1281.424827619343,0.9733333333333334,Positive
3308,2359.0,0.8991763629894323,False,0.016363250966205643,2359.0,0.016363250966205643,0.0,1261.3360845191273,0.9733333333333334,Positive
3309,2371.0,0.7271605587139507,False,0.028208076354258548,2371.0,0.028208076354258548,0.0,1253.4463207353667,0.9733333333333334,Positive
3310,2371.0,0.731468425864889,False,0.02814867778314956,2371.0,0.02814867778314956,0.0,1213.5964102136556,0.9733333333333334,Positive
3311,2359.0,0.8817673434014119,False,0.0163905555300937,2359.0,0.0163905555300937,0.0,1193.5476132754259,0.9733333333333334,Positive
3312,2359.0,0.8759482133686562,False,0.016387356270655764,2359.0,0.016387356270655764,0.0,1210.01546006457,0.9733333333333334,Positive
3313,2349.0,0.9221123916683479,False,0.1766108618557647,2349.0,0.1766108618557647,0.0,1201.7083233116314,0.9733333333333334,Positive
3314,2359.0,0.8599026578170152,False,0.01638921341851395,2359.0,0.01638921341851395,0.0,1136.1525994590088,0.9733333333333334,Positive
3315,2359.0,0.8502555580907506,False,0.016407426602142842,2359.0,0.016407426602142842,0.0,1110.4920494721139,0.9733333333333334,Positive
3316,2365.0,0.46596562084079607,True,0.09073794191532056,2365.0,0.09073794191532056,0.0,1107.6219936771633,0.9733333333333334,Positive
3317,2359.0,0.8293707675818874,False,0.01646782173846288,2359.0,0.01646782173846288,0.0,1063.3966356057813,0.9733333333333334,Positive
3318,2359.0,0.8183360942488884,False,0.016534896727072864,2359.0,0.016534896727072864,0.0,1074.8281245385424,0.9733333333333334,Positive
3319,2280.0,0.8442768454551697,False,0.03772493739064985,2280.0,0.03772493739064985,0.0,1058.9458829540122,0.97,Positive
3320,2280.0,0.8294309377670288,False,0.03737747296340101,2280.0,0.03737747296340101,0.0,1051.3778719468746,0.9666666666666667,Positive
3321,2349.0,0.8912851397738341,False,0.17172972791588076,2349.0,0.17172972791588076,0.0,1014.2258441436114,0.9666666666666667,Positive
3322,2365.0,0.9743214845657349,False,0.05615531836486854,2349.0,0.062457276795449095,0.2562072687132148,959.2674257866659,0.9666666666666667,Positive
3323,2371.0,0.7691970522119161,False,0.027312329652766334,2371.0,0.027312329652766334,0.0,913.2693361708456,0.9666666666666667,Positive
3324,2371.0,0.7678898035782269,False,0.027319252692071826,2371.0,0.027319252692071826,0.0,884.8733038261635,0.9666666666666667,Positive
3325,2371.0,0.7694254102388547,False,0.027371372419519306,2371.0,0.027371372419519306,0.0,167.35730596275545,0.9666666666666667,Positive
3326,2359.0,0.759113123328398,False,0.01661131096950108,2359.0,0.01661131096950108,0.0,830.1368618984726,0.9666666666666667,Positive
3327,2280.0,0.8194963335990906,False,0.0368540421235255,2280.0,0.0368540421235255,0.0,834.3288530882207,0.9633333333333334,Positive
3328,2349.0,0.8937178508056135,False,0.16300757925087497,2349.0,0.16300757925087497,0.0,834.3637589835133,0.9633333333333334,Positive
3329,2349.0,0.897301202137693,False,0.16300915562840984,2349.0,0.16300915562840984,0.0,810.8746350060195,0.9633333333333334,Positive
3330,2371.0,0.7503400371548031,False,0.027797992757384527,2371.0,0.027797992757384527,0.0,787.5010876251297,0.9633333333333334,Positive
3331,2371.0,0.7498197390648857,False,0.027978138616710144,2371.0,0.027978138616710144,0.0,784.9718529506068,0.9633333333333334,Positive
3332,2371.0,0.8187812861413891,False,0.028148247753315175,2371.0,0.028148247753315175,0.0,780.9080488772506,0.9633333333333334,Positive
3333,2359.0,0.72558881325989,False,0.01699054749502937,2359.0,0.01699054749502937,0.0,779.6155534720605,0.9633333333333334,Positive
3334,2359.0,0.7222857176101041,False,0.017106327425407707,2359.0,0.017106327425407707,0.0,702.7296471119969,0.9633333333333334,Positive
3335,2280.0,0.6412275433540344,True,0.035148629543205495,2280.0,0.035148629543205495,0.0,757.8776522962027,0.9633333333333334,Positive
3336,2359.0,0.7148219405867231,False,0.017326969925389648,2359.0,0.017326969925389648,0.0,717.1654637387809,0.9633333333333334,Neutral
3337,2349.0,0.9034032823409001,False,0.1447241797025459,2349.0,0.1447241797025459,0.0,678.8609315069843,0.9633333333333334,Positive
3338,2371.0,0.7731125905538628,False,0.02987299213254861,2371.0,0.02987299213254861,0.0,653.0942968451097,0.9633333333333334,Positive
3339,2365.0,0.7080596492522168,False,0.042520992685454916,2349.0,0.04389366304319272,0.27434913593737853,654.2105957706021,0.9633333333333334,Positive
3340,2280.0,0.6386901140213013,True,0.03597046078308481,2280.0,0.03597046078308481,0.0,652.060803873208,0.9633333333333334,Positive
3341,2280.0,0.6594445109367371,False,0.036311373125303144,2280.0,0.036311373125303144,0.0,659.3401836666305,0.96,Neutral
3342,2280.0,0.6415801644325256,True,0.03595864613647231,2280.0,0.03595864613647231,0.0,672.052860556219,0.96,Neutral
3343,2280.0,0.5734280347824097,True,0.03599744250252341,2280.0,0.03599744250252341,0.0,654.5314623782103,0.96,Neutral
3344,2349.0,0.9110056284732434,False,0.13868736056077624,2349.0,0.13868736056077624,0.0,661.4407463345931,0.96,Positive
3345,2349.0,0.9098110507305499,False,0.14204055702672483,2349.0,0.14204055702672483,0.0,1383.9805421343272,0.96,Positive
3346,2371.0,0.6146750061928503,False,0.03366486716858828,2371.0,0.03366486716858828,0.0,1415.6894507295792,0.96,Positive
3347,2371.0,0.6070479652865173,False,0.03429321227722675,2371.0,0.03429321227722675,0.0,1439.214486866726,0.96,Positive
3348,2371.0,0.8982459795361875,False,0.03491767604556456,2371.0,0.03491767604556456,0.0,1429.0679729085919,0.96,Positive
3349,2371.0,0.6545400160944506,False,0.035566605454638724,2371.0,0.035566605454638724,0.0,1415.7234834261415,0.96,Positive
3350,2349.0,0.9185838847668906,False,0.1314616736070108,2349.0,0.1314616736070108,0.0,1479.8017476018974,0.96,Positive
3351,2399.0,0.7989216877806564,False,0.01587240403161276,2399.0,0.01587240403161276,0.0,1496.2583737993195,0.96,Positive
3352,2399.0,0.8052432063488191,False,0.01589982383304861,2399.0,0.01589982383304861,0.0,1499.3738873713228,0.96,Positive
3353,2349.0,0.9010764550715751,False,0.13567973873261052,2349.0,0.13567973873261052,0.0,1508.7250502762347,0.96,Positive
3354,2399.0,0.8149242608415104,False,0.015943446176749733,2399.0,0.015943446176749733,0.0,1590.690621009372,0.96,Positive
3355,2399.0,0.8224919408507354,False,0.0159443927387903,2399.0,0.0159443927387903,0.0,1641.9789057417274,0.96,Positive
3356,2399.0,0.8230491810731182,False,0.01596773015419244,2399.0,0.01596773015419244,0.0,1627.390367583596,0.96,Neutral
3357,2399.0,0.8240809105581399,False,0.01602503486680806,2399.0,0.01602503486680806,0.0,1588.8152079551646,0.96,Neutral
3358,2359.0,0.695658927041548,False,0.0201322708449431,2359.0,0.0201322708449431,0.0,1554.310019864905,0.96,Neutral
3359,2371.0,0.6742467880249023,False,0.043289938665329125,2371.0,0.043289938665329125,0.0,1543.5195163252617,0.96,Neutral
3360,2371.0,0.6705383658409119,False,0.0445783594383289,2371.0,0.0445783594383289,0.0,1526.2295923722775,0.96,Neutral
3361,2371.0,0.6681967377662659,False,0.04587284791467812,2371.0,0.04587284791467812,0.0,1524.8809448741827,0.96,Neutral
3362,2371.0,0.6940333626643498,False,0.04729715665112749,2371.0,0.04729715665112749,0.0,1517.952841867002,0.96,Neutral
3363,2399.0,0.844216435928297,False,0.016272698235622513,2399.0,0.016272698235622513,0.0,1506.4608903957946,0.96,Neutral
3364,2399.0,0.8418605279406707,False,0.016361142092098,2399.0,0.016361142092098,0.0,1480.3225478289082,0.96,Neutral
3365,2349.0,0.7969050274624391,False,0.10685226900173925,2349.0,0.10685226900173925,0.0,1470.9365284656342,0.96,Neutral
3366,2349.0,0.7901779985575793,False,0.10968589187566884,2349.0,0.10968589187566884,0.0,1440.8792617749787,0.96,Positive
3367,2359.0,0.703176309291367,False,0.021293711073712373,2359.0,0.021293711073712373,0.0,1430.4324214976375,0.96,Neutral
3368,2359.0,0.7033990369796886,False,0.021319039477166072,2359.0,0.021319039477166072,0.0,1449.4286968889264,0.96,Neutral
3369,2359.0,0.7044542494576886,False,0.021387396625106372,2359.0,0.021387396625106372,0.0,1432.9089052941094,0.96,Neutral
3370,2365.0,0.7495199823518655,False,0.03436320239965992,2365.0,0.03436320239965992,0.0,1446.6608446477946,0.96,Neutral
3371,2399.0,0.8428312411659136,False,0.016511117351039304,2399.0,0.016511117351039304,0.0,1442.6899869064155,0.96,Neutral
3372,2399.0,0.8431023929221897,False,0.016422840961143895,2399.0,0.016422840961143895,0.0,1433.334407806251,0.96,Neutral
3373,2359.0,0.7162406577667798,False,0.02103514340344027,2359.0,0.02103514340344027,0.0,1426.4184639035436,0.96,Neutral
3374,2349.0,0.7397535660690736,False,0.07636757538335084,2349.0,0.07636757538335084,0.0,1434.2531933959824,0.96,Neutral
3375,2349.0,0.7332621866162885,False,0.06863398585001487,2349.0,0.06863398585001487,0.0,1441.260720424898,0.96,Neutral
3376,2371.0,0.7523909937838937,False,0.06064145912203877,2371.0,0.06064145912203877,0.0,1402.9093358641314,0.96,Neutral
3377,2371.0,0.7500566012883193,False,0.061342213805294685,2371.0,0.061342213805294685,0.0,1436.0014008421056,0.96,Neutral
3378,2371.0,0.8130467612284916,False,0.06213028681390953,2371.0,0.06213028681390953,0.0,947.9895971307242,0.96,Neutral
3379,2371.0,0.7550294845977173,False,0.06319529481399613,2371.0,0.06319529481399613,0.0,1592.7569625047013,0.96,Neutral
3380,2371.0,0.7548324490725719,False,0.07386664996158707,2371.0,0.07386664996158707,0.0,1611.2992194367953,0.96,Positive
3381,2399.0,0.8368301564530409,False,0.016306180810382317,2399.0,0.016306180810382317,0.0,1589.0098009328476,0.96,Neutral
3382,2399.0,0.9728763993921153,False,0.016373294067904404,2399.0,0.016373294067904404,0.0,1619.025456025081,0.96,Neutral
3383,2399.0,0.8541155133637961,False,0.016474413675134084,2399.0,0.016474413675134084,0.0,1697.214793049044,0.96,Neutral
3384,2365.0,0.46418669841197224,True,0.029264286810335712,2371.0,0.030925654917865572,0.0,1731.574969641842,0.96,Neutral
3385,2359.0,0.8017169976528594,False,0.021525300458908537,2359.0,0.021525300458908537,0.0,505.6045428136468,0.96,Neutral
3386,2349.0,0.7359050417454289,False,0.04267155915340262,2349.0,0.04267155915340262,0.0,259.63508897425845,0.96,Neutral
3387,2349.0,0.7312421768360423,False,0.04336806645227382,2349.0,0.04336806645227382,0.0,517.6177262241198,0.96,Neutral
3388,2422.0,0.8366942699186236,False,0.029657660003859974,2422.0,0.029657660003859974,0.0,1819.5327314114522,0.96,Neutral
3389,2408.0,0.8128560781478882,False,0.21533762225776867,2408.0,0.21533762225776867,0.0,1853.8385409077273,0.9566666666666667,Positive
3390,2349.0,0.6165535244731352,False,0.07945876318795402,2438.0,0.19675720714302133,0.0,1876.5928793658663,0.9566666666666667,Positive
3391,2359.0,0.7218813300132751,False,0.023285386840703897,2359.0,0.023285386840703897,0.0,1882.0906335697236,0.9566666666666667,Positive
3392,2359.0,0.7746996283531189,False,0.023802788069285614,2359.0,0.023802788069285614,0.0,1902.8392035964494,0.9566666666666667,Positive
3393,2359.0,0.773657500743866,False,0.024181456988948295,2359.0,0.024181456988948295,0.0,1920.2810900989148,0.9566666666666667,Neutral
3394,2359.0,0.8256472945213318,False,0.024654446038102615,2359.0,0.024654446038102615,0.0,1950.9099987128316,0.9566666666666667,Neutral
3395,2359.0,0.8400671482086182,False,0.02524706321178087,2359.0,0.02524706321178087,0.0,1960.1145082403482,0.9566666666666667,Neutral
3396,2422.0,0.4160294532775879,True,0.031190705702952876,2422.0,0.031190705702952876,0.0,1960.3918684760197,0.9566666666666667,Neutral
3397,2399.0,0.8061424058226528,False,0.019953469708581122,2399.0,0.019953469708581122,0.0,2025.8436905755416,0.9566666666666667,Neutral
3398,2399.0,0.7087882260027814,False,0.020276203942154337,2399.0,0.020276203942154337,0.0,2031.9213851780814,0.9566666666666667,Neutral
3399,2399.0,0.8014408127824051,False,0.020659518212094264,2399.0,0.020659518212094264,0.0,2063.1458660719372,0.9566666666666667,Neutral
3400,2399.0,0.7954493390974832,False,0.020994249884285186,2399.0,0.020994249884285186,0.0,2128.3118557681473,0.9566666666666667,Neutral
3401,2399.0,0.7883571063878717,False,0.021397166425021204,2399.0,0.021397166425021204,0.0,1280.8868342918297,0.9566666666666667,Neutral
3402,2399.0,0.9931157071198747,False,0.021688545484278687,2399.0,0.021688545484278687,0.0,1565.1877547862637,0.9566666666666667,Neutral
3403,2399.0,0.8061859029901196,False,0.022011510381120036,2399.0,0.022011510381120036,0.0,1622.5652156125627,0.9566666666666667,Neutral
3404,2399.0,0.7667066430390335,False,0.022282136980943622,2399.0,0.022282136980943622,0.0,781.4414084630487,0.9566666666666667,Neutral
3405,2399.0,0.7644382021383928,False,0.022637387716185692,2399.0,0.022637387716185692,0.0,2329.334159252157,0.9566666666666667,Neutral
3406,2399.0,0.751857539974083,False,0.02304490003266987,2399.0,0.02304490003266987,0.0,824.9242332227303,0.9566666666666667,Neutral
3407,2399.0,0.7378727069013891,False,0.023505345054639328,2399.0,0.023505345054639328,0.0,2335.165451421615,0.9566666666666667,Neutral
3408,2399.0,0.727128975769923,False,0.023952800931493982,2399.0,0.023952800931493982,0.0,2337.482690578543,0.9566666666666667,Neutral
3409,2399.0,0.7138543549473645,False,0.024403590915325905,2399.0,0.024403590915325905,0.0,2370.012790091261,0.9566666666666667,Neutral
3410,2399.0,0.7111280605739249,False,0.02485045880252326,2399.0,0.02485045880252326,0.0,951.7158879211106,0.9566666666666667,Neutral
3411,2349.0,0.5833707861352819,False,0.1411998145995102,2349.0,0.1411998145995102,0.0,978.0448025100801,0.9566666666666667,Neutral
3412,2349.0,0.41018252917396825,True,0.14422586093039158,2474.0,0.21146653812208718,0.10445100462308064,2397.219104796869,0.9566666666666667,Neutral
3413,2474.0,0.7091783139910576,False,0.42781095430537297,2474.0,0.42781095430537297,0.0,2398.3499548176746,0.9566666666666667,Positive
3414,2359.0,0.6004528487634818,False,0.0326259442562533,2359.0,0.0326259442562533,0.0,1167.9210231904997,0.9566666666666667,Positive
3415,2359.0,0.6198848013887803,False,0.03296867463085109,2359.0,0.03296867463085109,0.0,2489.071041204133,0.9566666666666667,Positive
3416,2359.0,0.6148813138669176,False,0.033510207239792374,2359.0,0.033510207239792374,0.0,2322.2145583909946,0.9566666666666667,Positive
3417,2359.0,0.6101334891358073,False,0.03404825692125012,2359.0,0.03404825692125012,0.0,3643.7847782165754,0.9566666666666667,Positive
3418,2349.0,0.5806640988210728,False,0.1410384778879069,2474.0,0.17895700098609926,0.20524159694151237,3632.807377010961,0.9566666666666667,Positive
3419,2349.0,0.6069810742221818,False,0.14416402394740616,2474.0,0.1709222690696762,0.10134691569834997,2684.9543107699137,0.9566666666666667,Positive
3420,2349.0,0.46922593951487457,True,0.1535435618924749,2474.0,0.1611460905737102,0.2001933442299193,2670.773516437808,0.9566666666666667,Positive
3421,2349.0,0.5852925619109599,False,0.15978072307521507,2475.0,0.20278357434985353,0.08101805697705791,2674.6165539055173,0.9566666666666667,Positive
3422,2349.0,0.5920617542196956,False,0.16433698581000789,2349.0,0.16433698581000789,0.0,2660.1681058999525,0.9566666666666667,Positive
3423,2494.0,0.8035480206246363,False,0.029904062857938753,2494.0,0.029904062857938753,0.0,2649.0072702108305,0.9566666666666667,Positive
3424,2487.0,0.9707893589211954,False,0.017152781120051187,2487.0,0.017152781120051187,0.0,1666.1842621653193,0.9566666666666667,Positive
3425,2487.0,0.9346264326768919,False,0.01735608131616065,2487.0,0.01735608131616065,0.0,2335.853497556674,0.9566666666666667,Positive
3426,2487.0,0.9584521086659591,False,0.01752996829165291,2487.0,0.01752996829165291,0.0,3765.798872639178,0.9566666666666667,Positive
3427,2349.0,0.708691664919891,False,0.17148375604041144,2475.0,0.205045921514491,0.05297505207299367,2617.264447844257,0.9566666666666667,Positive
3428,2349.0,0.6550015483164849,False,0.17589074603702182,2475.0,0.20210273956125693,0.11197415575578713,3765.3107692744316,0.9566666666666667,Positive
3429,2349.0,0.6599035332792116,False,0.17871235217408146,2475.0,0.19645377103589137,0.11806155360447859,3674.4179097063316,0.9566666666666667,Positive
3430,2359.0,0.5767969399681041,False,0.0414036929961774,2475.0,0.05829775232190522,0.1580078049304945,3591.2909616614543,0.96,Positive
3431,2359.0,0.5690921822476909,False,0.041646117453423934,2475.0,0.061928291085988275,0.15532796218602365,3569.8969776229324,0.9633333333333334,Positive
3432,2475.0,0.6494660443966868,False,0.27952430287467345,2475.0,0.27952430287467345,0.0,2462.3475251169075,0.9633333333333334,Positive
3433,2422.0,0.7363154031014137,False,0.02842912931931182,2422.0,0.02842912931931182,0.0,3495.1073354884134,0.9633333333333334,Positive
3434,2513.0,0.734404728460699,False,0.174318664704321,2475.0,0.17954982480430656,0.12858926213143249,2472.0326389471816,0.9633333333333334,Positive
3435,2349.0,0.6384124322297837,False,0.18292813121420373,2349.0,0.18292813121420373,0.0,2524.8036782312793,0.9633333333333334,Positive
3436,2475.0,0.650154688518753,False,0.24538439729826045,2475.0,0.24538439729826045,0.0,3390.5395497156705,0.9633333333333334,Positive
3437,2359.0,0.7666758445055328,False,0.04262462185884318,2475.0,0.07147605934388056,0.14119239645014292,2453.864766250349,0.9633333333333334,Positive
3438,2359.0,0.71821418117976,False,0.04332541388985034,2475.0,0.07628216050935074,0.13877129898338975,2465.227326183108,0.9633333333333334,Positive
3439,2475.0,0.6289739905682081,False,0.2602887952720475,2475.0,0.2602887952720475,0.0,2464.373887465887,0.9633333333333334,Positive
3440,2487.0,0.8275046903516036,False,0.01974151826853692,2487.0,0.01974151826853692,0.0,2459.1355533009764,0.9633333333333334,Positive
3441,2513.0,0.6393707742172466,False,0.17138449812582968,2513.0,0.17138449812582968,0.0,2401.4075102004804,0.9633333333333334,Positive
3442,2359.0,0.5826315421878888,False,0.04508390329124145,2475.0,0.08807100524254026,0.2604305875590325,2338.0428198989475,0.9633333333333334,Positive
3443,2513.0,0.3986079977813899,True,0.17568892653954898,2349.0,0.18208722918943498,0.006700230425876441,2266.251134637461,0.9633333333333334,Positive
3444,2475.0,0.6349126116562067,False,0.24762014112020864,2475.0,0.24762014112020864,0.0,2243.2874017580307,0.9666666666666667,Positive
3445,2475.0,0.7221787731082151,False,0.2577292698225939,2475.0,0.2577292698225939,0.0,2279.078427168608,0.97,Positive
3446,2475.0,0.690239193535549,False,0.2647013461413103,2475.0,0.2647013461413103,0.0,2280.4429465438225,0.97,Positive
3447,2475.0,0.6300077818494837,False,0.2662810837997194,2475.0,0.2662810837997194,0.0,2250.8671432496913,0.97,Positive
3448,2475.0,0.7220477396237159,False,0.26344906587039396,2475.0,0.26344906587039396,0.0,2216.0518240696356,0.97,Positive
3449,2475.0,0.7178525562489946,False,0.2562449112591972,2475.0,0.2562449112591972,0.0,2167.0920410662925,0.97,Positive
3450,2487.0,0.6709203056828387,False,0.021878598272708598,2487.0,0.021878598272708598,0.0,2124.9592576058817,0.97,Positive
3451,2359.0,0.8800032138824463,False,0.04739527268801378,2475.0,0.10425399385794908,0.11699007077656583,2118.633010278825,0.97,Positive
3452,2475.0,0.6590423846924416,False,0.2556873205402901,2475.0,0.2556873205402901,0.0,2120.65666346402,0.97,Positive
3453,2475.0,0.6839794513062465,False,0.2494335196186725,2475.0,0.2494335196186725,0.0,1406.5656644829003,0.97,Positive
3454,2475.0,0.8549256324768066,False,0.23650339121203107,2475.0,0.23650339121203107,0.0,1442.176588949517,0.97,Positive
3455,2475.0,0.7388905539251049,False,0.22282090161067186,2475.0,0.22282090161067186,0.0,474.9678211044248,0.97,Positive
3456,2349.0,0.7424309151527689,False,0.18820055729003426,2349.0,0.18820055729003426,0.0,447.3980796757719,0.97,Positive
3457,2475.0,0.7057518996487069,False,0.19213493454800776,2475.0,0.19213493454800776,0.0,1169.8493718809655,0.97,Positive
3458,2422.0,0.6465762843184699,False,0.0256168718533815,2422.0,0.0256168718533815,0.0,2819.005653287225,0.97,Positive
3459,2475.0,0.6501942082478658,False,0.168167568215152,2475.0,0.168167568215152,0.0,3279.0070420675843,0.97,Positive
3460,2475.0,0.6359093952831402,False,0.15306637357948977,2475.0,0.15306637357948977,0.0,3477.45076447396,0.97,Positive
3461,2349.0,0.7383475958060302,False,0.19766761792935572,2349.0,0.19766761792935572,0.0,3315.1231636644447,0.97,Positive
3462,2422.0,0.5876130208496898,False,0.024233278937759783,2422.0,0.024233278937759783,0.0,2226.9444614158047,0.97,Positive
3463,2349.0,0.7705993084618747,False,0.2006840352512137,2349.0,0.2006840352512137,0.0,2187.327221143347,0.97,Positive
3464,2349.0,0.7808839769170102,False,0.2029665267436371,2349.0,0.2029665267436371,0.0,2203.8662351604703,0.97,Positive
3465,2475.0,0.6077926987908843,False,0.07313650467233733,2349.0,0.08472277710603303,0.3527010526886164,1857.4223727578992,0.97,Positive
3466,2475.0,0.596783912695778,False,0.06299009889103808,2349.0,0.08260059485996862,0.3538708491203984,2965.362286584588,0.97,Positive
3467,2349.0,0.6953772722219915,False,0.1995686941852622,2349.0,0.1995686941852622,0.0,1769.0300266182294,0.97,Positive
3468,2349.0,0.612328525717234,False,0.2029443518092765,2349.0,0.2029443518092765,0.0,3226.2247925363527,0.97,Positive
3469,2422.0,0.6951422425471527,False,0.022263320951881646,2422.0,0.022263320951881646,0.0,3256.7999388408043,0.97,Positive
3470,2422.0,0.5005303529897827,True,0.022103749727983957,2422.0,0.022103749727983957,0.0,2528.3214605028707,0.97,Positive
3471,2475.0,0.5946150152354105,False,0.05385793443607463,2349.0,0.08074956875755265,0.3751437588053527,2451.622524762624,0.97,Positive
3472,2475.0,0.5909152581791356,False,0.05324822886403969,2349.0,0.08134983251397708,0.12538008201649334,2411.8678001862595,0.97,Positive
3473,2548.0,0.4868384874742402,True,0.38197838085211483,2548.0,0.38197838085211483,0.0,2390.822141379601,0.97,Positive
3474,2571.0,0.5041053640777651,True,0.02324251136393116,2571.0,0.02324251136393116,0.0,2378.5634282896494,0.97,Positive
3475,2475.0,0.593610195744273,False,0.050756408457670085,2349.0,0.07864790131095208,0.25584252788451617,2368.297572563269,0.97,Positive
3476,2349.0,0.6044804727571299,False,0.2186917002364297,2548.0,0.24296719597573663,0.3895859664971306,2350.4196137771855,0.97,Positive
3477,2571.0,0.5278179425865901,True,0.024219473268034343,2571.0,0.024219473268034343,0.0,2301.9945784158044,0.97,Positive
3478,2571.0,0.5348106424730005,True,0.024572837185509996,2571.0,0.024572837185509996,0.0,2321.126646388504,0.97,Positive
3479,2475.0,0.6544377292158762,False,0.048163962279468585,2349.0,0.0744316895769621,0.26736670851151867,2326.019681683424,0.97,Positive
3480,2422.0,0.5505393667550796,False,0.020791129740611338,2422.0,0.020791129740611338,0.0,2347.6898816379394,0.97,Positive
3481,2422.0,0.5570817678608017,False,0.020699698376927513,2422.0,0.020699698376927513,0.0,2342.7388194192076,0.97,Positive
3482,2422.0,0.565482369441742,False,0.020549408089593695,2422.0,0.020549408089593695,0.0,2369.341468479302,0.97,Positive
3483,2571.0,0.5331762197321623,True,0.026279217391186147,2571.0,0.026279217391186147,0.0,2369.499918672779,0.97,Positive
3484,2422.0,0.5829238480547163,False,0.020238221065193147,2422.0,0.020238221065193147,0.0,2390.4099389599337,0.97,Positive
3485,2422.0,0.5956546952451475,False,0.020100561625496127,2422.0,0.020100561625496127,0.0,2393.8540638278328,0.97,Positive
3486,2422.0,0.6087813735951969,False,0.01998117784436483,2422.0,0.01998117784436483,0.0,2380.991946664158,0.97,Positive
3487,2422.0,0.6212743303180023,False,0.019883480680656786,2422.0,0.019883480680656786,0.0,2378.40427819631,0.97,Positive
3488,2422.0,0.6559604816831963,False,0.019832537431184367,2422.0,0.019832537431184367,0.0,2379.718252511466,0.97,Positive
3489,2475.0,0.6081134520611309,False,0.03960646625931542,2349.0,0.052999415288184165,0.3077887124194844,2543.216675874283,0.97,Positive
3490,2475.0,0.6559812744805058,False,0.03900675724773472,2349.0,0.050736224478280835,0.15571874290115573,3673.320987117138,0.97,Positive
3491,2571.0,0.5998600391410305,False,0.03003029799023077,2571.0,0.03003029799023077,0.0,2155.594054632651,0.97,Neutral
3492,2422.0,0.7192588196073499,False,0.019328381616398375,2422.0,0.019328381616398375,0.0,2560.147284617539,0.97,Neutral
3493,2571.0,0.5825036169973926,False,0.031012568555008665,2571.0,0.031012568555008665,0.0,2541.2784563168293,0.97,Neutral
3494,2422.0,0.7448143925987342,False,0.0191666173986392,2422.0,0.0191666173986392,0.0,2536.1508712060495,0.97,Neutral
3495,2422.0,0.7540966219499817,False,0.019114252273260086,2422.0,0.019114252273260086,0.0,2530.9542439947795,0.97,Neutral
3496,2528.0,0.8000726103782654,False,0.023057985730546342,2528.0,0.023057985730546342,0.0,2545.7076217891527,0.9666666666666667,Neutral
3497,2475.0,0.6458014683653935,False,0.03449463485796063,2475.0,0.03449463485796063,0.0,2571.142222646022,0.9666666666666667,Neutral
3498,2349.0,0.634686119387626,False,0.23262760894930234,2596.0,0.35968710164885154,0.14216195857431152,2601.6196843939792,0.9666666666666667,Positive
3499,2571.0,0.8101629736982606,False,0.03395929925548615,2571.0,0.03395929925548615,0.0,1103.4730649634694,0.9666666666666667,Positive
3500,2571.0,0.3833555513201042,True,0.034926595185439946,2571.0,0.034926595185439946,0.0,1144.329973335177,0.9666666666666667,Positive
3501,2571.0,0.5443357685779747,True,0.035935875010563,2571.0,0.035935875010563,0.0,736.2589910712079,0.9666666666666667,Positive
3502,2571.0,0.5681154483397653,False,0.03703855748891089,2349.0,0.03880276154634649,0.16805063868149622,1157.414267112587,0.9666666666666667,Neutral
3503,2571.0,0.46144608585224967,True,0.03820566972972736,2349.0,0.04613307572137146,0.3232462846721475,1175.9889637467459,0.9666666666666667,Neutral
3504,2475.0,0.5795489131515951,False,0.03228419569426832,2475.0,0.03228419569426832,0.0,1170.7222201847935,0.9666666666666667,Neutral
3505,2349.0,0.6765546479072437,False,0.25056571659930704,2596.0,0.34618709325987984,0.07008328101897053,1177.2607892897431,0.9666666666666667,Positive
3506,2349.0,0.6832340162427865,False,0.2552192197498141,2596.0,0.34875226157402217,0.07098743843543046,1195.106673554586,0.9666666666666667,Positive
3507,2422.0,0.8086169738335387,False,0.019428838949854664,2422.0,0.019428838949854664,0.0,1190.5938576458707,0.9666666666666667,Positive
3508,2422.0,0.8087405977752214,False,0.019533127430396764,2422.0,0.019533127430396764,0.0,1191.5287756941889,0.9666666666666667,Positive
3509,2349.0,0.7186634333293948,False,0.2813930811566742,2596.0,0.34021486524246153,0.07173722189880298,1185.1620028645093,0.9666666666666667,Positive
3510,2422.0,0.8023771679971061,False,0.01982174721421479,2422.0,0.01982174721421479,0.0,838.0696955995659,0.9666666666666667,Positive
3511,2571.0,0.7254430212147545,False,0.0503992072378663,2349.0,0.10567768036476904,0.1279582885645724,1172.3964369489263,0.9666666666666667,Positive
3512,2422.0,0.7985052144097039,False,0.02010140821309638,2422.0,0.02010140821309638,0.0,827.2666597399568,0.9666666666666667,Positive
3513,2475.0,0.5678496107447802,False,0.03001901632706446,2475.0,0.03001901632706446,0.0,1162.4447166730731,0.9666666666666667,Positive
3514,2349.0,0.6970047317663076,False,0.3184173791550848,2596.0,0.32803597760727493,0.0,1153.494631077919,0.9666666666666667,Positive
3515,2349.0,0.6973332173969344,False,0.3253648142216644,2349.0,0.3253648142216644,0.0,1152.7420474363807,0.9666666666666667,Positive
3516,2349.0,0.758609657991528,False,0.3306856106759093,2349.0,0.3306856106759093,0.0,808.2162617065816,0.9666666666666667,Positive
3517,2422.0,0.869551168303157,False,0.020735699587405673,2422.0,0.020735699587405673,0.0,1177.9016624298379,0.9666666666666667,Positive
3518,2422.0,0.8594381461695149,False,0.02092559479766119,2422.0,0.02092559479766119,0.0,1186.2151537352088,0.9666666666666667,Positive
3519,2571.0,0.800206271330331,False,0.06272102736416389,2349.0,0.15953697467531114,0.0,1196.2153341199382,0.9666666666666667,Positive
3520,2571.0,0.8316800522307419,False,0.07450009275360758,2349.0,0.16580370130138877,0.0,1198.0606110518806,0.9666666666666667,Positive
3521,2571.0,0.7343724350817594,False,0.08577433659953103,2349.0,0.17337906796066616,0.10261396951663933,1219.9007918608713,0.9666666666666667,Positive
3522,2349.0,0.6675993386852367,False,0.36214041090597004,2349.0,0.36214041090597004,0.0,1314.2934998984445,0.9666666666666667,Positive
3523,2349.0,0.6637539192253185,False,0.3682237087964296,2349.0,0.3682237087964296,0.0,1333.414693475061,0.9666666666666667,Positive
3524,2349.0,0.7291510491886952,False,0.37523461165163197,2349.0,0.37523461165163197,0.0,1241.7441286691085,0.9666666666666667,Positive
3525,2422.0,0.7749593976247451,False,0.021686626931852894,2422.0,0.021686626931852894,0.0,1198.4237996929191,0.97,Positive
3526,2596.0,0.7042198539463528,False,0.47352632084950846,2596.0,0.47352632084950846,0.0,1149.6891460964155,0.9733333333333334,Positive
3527,2422.0,0.7402317645616946,False,0.02189381829236102,2422.0,0.02189381829236102,0.0,1141.9421414146682,0.9766666666666667,Positive
3528,2642.0,0.7991178914195095,False,0.06470580716513095,2349.0,0.1924785236275379,0.0,1107.2894118879549,0.9766666666666667,Positive
3529,2642.0,0.7737975953851407,False,0.06424009933082056,2349.0,0.19302883296359213,0.09555814868573065,1068.144969348901,0.9766666666666667,Positive
3530,2349.0,0.6385004201188084,False,0.36292618019187906,2349.0,0.36292618019187906,0.0,1095.4632456776396,0.9766666666666667,Positive
3531,2642.0,0.6656220555305481,False,0.06063964309565469,2349.0,0.19003028144538275,0.09302245300383559,1043.4007086538509,0.9766666666666667,Positive
3532,2642.0,0.7479380542303491,False,0.06001682465744137,2349.0,0.18891158014471246,0.09169887981815737,1037.9626729702645,0.9766666666666667,Positive
3533,2349.0,0.4322132842715721,True,0.3398725547578895,2349.0,0.3398725547578895,0.0,1027.5488346228624,0.9766666666666667,Positive
3534,2642.0,0.7556620959148247,False,0.058701417274820686,2349.0,0.18189647137089393,0.0,928.9836724556209,0.9766666666666667,Positive
3535,2349.0,0.6296937352181255,False,0.3142310529053306,2658.0,0.39646483031845686,0.0855966076121959,921.7672750116049,0.9766666666666667,Positive
3536,2642.0,0.7084978875288243,False,0.05737880651723098,2658.0,0.1914413960746704,0.1467567224132041,915.9671814531392,0.9766666666666667,Positive
3537,2349.0,0.708988181635661,False,0.2933595390127088,2596.0,0.40169120582123885,0.08867546816459478,910.3097087551413,0.9766666666666667,Positive
3538,2349.0,0.6964072870945033,False,0.284762989940439,2596.0,0.424939876651261,0.08867144915300738,295.5781858821347,0.9766666666666667,Positive
3539,2349.0,0.7059338213475793,False,0.2800547095424403,2596.0,0.44247916696955875,0.08902907600116855,288.89461602049505,0.9766666666666667,Positive
3540,2349.0,0.6294830504289464,False,0.27456773823809144,2596.0,0.45414874931144344,0.089832959304644,298.8235980015312,0.9766666666666667,Positive
3541,2349.0,0.7058965933629467,False,0.2663606332473671,2596.0,0.4730644743358192,0.09022661029307255,296.0740894655285,0.9766666666666667,Positive
3542,2596.0,0.729160029250847,False,0.9228288295140107,2596.0,0.9228288295140107,0.0,914.1790238226074,0.9766666666666667,Positive
3543,2596.0,0.7270707525960001,False,0.95,2596.0,0.95,0.0,937.8547260858852,0.9766666666666667,Positive
3544,2626.0,0.9901750087738037,False,0.028212667401361555,2626.0,0.028212667401361555,0.0,293.07600782372225,0.9733333333333334,Positive
3545,2349.0,0.6372894096188637,False,0.19912281676711557,2596.0,0.5050739954353353,0.09366863253992941,964.4430709721812,0.9733333333333334,Positive
3546,2626.0,0.8609947562217712,False,0.02810559097586731,2626.0,0.02810559097586731,0.0,805.62955096155,0.97,Positive
3547,2626.0,0.7268943786621094,False,0.027931614765781588,2626.0,0.027931614765781588,0.0,277.18173011750866,0.9666666666666667,Positive
3548,2642.0,0.8792206048965454,False,0.05033373622105269,2596.0,0.3230037069841178,0.131999219582291,1178.48333561651,0.9666666666666667,Positive
3549,2642.0,0.9032920002937317,False,0.0493945277837093,2596.0,0.28990766792248823,0.130086173520533,721.4404037872821,0.9666666666666667,Positive
3550,2642.0,0.6831773519515991,False,0.04847815501171964,2596.0,0.261696876085144,0.12812158903264848,716.1428568088572,0.9666666666666667,Positive
3551,2596.0,0.7159878518543891,False,0.6467165555769363,2596.0,0.6467165555769363,0.0,705.9993507042614,0.9666666666666667,Positive
3552,2642.0,0.6723574256776683,False,0.046754389506184615,2596.0,0.2228371401901186,0.0,803.2416160706908,0.9666666666666667,Positive
3553,2596.0,0.7713175239175847,False,0.5032388449152194,2596.0,0.5032388449152194,0.0,1175.7061845736334,0.9666666666666667,Positive
3554,2349.0,0.6490562674700725,False,0.053962111842251796,2596.0,0.23866045922402684,0.09336093679766776,1051.11559752972,0.9666666666666667,Positive
3555,2349.0,0.6542773756600604,False,0.05119740871749816,2596.0,0.20929048124893174,0.0,1194.4430311290098,0.9666666666666667,Positive
3556,2475.0,0.983819568088531,False,0.018244349522057272,2475.0,0.018244349522057272,0.0,1206.6407840734953,0.9666666666666667,Positive
3557,2349.0,0.6340733863623366,False,0.04708234126826184,2596.0,0.1579438358865323,0.0,1230.4601255686457,0.9666666666666667,Positive
3558,2349.0,0.6291434571944606,False,0.045346956011484064,2596.0,0.1325970369549924,0.0904878632198125,1013.380229096108,0.9666666666666667,Positive
3559,2349.0,0.6204793360634615,False,0.04383452082433012,2596.0,0.10660952066431592,0.0,1262.5819809329446,0.9666666666666667,Positive
3560,2349.0,0.6199956316228554,False,0.042516196714799316,2596.0,0.08012712728236318,0.0,1171.3025552788247,0.9666666666666667,Positive
3561,2349.0,0.5959603787739112,False,0.04122152173948202,2596.0,0.05179667044673366,0.0,1233.1544588619117,0.9666666666666667,Positive
3562,2349.0,0.6021887780820955,False,0.04008055998249959,2349.0,0.04008055998249959,0.0,1152.3082648945626,0.9666666666666667,Positive
3563,2349.0,0.5836646534334031,False,0.039029928654838536,2349.0,0.039029928654838536,0.0,1256.950351081915,0.9666666666666667,Positive
3564,2596.0,0.48386695981025696,True,0.05152481107717036,2596.0,0.05152481107717036,0.0,1161.4665042084775,0.9666666666666667,Positive
3565,2349.0,0.5849607294143604,False,0.03707726654609889,2349.0,0.03707726654609889,0.0,1164.6420344218031,0.9666666666666667,Positive
3566,2475.0,0.9882628084686959,False,0.015300589518775665,2475.0,0.015300589518775665,0.0,1164.038488625471,0.9666666666666667,Positive
3567,2349.0,0.580843527322961,False,0.03545785306724132,2349.0,0.03545785306724132,0.0,1186.505133117114,0.9666666666666667,Positive
3568,2349.0,0.5735755690364145,False,0.034773392618128715,2349.0,0.034773392618128715,0.0,1238.8662668284924,0.9666666666666667,Positive
3569,2475.0,0.9851844597622454,False,0.014838804461064007,2475.0,0.014838804461064007,0.0,1264.0748888203264,0.9666666666666667,Positive
3570,2349.0,0.6921897669043967,False,0.033679450190504626,2349.0,0.033679450190504626,0.0,1248.973764653508,0.9666666666666667,Positive
3571,2349.0,0.5379926433168086,True,0.03328274841335295,2349.0,0.03328274841335295,0.0,1244.1970649045443,0.9666666666666667,Positive
3572,2349.0,0.7539701035660822,False,0.03298802725985072,2349.0,0.03298802725985072,0.0,4540.378863858608,0.9666666666666667,Positive
3573,2349.0,0.6429117662885053,False,0.032803177493251075,2349.0,0.032803177493251075,0.0,4518.98940027723,0.9666666666666667,Positive
3574,2349.0,0.5324048108632181,True,0.032675954068055124,2349.0,0.032675954068055124,0.0,4485.949639543168,0.9666666666666667,Positive
3575,2642.0,0.6719394893248243,False,0.025880927883301437,2642.0,0.025880927883301437,0.0,4468.044607647507,0.9666666666666667,Positive
3576,2642.0,0.6668412305341236,False,0.025870948640326994,2642.0,0.025870948640326994,0.0,895.1852527162783,0.9666666666666667,Positive
3577,2693.0,0.8297065634884646,False,0.512479925607389,2693.0,0.512479925607389,0.0,856.7999491505434,0.9666666666666667,Positive
3578,2642.0,0.6498011000666095,False,0.025934046129181883,2642.0,0.025934046129181883,0.0,819.6668112555044,0.9666666666666667,Positive
3579,2642.0,0.6087952538108224,False,0.025973845272686535,2642.0,0.025973845272686535,0.0,883.5897207054119,0.9666666666666667,Positive
3580,2475.0,0.9682079178151966,False,0.015184643817517727,2475.0,0.015184643817517727,0.0,868.6474264888031,0.9666666666666667,Positive
3581,2693.0,0.8076035823852294,False,0.95,2693.0,0.95,0.0,1465.1497219314995,0.9666666666666667,Positive
3582,2693.0,0.8193747841352996,False,0.95,2693.0,0.95,0.0,1409.742481352584,0.9666666666666667,Positive
3583,2693.0,0.8111944649052669,False,0.95,2693.0,0.95,0.0,1370.2121714261575,0.9666666666666667,Positive
3584,2693.0,0.8091782615697569,False,0.95,2693.0,0.95,0.0,1345.6354608465795,0.9666666666666667,Positive
3585,2642.0,0.530470505124166,True,0.026530424122074098,2642.0,0.026530424122074098,0.0,1249.7733014458972,0.9666666666666667,Positive
3586,2693.0,0.8058660299908826,False,0.9440752742747267,2693.0,0.9440752742747267,0.0,1293.9448747492904,0.9666666666666667,Positive
3587,2693.0,0.8074156846339583,False,0.8497581141954424,2693.0,0.8497581141954424,0.0,1270.6374158736098,0.9666666666666667,Positive
3588,2475.0,0.9075794361783831,False,0.017472863323466255,2475.0,0.017472863323466255,0.0,1264.4958254864328,0.9666666666666667,Positive
3589,2475.0,0.7571899603914068,False,0.01772203864869951,2475.0,0.01772203864869951,0.0,1212.5125421603448,0.9666666666666667,Positive
3590,2693.0,0.8049864676713762,False,0.6959609632244668,2693.0,0.6959609632244668,0.0,464.13554761416043,0.9666666666666667,Positive
3591,2693.0,0.8037598115661654,False,0.662753997407258,2693.0,0.662753997407258,0.0,458.1716831386954,0.9666666666666667,Positive
3592,2693.0,0.7976348842072,False,0.6356091958694707,2693.0,0.6356091958694707,0.0,451.53441489727675,0.9666666666666667,Positive
3593,2693.0,0.7980861402930293,False,0.6118904649661127,2693.0,0.6118904649661127,0.0,434.1976533800374,0.9666666666666667,Positive
3594,2693.0,0.803612340924884,False,0.5924054634764628,2693.0,0.5924054634764628,0.0,324.1720705939832,0.9666666666666667,Positive
3595,2475.0,0.9734910172596144,False,0.019431424584029907,2475.0,0.019431424584029907,0.0,301.37085720838627,0.9666666666666667,Positive
3596,2475.0,0.9695519068464596,False,0.01968494468576947,2475.0,0.01968494468576947,0.0,284.5186510556509,0.9666666666666667,Positive
3597,2693.0,0.7954174128555868,False,0.5261110777589268,2693.0,0.5261110777589268,0.0,432.72002995989044,0.9666666666666667,Positive
3598,2475.0,0.7537254192140775,False,0.02022844603123737,2475.0,0.02022844603123737,0.0,421.1668450102071,0.9666666666666667,Positive
3599,2693.0,0.7956985740551065,False,0.4720346512474607,2693.0,0.4720346512474607,0.0,404.8975973117256,0.9666666666666667,Positive
3600,2693.0,0.7932374182678185,False,0.4428398383966218,2693.0,0.4428398383966218,0.0,381.1874612143634,0.9666666666666667,Positive
3601,2693.0,0.7927003179446982,False,0.4142251907050094,2693.0,0.4142251907050094,0.0,355.7869719089378,0.9666666666666667,Positive
3602,2693.0,0.7893058950071474,False,0.3871045121700535,2693.0,0.3871045121700535,0.0,335.9390567686785,0.9666666666666667,Positive
3603,2693.0,0.7862887751303542,False,0.3609219361787825,2693.0,0.3609219361787825,0.0,965.3214478972278,0.9666666666666667,Positive
3604,2693.0,0.785129373858938,False,0.3391492740751519,2693.0,0.3391492740751519,0.0,674.8379839543929,0.9666666666666667,Positive
3605,2693.0,0.7847961078702513,False,0.31572320862410297,2693.0,0.31572320862410297,0.0,925.2449947872942,0.9666666666666667,Positive
3606,2693.0,0.7840038331601588,False,0.29189068926982137,2693.0,0.29189068926982137,0.0,866.1973434064707,0.9666666666666667,Positive
3607,2693.0,0.7842054745587612,False,0.26603047237726624,2693.0,0.26603047237726624,0.0,810.9204762506656,0.9666666666666667,Positive
3608,2693.0,0.7831719972431842,False,0.24274673829362148,2693.0,0.24274673829362148,0.0,770.8501733266245,0.9666666666666667,Positive
3609,2693.0,0.7803851961012219,False,0.21678749119175716,2693.0,0.21678749119175716,0.0,686.7317041829848,0.9666666666666667,Positive
3610,2728.0,0.6500720653168119,False,0.03942041616952739,2728.0,0.03942041616952739,0.0,199.57726707230313,0.9666666666666667,Positive
3611,2728.0,0.5849203463659939,False,0.04034113544832535,2728.0,0.04034113544832535,0.0,182.9302812748097,0.9666666666666667,Positive
3612,2728.0,0.619290250943201,False,0.041498192125981326,2728.0,0.041498192125981326,0.0,127.67280632417032,0.9666666666666667,Positive
3613,2728.0,0.6833028618402655,False,0.04261375837638737,2728.0,0.04261375837638737,0.0,0.0,0.9666666666666667,Positive
3614,2728.0,0.609179525111883,False,0.04400339471774186,2728.0,0.04400339471774186,0.0,178.86085645463467,0.9666666666666667,Positive
3615,2728.0,0.617971457140978,False,0.04527596381742264,2728.0,0.04527596381742264,0.0,173.92813609604212,0.9666666666666667,Positive
3616,2728.0,0.7167501389536214,False,0.04674793847365519,2728.0,0.04674793847365519,0.0,0.0,0.9666666666666667,Positive
3617,2728.0,0.694295577588622,False,0.04834961951566134,2728.0,0.04834961951566134,0.0,166.37246319552807,0.9666666666666667,Positive
3618,2728.0,0.7385199957060706,False,0.049827242666325385,2728.0,0.049827242666325385,0.0,0.0,0.9666666666666667,Positive
3619,2349.0,0.6646992685677731,False,0.036648941116646315,2349.0,0.036648941116646315,0.0,159.0790988938506,0.9666666666666667,Positive
3620,2728.0,0.7579891214967924,False,0.053062660318194135,2728.0,0.053062660318194135,0.0,0.0,0.9666666666666667,Positive
3621,2349.0,0.583165416146495,False,0.03685885853958536,2349.0,0.03685885853958536,0.0,152.8007803516785,0.9666666666666667,Positive
3622,2780.0,1.0,False,0.018114777103244804,2780.0,0.018114777103244804,0.0,0.0,0.9633333333333334,Positive
3623,2782.0,0.9966145157814026,False,0.01,2782.0,0.01,0.0,0.0,0.9633333333333334,Positive
3624,2783.0,0.6527312994003296,False,0.04919690201338838,2783.0,0.04919690201338838,0.0,2584.4484763385385,0.9633333333333334,Positive
3625,2783.0,0.5990732312202454,True,0.04980125753185866,2783.0,0.04980125753185866,0.0,0.0,0.9633333333333334,Positive
3626,2783.0,0.598375678062439,True,0.050351833758077134,2783.0,0.050351833758077134,0.0,0.0,0.9633333333333334,Positive
3627,2783.0,0.6296926736831665,True,0.04966721223198214,2783.0,0.04966721223198214,0.0,0.0,0.9633333333333334,Positive
3628,2783.0,0.6179253458976746,True,0.04859092366835036,2783.0,0.04859092366835036,0.0,0.0,0.9633333333333334,Positive
3629,2783.0,0.6162182092666626,True,0.04844103858352163,2783.0,0.04844103858352163,0.0,0.0,0.9633333333333334,Positive
3630,2783.0,0.612628698348999,True,0.04870719079154565,2783.0,0.04870719079154565,0.0,0.0,0.9633333333333334,Positive
3631,2783.0,0.6210613250732422,True,0.04928534858650656,2783.0,0.04928534858650656,0.0,0.0,0.9633333333333334,Positive
3632,2783.0,0.6113247871398926,True,0.049625321695131695,2783.0,0.049625321695131695,0.0,0.0,0.9633333333333334,Positive
3633,2783.0,0.8283633109706192,False,0.048789388845438514,2783.0,0.048789388845438514,0.0,0.0,0.9666666666666667,Positive
3634,2783.0,0.5692072510719299,True,0.04550563360090254,2783.0,0.04550563360090254,0.0,0.0,0.9666666666666667,Positive
3635,2783.0,0.5785395503044128,True,0.04546640805304685,2783.0,0.04546640805304685,0.0,0.0,0.9666666666666667,Positive
3636,2783.0,0.5352941751480103,True,0.04652559734099762,2783.0,0.04652559734099762,0.0,0.0,0.9666666666666667,Positive
3637,2783.0,0.46358153223991394,True,0.04892281982768845,2783.0,0.04892281982768845,0.0,0.0,0.9666666666666667,Positive
3638,2783.0,0.40416908264160156,True,0.05060156252091982,2783.0,0.05060156252091982,0.0,0.0,0.9666666666666667,Positive
3639,2784.0,0.4220207631587982,True,0.03776649602124208,2784.0,0.03776649602124208,0.0,0.0,0.9666666666666667,Positive
3640,2784.0,0.43271535634994507,True,0.0381382240229947,2784.0,0.0381382240229947,0.0,0.0,0.9666666666666667,Positive
3641,2784.0,0.47567233443260193,True,0.03829215295872046,2784.0,0.03829215295872046,0.0,0.0,0.9666666666666667,Positive
3642,2784.0,0.4728843569755554,True,0.03834412202803335,2784.0,0.03834412202803335,0.0,0.0,0.9666666666666667,Positive
3643,2783.0,0.8073879808124971,False,0.05121203030988325,2783.0,0.05121203030988325,0.0,0.0,0.9666666666666667,Positive
3644,2783.0,0.801502663949597,False,0.05452678990875605,2783.0,0.05452678990875605,0.0,0.0,0.9666666666666667,Positive
3645,2783.0,0.7947716750449905,False,0.055286334478573666,2783.0,0.055286334478573666,0.0,0.0,0.9666666666666667,Positive
3646,2783.0,0.7874281803018677,False,0.0589046456171468,2783.0,0.0589046456171468,0.0,0.0,0.9666666666666667,Positive
3647,2783.0,0.7874094398388662,False,0.06908254553399007,2783.0,0.06908254553399007,0.0,0.0,0.9666666666666667,Positive
3648,2784.0,0.5046374797821045,True,0.04035715140723193,2784.0,0.04035715140723193,0.0,0.0,0.9666666666666667,Positive
3649,2784.0,0.4743351638317108,True,0.04089054040307381,2784.0,0.04089054040307381,0.0,0.0,0.9666666666666667,Positive
3650,2784.0,0.43057718873023987,True,0.04136245139849546,2784.0,0.04136245139849546,0.0,0.0,0.9666666666666667,Positive
3651,2784.0,0.43589159846305847,True,0.04176745858705378,2784.0,0.04176745858705378,0.0,0.0,0.9666666666666667,Positive
3652,2783.0,0.43379130959510803,True,0.0840873139493448,2783.0,0.0840873139493448,0.0,0.0,0.9666666666666667,Positive
3653,2783.0,0.45122992992401123,True,0.09238422669914376,2783.0,0.09238422669914376,0.0,848.1393100221503,0.9666666666666667,Positive
3654,2783.0,0.481800377368927,True,0.10024398093401243,2783.0,0.10024398093401243,0.0,0.0,0.9666666666666667,Positive
3655,2783.0,0.5159907937049866,True,0.11051316490691492,2783.0,0.11051316490691492,0.0,0.0,0.9666666666666667,Positive
3656,2783.0,0.5390902161598206,True,0.10971034876625829,2783.0,0.10971034876625829,0.0,0.0,0.9666666666666667,Positive
3657,2782.0,0.9298976598602771,False,0.01,2783.0,0.0196482168478117,0.6554512842183997,0.0,0.9666666666666667,Positive
3658,2783.0,0.6548169255256653,False,0.11572465270858039,2783.0,0.11572465270858039,0.0,0.0,0.9666666666666667,Positive
3659,2783.0,0.7713377460858991,False,0.12433195760292137,2783.0,0.12433195760292137,0.0,0.0,0.9666666666666667,Positive
3660,2783.0,0.7705896907115223,False,0.13332151379187276,2783.0,0.13332151379187276,0.0,0.0,0.9666666666666667,Positive
3661,2783.0,0.7806775249645472,False,0.143497547530978,2783.0,0.143497547530978,0.0,0.0,0.9666666666666667,Positive
3662,2783.0,0.7867183494883662,False,0.1539110962192511,2783.0,0.1539110962192511,0.0,0.0,0.9666666666666667,Positive
3663,2783.0,0.4863842797320326,True,0.15053504527597728,2783.0,0.15053504527597728,0.0,38.926258227720076,0.9666666666666667,Positive
3664,2783.0,0.5374647378921509,True,0.15284690331202694,2783.0,0.15284690331202694,0.0,0.0,0.9666666666666667,Positive
3665,2784.0,0.3381696343421936,True,0.04285336169072585,2784.0,0.04285336169072585,0.0,0.0,0.9666666666666667,Positive
3666,2783.0,0.8050231002837831,False,0.16627137614047213,2783.0,0.16627137614047213,0.0,0.0,0.9666666666666667,Positive
3667,2782.0,0.9838471264640407,False,0.017996940311593455,2782.0,0.017996940311593455,0.0,0.0,0.9666666666666667,Positive
3668,2782.0,0.9529451131820679,False,0.019147278148470538,2782.0,0.019147278148470538,0.0,0.0,0.9666666666666667,Positive
3669,2783.0,0.8143510999572486,False,0.17279158658534854,2783.0,0.17279158658534854,0.0,0.0,0.9666666666666667,Positive
3670,2784.0,0.6128433346748352,True,0.039986886673681214,2784.0,0.039986886673681214,0.0,0.0,0.9666666666666667,Positive
3671,2784.0,0.49097302556037903,True,0.03891830736476607,2784.0,0.03891830736476607,0.0,0.0,0.9666666666666667,Positive
3672,2787.0,0.5625652074813843,True,0.0258725166176795,2787.0,0.0258725166176795,0.0,0.0,0.9666666666666667,Positive
3673,2782.0,0.9786705595929474,False,0.02305406026071696,2782.0,0.02305406026071696,0.0,0.0,0.9666666666666667,Positive
3674,2783.0,0.8720658597572368,False,0.2104445403628857,2783.0,0.2104445403628857,0.0,0.0,0.97,Positive
3675,2783.0,0.8662661033786913,False,0.23242944986898406,2783.0,0.23242944986898406,0.0,0.0,0.9733333333333334,Positive
3676,2787.0,0.7848273515701294,False,0.029889210296803345,2787.0,0.029889210296803345,0.0,0.0,0.97,Positive
3677,2787.0,0.7640642523765564,False,0.03140664647848521,2787.0,0.03140664647848521,0.0,0.0,0.9666666666666667,Positive
3678,2787.0,0.6910668015480042,False,0.03295059990612605,2787.0,0.03295059990612605,0.0,0.0,0.9633333333333334,Positive
3679,2787.0,0.6534818410873413,False,0.034183997490162495,2784.0,0.034366925023819724,0.0,0.0,0.96,Positive
3680,2787.0,0.6400825381278992,True,0.035952707958772256,2784.0,0.03729991610507907,0.0,0.0,0.96,Positive
3681,2787.0,0.6385303735733032,True,0.03785500579578843,2784.0,0.04371419774782319,0.0,0.0,0.96,Positive
3682,2787.0,0.5789971351623535,True,0.0400062328116802,2784.0,0.06275753025798098,0.0,0.0,0.96,Positive
3683,2787.0,0.5353752970695496,True,0.042195165939450795,2784.0,0.08464432113740106,0.04981154984902747,0.0,0.96,Positive
3684,2787.0,0.5130261778831482,True,0.044289836646465526,2784.0,0.11726073269849602,0.047431839162950906,0.0,0.96,Positive
3685,2787.0,0.4416489601135254,True,0.0463765915791636,2784.0,0.14749101367853007,0.04478824760162967,0.0,0.96,Positive
3686,2787.0,0.5233293771743774,True,0.04777111356891675,2784.0,0.16390847055544316,0.0,0.0,0.96,Positive
3687,2787.0,0.4730026423931122,True,0.04858353673701762,2784.0,0.19465530083289037,0.0402568401055117,0.0,0.96,Positive
3688,2787.0,0.5118646025657654,True,0.07761203375838775,2784.0,0.22147523196926697,0.03864587572118616,0.0,0.96,Positive
3689,2787.0,0.5267052054405212,True,0.10282854128548849,2784.0,0.23102583282294872,0.07262172181803868,2889.0058593047843,0.96,Positive
3690,2787.0,0.6623704433441162,False,0.149069161710037,2784.0,0.22529402840003707,0.06460695412341892,2831.912878339369,0.9566666666666667,Positive
3691,2787.0,0.33748888969421387,True,0.20082079388333868,2787.0,0.20082079388333868,0.0,2833.5927122773523,0.9566666666666667,Positive
3692,2835.0,0.4645097851753235,True,0.016812550383544907,2835.0,0.016812550383544907,0.0,2769.9372779782543,0.9566666666666667,Positive
3693,2835.0,0.38807183504104614,True,0.017047894076891796,2835.0,0.017047894076891796,0.0,2876.484557026212,0.9566666666666667,Positive
3694,2835.0,0.552186906337738,True,0.017629494067912678,2835.0,0.017629494067912678,0.0,2724.305094544964,0.9566666666666667,Positive
3695,2835.0,0.744832456111908,False,0.018264976643836976,2835.0,0.018264976643836976,0.0,2596.1004965676666,0.9566666666666667,Positive
3696,2835.0,0.8163503408432007,False,0.018879692939129902,2835.0,0.018879692939129902,0.0,2529.9545595217905,0.96,Positive
3697,2835.0,0.8166690468788147,False,0.01955926509910094,2835.0,0.01955926509910094,0.0,2450.926887770974,0.96,Positive
3698,2835.0,0.8272369503974915,False,0.020210043746404994,2835.0,0.020210043746404994,0.0,2373.713921365371,0.96,Positive
3699,2835.0,0.8676241040229797,False,0.020759322713202293,2835.0,0.020759322713202293,0.0,2345.0439984894692,0.96,Neutral
3700,2835.0,0.889324426651001,False,0.021270572750828682,2835.0,0.021270572750828682,0.0,2327.5485771557087,0.96,Neutral
3701,2835.0,0.8330625891685486,False,0.02187571744365663,2835.0,0.02187571744365663,0.0,4461.48362490468,0.96,Neutral
3702,2835.0,0.8632030487060547,False,0.022653441309519042,2835.0,0.022653441309519042,0.0,4356.054863841268,0.96,Neutral
3703,2835.0,0.89356529712677,False,0.02342158584538583,2835.0,0.02342158584538583,0.0,4297.965937034561,0.96,Neutral
3704,2835.0,0.9241870045661926,False,0.02424524916319739,2835.0,0.02424524916319739,0.0,735.2934365239219,0.96,Neutral
3705,2859.0,0.5914322137832642,True,0.01,2859.0,0.01,0.0,4195.560853281655,0.96,Neutral
3706,2819.0,0.8272094486143028,False,0.018561798426854632,2819.0,0.018561798426854632,0.0,4147.121102978365,0.96,Neutral
3707,2859.0,0.6124045252799988,True,0.01,2859.0,0.01,0.0,4096.662975604805,0.96,Neutral
3708,2859.0,0.6841549873352051,False,0.01,2859.0,0.01,0.0,4078.8470903464204,0.9566666666666667,Neutral
3709,2835.0,0.8633207659011239,False,0.027841408041579686,2835.0,0.027841408041579686,0.0,4051.436273864061,0.9566666666666667,Neutral
3710,2860.0,0.9015841457738956,False,0.018496523676178992,2860.0,0.018496523676178992,0.0,4028.3332723117,0.96,Neutral
3711,2860.0,0.9058247226385867,False,0.01856048577146414,2860.0,0.01856048577146414,0.0,4073.6891909632595,0.96,Neutral
3712,2860.0,0.9073749707803626,False,0.018628840656542165,2860.0,0.018628840656542165,0.0,4024.9448412151905,0.96,Neutral
3713,2783.0,0.771668116698738,False,0.2932496231997645,2783.0,0.2932496231997645,0.0,3998.46425832725,0.96,Positive
3714,2860.0,0.9116686062263156,False,0.01875540788810887,2860.0,0.01875540788810887,0.0,3996.2015774371075,0.96,Neutral
3715,2835.0,0.7402560997875695,False,0.03180127478374739,2835.0,0.03180127478374739,0.0,3956.50500593715,0.96,Neutral
3716,2860.0,0.9191971162462687,False,0.018865397921521733,2860.0,0.018865397921521733,0.0,3925.3323432158077,0.96,Neutral
3717,2860.0,0.9216227738865158,False,0.01889942722657325,2860.0,0.01889942722657325,0.0,3492.7881612518063,0.96,Neutral
3718,2860.0,0.9245196666172548,False,0.018908849002400516,2860.0,0.018908849002400516,0.0,3202.1168839236734,0.96,Neutral
3719,2860.0,0.9304204975220736,False,0.018898935416854758,2860.0,0.018898935416854758,0.0,2398.5954743637412,0.96,Neutral
3720,2860.0,0.9306662944663785,False,0.018871798747657778,2860.0,0.018871798747657778,0.0,2424.8670201960745,0.96,Neutral
3721,2860.0,0.9338674092451426,False,0.018832824319584884,2860.0,0.018832824319584884,0.0,2458.423832668055,0.96,Neutral
3722,2860.0,0.9402357553543529,False,0.018792078041924804,2860.0,0.018792078041924804,0.0,2518.1045376945585,0.96,Neutral
3723,2819.0,0.8421546721200123,False,0.016427847518221576,2819.0,0.016427847518221576,0.0,2524.8193282370503,0.96,Neutral
3724,2860.0,0.9405775820559473,False,0.018689620227915107,2860.0,0.018689620227915107,0.0,2505.1974227123346,0.96,Neutral
3725,2860.0,0.9344017060482999,False,0.018640647810514728,2860.0,0.018640647810514728,0.0,2468.55982771883,0.96,Neutral
3726,2860.0,0.9287638495240352,False,0.018595368775894273,2860.0,0.018595368775894273,0.0,2412.602548036635,0.96,Neutral
3727,2860.0,0.9302805653493639,False,0.01856339352665064,2860.0,0.01856339352665064,0.0,2355.0967464047853,0.96,Neutral
3728,2860.0,0.9668271256061424,False,0.018548896921168408,2860.0,0.018548896921168408,0.0,9081.053325924808,0.96,Neutral
3729,2780.0,0.6518505811691284,False,0.21251658038488086,2780.0,0.21251658038488086,0.0,2271.755919564199,0.9566666666666667,Neutral
3730,2860.0,0.9250808685719769,False,0.018568250691834026,2860.0,0.018568250691834026,0.0,2274.510336860461,0.9566666666666667,Neutral
3731,2850.0,0.9977769255638123,False,0.0146356532336383,2850.0,0.0146356532336383,0.0,0.0,0.9533333333333334,Neutral
3732,2880.0,0.4070318341255188,True,0.03898770738719673,2880.0,0.03898770738719673,0.0,2712.0687132572,0.9533333333333334,Neutral
3733,2880.0,0.3468574285507202,True,0.037955681383975565,2880.0,0.037955681383975565,0.0,0.0,0.9533333333333334,Neutral
3734,2843.0,0.39866769313812256,True,0.03798719272139596,2843.0,0.03798719272139596,0.0,0.0,0.9533333333333334,Neutral
3735,2850.0,0.5863336324691772,True,0.014739316115602748,2850.0,0.014739316115602748,0.0,2526.90954392323,0.9533333333333334,Neutral
3736,2843.0,0.47219306230545044,True,0.03740868989531308,2843.0,0.03740868989531308,0.0,2433.6947652475155,0.9533333333333334,Neutral
3737,2850.0,0.9897097945213318,False,0.014775209688059987,2850.0,0.014775209688059987,0.0,0.0,0.95,Neutral
3738,2843.0,0.5960685014724731,True,0.036617361637209044,2843.0,0.036617361637209044,0.0,0.0,0.95,Neutral
3739,2843.0,0.5817340016365051,True,0.0356787549897087,2843.0,0.0356787549897087,0.0,0.0,0.95,Neutral
3740,2843.0,0.5745896100997925,True,0.03388533402870359,2843.0,0.03388533402870359,0.0,0.0,0.95,Neutral
3741,2843.0,0.6325287222862244,True,0.032557432772741694,2843.0,0.032557432772741694,0.0,350.73087602978745,0.95,Neutral
3742,2843.0,0.6165419220924377,True,0.03153105447906874,2843.0,0.03153105447906874,0.0,7614.441954599358,0.95,Neutral
3743,2843.0,0.754490852355957,False,0.032335829125714775,2843.0,0.032335829125714775,0.0,7505.674094939732,0.9466666666666667,Neutral
3744,2843.0,0.7626116871833801,False,0.032496926343184206,2843.0,0.032496926343184206,0.0,7446.804873167201,0.9433333333333334,Neutral
3745,2843.0,0.7801629900932312,False,0.031946082859550015,2843.0,0.031946082859550015,0.0,7420.937929301216,0.94,Neutral
3746,2860.0,0.6860801232960564,False,0.01955027933699584,2860.0,0.01955027933699584,0.0,7290.750147012748,0.94,Neutral
3747,2783.0,0.7757980372457344,False,0.41235130397608394,2783.0,0.41235130397608394,0.0,7197.148791640714,0.94,Positive
3748,2843.0,0.892559289932251,False,0.0292358321933816,2843.0,0.0292358321933816,0.0,7112.35241381156,0.9366666666666666,Positive
3749,2860.0,0.6856994286952915,False,0.019728392100310535,2860.0,0.019728392100310535,0.0,7045.166267002327,0.9366666666666666,Positive
3750,2860.0,0.684956230111541,False,0.019792971763712402,2860.0,0.019792971763712402,0.0,6947.266478924136,0.9366666666666666,Positive
3751,2860.0,0.6824994350760103,False,0.01984965812596915,2860.0,0.01984965812596915,0.0,6835.126821459006,0.9366666666666666,Positive
3752,2860.0,0.6806909667626638,False,0.01990221166210601,2860.0,0.01990221166210601,0.0,6723.095893699379,0.9366666666666666,Positive
3753,2783.0,0.8147249586159452,False,0.4108942162660813,2783.0,0.4108942162660813,0.0,6567.564049942181,0.9366666666666666,Positive
3754,2901.0,0.6748171844529561,False,0.01813061388162992,2901.0,0.01813061388162992,0.0,6434.16232855825,0.9366666666666666,Positive
3755,2860.0,0.6740422540586505,False,0.02000677378777296,2860.0,0.02000677378777296,0.0,6316.687223757251,0.9366666666666666,Positive
3756,2923.0,0.996575653553009,False,0.010012758742641866,2923.0,0.010012758742641866,0.0,6232.832801838469,0.9333333333333333,Positive
3757,2860.0,0.6672195514220838,False,0.020062253963325012,2860.0,0.020062253963325012,0.0,6129.329386067151,0.9333333333333333,Positive
3758,2901.0,0.6599186895745867,False,0.01829830992012603,2901.0,0.01829830992012603,0.0,6030.598476445288,0.9333333333333333,Positive
3759,2901.0,0.6577520528093715,False,0.018321158973651344,2901.0,0.018321158973651344,0.0,5956.166619322864,0.9333333333333333,Positive
3760,2901.0,0.6558426319398196,False,0.018341845067713126,2901.0,0.018341845067713126,0.0,5895.807206563726,0.9333333333333333,Positive
3761,2901.0,0.6517391745595303,False,0.018357252232501887,2901.0,0.018357252232501887,0.0,5819.313118769262,0.9333333333333333,Neutral
3762,2901.0,0.6463593619791415,False,0.01836798376461717,2901.0,0.01836798376461717,0.0,294.9962239356986,0.9333333333333333,Neutral
3763,2860.0,0.649824388109267,False,0.020021521120604954,2860.0,0.020021521120604954,0.0,289.2158541558601,0.9333333333333333,Neutral
3764,2901.0,0.636351340333858,False,0.01839622123559386,2901.0,0.01839622123559386,0.0,279.3562664704555,0.9333333333333333,Neutral
3765,2860.0,0.6369976141430423,False,0.019937020449837514,2860.0,0.019937020449837514,0.0,5720.746456370984,0.9366666666666666,Neutral
3766,2860.0,0.6308999144373774,False,0.01989550856317253,2860.0,0.01989550856317253,0.0,257.02461630386523,0.9366666666666666,Neutral
3767,2860.0,0.6246933756005215,False,0.01985703436031523,2860.0,0.01985703436031523,0.0,5561.509885048188,0.9366666666666666,Neutral
3768,2860.0,0.6170724778085761,False,0.01982666133176681,2860.0,0.01982666133176681,0.0,5333.534925516002,0.9366666666666666,Neutral
3769,2860.0,0.611391789585047,False,0.01979867174394797,2860.0,0.01979867174394797,0.0,5132.691431746602,0.9366666666666666,Neutral
3770,2860.0,0.6069533189650299,False,0.019784638403616734,2860.0,0.019784638403616734,0.0,5025.448920957914,0.9366666666666666,Neutral
3771,2860.0,0.6024568414448132,False,0.019797268505502202,2860.0,0.019797268505502202,0.0,4923.911494397025,0.9366666666666666,Neutral
3772,2783.0,0.8575453788562658,False,0.4730413173981505,2783.0,0.4730413173981505,0.0,4840.266177714783,0.9366666666666666,Positive
3773,2860.0,0.5972800177706056,False,0.019939011568893373,2860.0,0.019939011568893373,0.0,193.7624874951498,0.9366666666666666,Positive
3774,2901.0,0.4481999853026908,True,0.018984948161263383,2901.0,0.018984948161263383,0.0,187.35472329594305,0.9366666666666666,Positive
3775,2901.0,0.604894627240306,False,0.019219943660940063,2901.0,0.019219943660940063,0.0,0.0,0.9366666666666666,Positive
3776,2901.0,0.6029099750239512,False,0.019530090612396266,2901.0,0.019530090612396266,0.0,0.0,0.9366666666666666,Positive
3777,2860.0,1.0,False,0.0206916437424703,2860.0,0.0206916437424703,0.0,0.0,0.9366666666666666,Positive
3778,2860.0,1.0,False,0.020952373525594637,2860.0,0.020952373525594637,0.0,0.0,0.9366666666666666,Neutral
3779,2880.0,1.0,False,0.0293438197235244,2880.0,0.0293438197235244,0.0,0.0,0.9333333333333333,Neutral
3780,2971.0,0.7479749381640969,False,0.022936999302423013,2971.0,0.022936999302423013,0.0,0.0,0.9333333333333333,Neutral
3781,,,False,,,,,,,Neutral
3782,,,False,,,,,,,Neutral
3783,,,False,,,,,,,Neutral
3784,,,False,,,,,,,Neutral
3785,2880.0,1.0,False,0.03186191030790263,2880.0,0.03186191030790263,0.0,0.0,0.93,Neutral
3786,,,False,,,,,,,Neutral
3787,2937.0,1.0,False,0.013621655606093982,2937.0,0.013621655606093982,0.0,0.0,0.9266666666666666,Neutral
3788,,,False,,,,,,,Neutral
3789,,,False,,,,,,,Neutral
3790,,,False,,,,,,,Neutral
3791,2925.0,1.0,False,0.015045309149746583,2925.0,0.015045309149746583,0.0,0.0,0.9233333333333333,Neutral
3792,,,False,,,,,,,Neutral
3793,3023.0,1.0,False,0.01767141887533946,3023.0,0.01767141887533946,0.0,0.0,0.9233333333333333,Neutral
3794,3023.0,0.7487844641993294,False,0.0179210908877811,3023.0,0.0179210908877811,0.0,0.0,0.9233333333333333,Neutral
3795,3023.0,0.9980938771746871,False,0.01821271329076385,3023.0,0.01821271329076385,0.0,0.0,0.9233333333333333,Neutral
3796,3023.0,0.7913381076996256,False,0.018583816280294894,3023.0,0.018583816280294894,0.0,0.0,0.9233333333333333,Neutral
3797,3023.0,0.7602255037923418,False,0.019012949258207703,3023.0,0.019012949258207703,0.0,0.0,0.9233333333333333,Neutral
3798,3023.0,1.0,False,0.01953966722475966,3023.0,0.01953966722475966,0.0,0.0,0.9233333333333333,Neutral
3799,3023.0,0.943353516870185,False,0.020164441382538235,3023.0,0.020164441382538235,0.0,0.0,0.9233333333333333,Neutral
3800,3023.0,0.7823817743165222,False,0.02089802959256676,3023.0,0.02089802959256676,0.0,0.0,0.9233333333333333,Neutral
3801,3066.0,0.9991822258475918,False,0.01,3066.0,0.01,0.0,0.0,0.9233333333333333,Neutral
3802,3070.0,0.8075666414936841,False,0.1334915934035493,3070.0,0.1334915934035493,0.0,2126.365805288033,0.9233333333333333,Neutral
3803,3023.0,0.7799247722183354,False,0.023496754435963867,3023.0,0.023496754435963867,0.0,876.9733168130269,0.9233333333333333,Neutral
3804,3023.0,0.7917094088822637,False,0.024381625147025562,3023.0,0.024381625147025562,0.0,835.8871531230336,0.9233333333333333,Neutral
3805,3023.0,0.7685530085569191,False,0.025296097295757717,3023.0,0.025296097295757717,0.0,800.9202136844449,0.9233333333333333,Neutral
3806,3070.0,0.8497848040096736,False,0.20955077381849327,3070.0,0.20955077381849327,0.0,783.4384599258728,0.9233333333333333,Positive
3807,3070.0,0.844196219054064,False,0.23416736986712086,3070.0,0.23416736986712086,0.0,768.7380648205144,0.9233333333333333,Positive
3808,3023.0,0.8273817572093431,False,0.028102972843365513,3023.0,0.028102972843365513,0.0,1082.1008137432518,0.9233333333333333,Positive
3809,3091.0,0.6250635981559753,True,0.95,3091.0,0.95,0.0,1966.7880366866264,0.9233333333333333,Positive
3810,3023.0,0.6017796906295837,False,0.029813329268947492,3023.0,0.029813329268947492,0.0,1077.8641387029352,0.9233333333333333,Positive
3811,2860.0,0.787121942796143,False,0.026647392272132357,3070.0,0.08276032564329107,0.2962374769536497,1059.2098758177574,0.9233333333333333,Positive
3812,2860.0,0.8168651872715575,False,0.026766152218347383,3070.0,0.08748901065398744,0.0,1048.6542317996755,0.9233333333333333,Positive
3813,2860.0,0.8067194652308012,False,0.026828844425650224,3070.0,0.09094623469103634,0.0,737.0812486927101,0.9233333333333333,Positive
3814,2860.0,0.8288748195542981,False,0.02687328644054673,3070.0,0.09394624854193377,0.0,734.3677394666984,0.9233333333333333,Positive
3815,2860.0,0.8099148170895666,False,0.026907499492120204,3070.0,0.09662461149601566,0.14577511861714387,729.9752352156896,0.9233333333333333,Positive
3816,2860.0,0.8114677438025646,False,0.02693361845411667,3070.0,0.09873586151248252,0.14612112369028793,729.4980645851668,0.9233333333333333,Positive
3817,2860.0,0.8295535788606859,False,0.026967266133439593,3070.0,0.1007863560619947,0.0,728.2104117766531,0.9233333333333333,Positive
3818,2860.0,0.8080005373860792,False,0.027000324272207457,3070.0,0.1029211871074529,0.1456889663373412,1467.9403706956878,0.9233333333333333,Positive
3819,2860.0,0.8258787739182304,False,0.027009477177560755,3070.0,0.1049778204371717,0.0,1470.4897501088033,0.9233333333333333,Positive
3820,2860.0,0.8282055414219747,False,0.027005995491210678,3070.0,0.10607477591681234,0.0,1478.5413750202313,0.9233333333333333,Positive
3821,2860.0,0.8383805462645268,False,0.02699382621981268,3070.0,0.10712824335350564,0.0,2208.517416544577,0.9233333333333333,Positive
3822,2860.0,0.812284746487757,False,0.026983337516117364,3070.0,0.10765395097292721,0.0,2214.569915453246,0.9233333333333333,Positive
3823,3023.0,0.85247690369813,False,0.033271556754683324,3070.0,0.038226936234227946,0.0,780.3668062500423,0.9233333333333333,Positive
3824,3070.0,0.82878462173873,False,0.3687436720581075,3070.0,0.3687436720581075,0.0,786.1355047194434,0.9233333333333333,Positive
3825,2860.0,0.8154122316120017,False,0.027016202078550006,3070.0,0.10550175835281972,0.0,1452.190526717328,0.9233333333333333,Positive
3826,2860.0,0.8477133551188736,False,0.027078272834111298,3070.0,0.10350205865363839,0.0,790.6789550364851,0.9233333333333333,Positive
3827,2860.0,0.8515580870460198,False,0.026997233447761733,3070.0,0.09955063765490746,0.0,805.8949317276041,0.9233333333333333,Positive
3828,2860.0,0.8503976812693548,False,0.026905579301473574,3070.0,0.09510315677087926,0.14151660108221056,823.538533324755,0.9233333333333333,Positive
3829,3023.0,0.9472082853317261,False,0.029037347859408303,3023.0,0.029037347859408303,0.0,851.1019765729808,0.9233333333333333,Positive
3830,3023.0,0.8695994019508362,False,0.028310574166626152,3023.0,0.028310574166626152,0.0,876.5669273322919,0.9233333333333333,Positive
3831,3023.0,0.7212092280387878,False,0.02772158922207995,3023.0,0.02772158922207995,0.0,898.4758684621901,0.9233333333333333,Positive
3832,3023.0,0.6247584223747253,True,0.02713653453630923,3023.0,0.02713653453630923,0.0,905.7536364459866,0.9233333333333333,Positive
3833,2860.0,0.8634840748863196,False,0.02640896011793052,3070.0,0.07130096780999512,0.14074335840176908,901.4619601413754,0.9233333333333333,Positive
3834,2860.0,0.86384929936581,False,0.02630547306730269,3070.0,0.06559484496154168,0.1383283338857201,903.1199384077064,0.9233333333333333,Neutral
3835,3023.0,0.9677119255065918,False,0.02535064227754248,3023.0,0.02535064227754248,0.0,904.1102288783454,0.9233333333333333,Neutral
3836,2860.0,0.8406358457371177,False,0.0261241598529666,3070.0,0.054840965946196515,0.27165608626694965,916.9632182208336,0.9233333333333333,Neutral
3837,3113.0,0.8982757329940796,False,0.1829752866926347,3113.0,0.1829752866926347,0.0,935.2624529162885,0.92,Positive
3838,2860.0,0.8667977199769678,False,0.025879687488987203,3070.0,0.04362880016469195,0.13411388988279171,942.6374438381322,0.92,Positive
3839,3023.0,0.9411479616291725,False,0.02297204196183551,3023.0,0.02297204196183551,0.0,1891.2469010307464,0.92,Positive
3840,2860.0,0.8617461994764019,False,0.02562798171178123,3070.0,0.03374464238196596,0.0,1884.7372651251474,0.92,Neutral
3841,3113.0,0.7820412516593933,False,0.24035284985828878,3113.0,0.24035284985828878,0.0,2897.548923361413,0.9166666666666666,Positive
3842,3113.0,0.7532378435134888,False,0.25789402495482855,3113.0,0.25789402495482855,0.0,3037.2869524639045,0.9133333333333333,Positive
3843,2860.0,0.8077794074181773,False,0.02520673527903446,2860.0,0.02520673527903446,0.0,2145.7213069387817,0.9133333333333333,Positive
3844,3113.0,0.7701085805892944,False,0.28096060553902424,3113.0,0.28096060553902424,0.0,3036.025916398397,0.91,Positive
3845,2860.0,0.794532618375857,False,0.024921694954266584,2860.0,0.024921694954266584,0.0,2145.6441419175317,0.91,Positive
3846,3023.0,0.8233185601157224,False,0.021309418292230476,3023.0,0.021309418292230476,0.0,3029.280551269816,0.91,Positive
3847,2860.0,0.789238468143191,False,0.02464452337544312,2860.0,0.02464452337544312,0.0,3024.8418110608663,0.91,Positive
3848,2860.0,0.8543090463070827,False,0.02451088672859428,2860.0,0.02451088672859428,0.0,3027.271370270566,0.91,Positive
3849,2860.0,0.8455788462126348,False,0.02438488840699683,2860.0,0.02438488840699683,0.0,4029.998031681572,0.91,Positive
3850,2860.0,0.845599865786822,False,0.024256964061683622,2860.0,0.024256964061683622,0.0,3094.5672554383127,0.91,Positive
3851,2860.0,0.8460437775215267,False,0.024107657921584296,2860.0,0.024107657921584296,0.0,3114.4931507749834,0.91,Positive
3852,3023.0,0.8424899422122153,False,0.020310577844551883,3023.0,0.020310577844551883,0.0,8497.289438318247,0.91,Positive
3853,3148.0,0.5311610698699951,True,0.0879142083685864,3144.0,0.28182839820843597,0.3460268347101342,8470.858026049524,0.91,Positive
3854,3124.0,0.387453815043464,True,0.01,3124.0,0.01,0.0,8446.512566835074,0.91,Positive
3855,3136.0,0.4414303711758079,True,0.01,3136.0,0.01,0.0,8477.335650271476,0.91,Positive
3856,3124.0,0.3954904747052646,True,0.010617478850849446,3124.0,0.010617478850849446,0.0,8569.500171321553,0.91,Neutral
3857,2860.0,0.8749650600164857,False,0.023191459025832292,2860.0,0.023191459025832292,0.0,8650.941971934091,0.91,Neutral
3858,3136.0,0.4391538522072956,True,0.01,3124.0,0.011987642685845748,0.07979178293543665,8688.911336308403,0.91,Neutral
3859,3124.0,0.3953343971943022,True,0.01463835789590598,3124.0,0.01463835789590598,0.0,8689.481722238323,0.91,Neutral
3860,3136.0,0.44424699492132586,True,0.01,3124.0,0.014382328535484686,0.059239796617571505,8649.719645322317,0.91,Neutral
3861,3124.0,0.3894858130374606,True,0.017230658087244253,3124.0,0.017230658087244253,0.0,8714.764174404045,0.91,Neutral
3862,3113.0,0.5594223141670227,True,0.25932550836820023,3113.0,0.25932550836820023,0.0,8762.044854109645,0.91,Positive
3863,2860.0,0.7534397634145332,False,0.022324037410584356,2860.0,0.022324037410584356,0.0,8733.430780828965,0.91,Positive
3864,2860.0,0.7375105335242564,False,0.022146582030881184,2860.0,0.022146582030881184,0.0,8602.928799734478,0.91,Neutral
3865,2860.0,0.7317445011511153,False,0.02199743588419745,2860.0,0.02199743588419745,0.0,8481.938665767557,0.91,Neutral
3866,3157.0,0.5352505445480347,True,0.33631895979696314,3157.0,0.33631895979696314,0.0,2914.343472448774,0.91,Positive
3867,2860.0,0.7710686739445668,False,0.021693552124332317,2860.0,0.021693552124332317,0.0,8378.764609187592,0.91,Positive
3868,2860.0,0.7707291364541375,False,0.02154561618867535,2860.0,0.02154561618867535,0.0,8330.583125722616,0.91,Positive
3869,2860.0,0.7790800428969381,False,0.021404102266063846,2860.0,0.021404102266063846,0.0,8326.605572941458,0.91,Positive
3870,2860.0,0.7685767700551499,False,0.021283976581581442,2860.0,0.021283976581581442,0.0,8328.859007391064,0.91,Positive
3871,2860.0,0.7697514860815992,False,0.021175740489677082,2860.0,0.021175740489677082,0.0,8367.798745410508,0.91,Positive
3872,2860.0,0.7802988539309024,False,0.021044501181622193,2860.0,0.021044501181622193,0.0,2737.7291630656227,0.91,Positive
3873,3136.0,0.5704927619212864,False,0.02245231621387823,3136.0,0.02245231621387823,0.0,2092.3424931737354,0.91,Neutral
3874,3136.0,0.568597622196234,False,0.023142871776604512,3136.0,0.023142871776604512,0.0,2075.8044272238017,0.91,Neutral
3875,2860.0,0.8508965793979225,False,0.020730635466574356,2860.0,0.020730635466574356,0.0,1741.7030410040563,0.91,Neutral
3876,2860.0,0.8375338283215942,False,0.02060665558156016,2860.0,0.02060665558156016,0.0,1766.221978025936,0.91,Neutral
3877,3136.0,0.5648031001019265,False,0.025055237218944825,3136.0,0.025055237218944825,0.0,969.1982469400002,0.91,Neutral
3878,3148.0,0.4279784858226776,True,0.19949098411753918,3148.0,0.19949098411753918,0.0,1563.6736875615347,0.91,Positive
3879,3136.0,0.5606839715167785,False,0.026181614152394218,3136.0,0.026181614152394218,0.0,1571.2680795508786,0.91,Positive
3880,3023.0,0.6672134208724247,False,0.017245123055982827,3023.0,0.017245123055982827,0.0,1578.5608102810102,0.91,Neutral
3881,2860.0,0.7998669004477229,False,0.020015657125744605,2860.0,0.020015657125744605,0.0,2150.7069171685307,0.91,Neutral
3882,2860.0,0.8032720013382013,False,0.019871607074343815,2860.0,0.019871607074343815,0.0,2142.471516398992,0.91,Neutral
3883,2860.0,0.8038298440118709,False,0.019741417857917953,2860.0,0.019741417857917953,0.0,2404.553986196935,0.91,Neutral
3884,2860.0,0.848813589370079,False,0.019653842614829116,2860.0,0.019653842614829116,0.0,1585.7342016097537,0.91,Neutral
3885,2860.0,0.8597847688189245,False,0.019494577573176908,2860.0,0.019494577573176908,0.0,1566.3639281458818,0.9133333333333333,Neutral
3886,2860.0,0.8304841759809785,False,0.019357328728279853,2860.0,0.019357328728279853,0.0,2591.1139382073243,0.9133333333333333,Neutral
3887,2860.0,0.8167809460987342,False,0.019189356000712948,2860.0,0.019189356000712948,0.0,2057.9545392315313,0.9133333333333333,Neutral
3888,2860.0,0.8193675349450154,False,0.019054211869682695,2860.0,0.019054211869682695,0.0,5401.899648133887,0.9133333333333333,Neutral
3889,2860.0,0.8628472047872452,False,0.018949400464964898,2860.0,0.018949400464964898,0.0,5453.605609796725,0.9133333333333333,Neutral
3890,2860.0,0.8924525795362952,False,0.018853461827657788,2860.0,0.018853461827657788,0.0,4831.329090042223,0.9133333333333333,Neutral
3891,2860.0,0.8255141872154859,False,0.018753084371213556,2860.0,0.018753084371213556,0.0,6330.966041219459,0.9133333333333333,Neutral
3892,2860.0,0.830175690774015,False,0.018654450861039992,2860.0,0.018654450861039992,0.0,5212.954723676728,0.9133333333333333,Neutral
3893,2860.0,0.8360685229149819,False,0.018570492819527353,2860.0,0.018570492819527353,0.0,2142.1224919236,0.9133333333333333,Neutral
3894,2860.0,0.8346898538828514,False,0.018484824041898357,2860.0,0.018484824041898357,0.0,2124.1267475427876,0.9133333333333333,Neutral
3895,3154.0,0.4521481599859426,True,0.016170521128356274,3154.0,0.016170521128356274,0.0,7407.698982798638,0.9133333333333333,Neutral
3896,2860.0,0.8533121108801099,False,0.018242271939948245,2860.0,0.018242271939948245,0.0,5854.984830189884,0.9133333333333333,Neutral
3897,3154.0,0.4512936327203529,True,0.015847741691441212,3154.0,0.015847741691441212,0.0,7187.308149817428,0.9133333333333333,Neutral
3898,3180.0,0.7320319235985611,False,0.017675784064173448,3180.0,0.017675784064173448,0.0,7106.330716205275,0.9133333333333333,Neutral
3899,3192.0,0.7536396132136788,False,0.030255318503432205,3192.0,0.030255318503432205,0.0,7016.804408991427,0.9133333333333333,Neutral
3900,3136.0,0.4554463674265401,True,0.030318808545673304,3136.0,0.030318808545673304,0.0,1424.1458228092317,0.9133333333333333,Neutral
3901,3154.0,0.7048107741119287,False,0.015398537468005093,3154.0,0.015398537468005093,0.0,1487.7927924693784,0.9133333333333333,Neutral
3902,3181.0,0.5096974347966784,True,0.017354357431005846,3181.0,0.017354357431005846,0.0,5719.771745165665,0.9133333333333333,Neutral
3903,3181.0,0.4980360976185217,True,0.016816453517204004,3181.0,0.016816453517204004,0.0,1723.3095347963458,0.9133333333333333,Neutral
3904,3181.0,0.6823209049390696,False,0.01646791504070361,3181.0,0.01646791504070361,0.0,0.0,0.9133333333333333,Neutral
3905,3154.0,0.6445492450544903,False,0.015123214087058258,3154.0,0.015123214087058258,0.0,286.41916953882435,0.9133333333333333,Neutral
3906,,,False,,,,,,,Neutral
3907,,,False,,,,,,,Neutral
3908,3199.0,1.0,False,0.026679242692248,3199.0,0.026679242692248,0.0,0.0,0.91,Neutral
3909,3200.0,0.8223970839732079,False,0.017142784281311895,3200.0,0.017142784281311895,0.0,0.0,0.9066666666666666,Neutral
3910,3200.0,0.8215395995552421,False,0.017105950882589493,3200.0,0.017105950882589493,0.0,0.0,0.9033333333333333,Neutral
3911,3200.0,0.9256229913610052,False,0.017089659061892512,3200.0,0.017089659061892512,0.0,0.0,0.9,Neutral
3912,3199.0,0.6190950122058648,False,0.0264961889578955,3199.0,0.0264961889578955,0.0,0.0,0.8966666666666666,Neutral
3913,3200.0,0.8273671780246015,False,0.016785242522608334,3200.0,0.016785242522608334,0.0,0.0,0.8933333333333333,Neutral
3914,3200.0,0.8265144899685632,False,0.01676643615753243,3200.0,0.01676643615753243,0.0,0.0,0.89,Neutral
3915,3199.0,0.6420675584278333,False,0.026363643398877507,3199.0,0.026363643398877507,0.0,0.0,0.8866666666666667,Neutral
3916,3199.0,0.6479825519774868,False,0.026338555012319798,3199.0,0.026338555012319798,0.0,0.0,0.8833333333333333,Neutral
3917,3199.0,0.9278175375370946,False,0.026319132326638874,3199.0,0.026319132326638874,0.0,0.0,0.88,Neutral
3918,3199.0,0.9263804049929916,False,0.026324940176753645,3199.0,0.026324940176753645,0.0,0.0,0.8766666666666667,Neutral
3919,3199.0,0.9243026174274712,False,0.026353044419238143,3199.0,0.026353044419238143,0.0,0.0,0.8733333333333333,Neutral
3920,3199.0,0.9217217520205689,False,0.026363212373560357,3199.0,0.026363212373560357,0.0,0.0,0.87,Neutral
3921,3199.0,0.9182889482271696,False,0.026401640257414875,3199.0,0.026401640257414875,0.0,0.0,0.8666666666666667,Neutral
3922,3199.0,0.9119597781522709,False,0.02646736810507116,3199.0,0.02646736810507116,0.0,0.0,0.8633333333333333,Neutral
3923,3199.0,0.9079087588904514,False,0.026542327880789612,3199.0,0.026542327880789612,0.0,0.0,0.86,Neutral
3924,3199.0,0.9037270690490032,False,0.026557186445080438,3199.0,0.026557186445080438,0.0,0.0,0.8566666666666667,Neutral
3925,3199.0,0.8990649695475029,False,0.026578231757850897,3199.0,0.026578231757850897,0.0,0.0,0.8533333333333334,Neutral
3926,3199.0,0.8975740012003063,False,0.026729745930637462,3199.0,0.026729745930637462,0.0,0.0,0.85,Neutral
3927,3199.0,0.8895520520816145,False,0.026948766875348605,3199.0,0.026948766875348605,0.0,0.0,0.8466666666666667,Neutral
3928,3200.0,0.8616717818620687,False,0.01903820382002067,3200.0,0.01903820382002067,0.0,0.0,0.8433333333333334,Neutral
3929,3201.0,0.8466665921039428,False,0.02887022164312028,3201.0,0.02887022164312028,0.0,0.0,0.84,Neutral
3930,3201.0,0.8477017539409234,False,0.028419467116974715,3201.0,0.028419467116974715,0.0,0.0,0.8366666666666667,Neutral
3931,3201.0,1.0,False,0.02794847501152719,3201.0,0.02794847501152719,0.0,0.0,0.8333333333333334,Neutral
3932,3201.0,1.0,False,0.027415912830487024,3201.0,0.027415912830487024,0.0,0.0,0.83,Neutral
3933,3201.0,1.0,False,0.027073323797282976,3201.0,0.027073323797282976,0.0,0.0,0.8266666666666667,Neutral
3934,3201.0,0.66702574639179,False,0.026861812530033224,3201.0,0.026861812530033224,0.0,0.0,0.8233333333333334,Neutral
3935,3199.0,0.7225542052876169,False,0.027472169906362753,3199.0,0.027472169906362753,0.0,0.0,0.82,Neutral
3936,,,False,,,,,,,Neutral
3937,,,False,,,,,,,Neutral
3938,3201.0,1.0,False,0.024354155915008894,3201.0,0.024354155915008894,0.0,0.0,0.82,Neutral
3939,3201.0,1.0,False,0.023308525274592675,3201.0,0.023308525274592675,0.0,0.0,0.8166666666666667,Neutral
3940,3201.0,0.952329419295445,False,0.0227463696391061,3201.0,0.0227463696391061,0.0,0.0,0.8166666666666667,Neutral
3941,3208.0,0.7519152205599986,False,0.0240370397633759,3208.0,0.0240370397633759,0.0,0.0,0.8166666666666667,Neutral
3942,3210.0,0.869756384036548,False,0.01878118261618904,3210.0,0.01878118261618904,0.0,0.0,0.8133333333333334,Neutral
3943,3210.0,0.8878883006477098,False,0.018665482538223838,3210.0,0.018665482538223838,0.0,0.0,0.81,Neutral
3944,3201.0,0.7979487623411361,False,0.021267304320390642,3201.0,0.021267304320390642,0.0,0.0,0.8066666666666666,Neutral
3945,3201.0,0.9449383447622947,False,0.019884564102623382,3201.0,0.019884564102623382,0.0,0.0,0.8033333333333333,Neutral
3946,3201.0,0.9468175040585054,False,0.01908587343239269,3201.0,0.01908587343239269,0.0,0.0,0.8,Neutral
3947,3212.0,0.9449643051853607,False,0.025633987997867074,3212.0,0.025633987997867074,0.0,0.0,0.7966666666666666,Neutral
3948,3201.0,0.9224708976138027,False,0.017449228583238583,3201.0,0.017449228583238583,0.0,0.0,0.7933333333333333,Neutral
3949,3212.0,0.7844622465590084,False,0.02704051936369307,3212.0,0.02704051936369307,0.0,0.0,0.79,Neutral
3950,3201.0,0.7863548765684496,False,0.02043984543414471,3201.0,0.02043984543414471,0.0,0.0,0.7866666666666666,Neutral
3951,3212.0,0.7935896949121389,False,0.026367408116889993,3212.0,0.026367408116889993,0.0,0.0,0.7833333333333333,Neutral
3952,3201.0,0.924517643425351,False,0.020481542544291752,3201.0,0.020481542544291752,0.0,0.0,0.78,Neutral
3953,3201.0,0.9315234893104055,False,0.018269482160342455,3201.0,0.018269482160342455,0.0,0.0,0.7766666666666666,Neutral
3954,3201.0,0.9381990449228234,False,0.016471702224771952,3201.0,0.016471702224771952,0.0,0.0,0.7733333333333333,Neutral
3955,3201.0,0.9433292809107974,False,0.015135497999555275,3201.0,0.015135497999555275,0.0,0.0,0.77,Neutral
3956,3201.0,0.9437404200205431,False,0.014038424517987246,3201.0,0.014038424517987246,0.0,0.0,0.7666666666666667,Neutral
3957,3201.0,0.9330640645190992,False,0.015568444216596797,3201.0,0.015568444216596797,0.0,0.0,0.7633333333333333,Neutral
3958,3201.0,0.9247727915707292,False,0.017182135931791027,3201.0,0.017182135931791027,0.0,0.0,0.76,Neutral
3959,3212.0,0.7637785016705629,False,0.026685894768133666,3212.0,0.026685894768133666,0.0,0.0,0.7566666666666667,Neutral
3960,3201.0,0.9277645741644492,False,0.013146429860961243,3201.0,0.013146429860961243,0.0,0.0,0.7533333333333333,Neutral
3961,3201.0,0.9362678203691609,False,0.01158912334874678,3201.0,0.01158912334874678,0.0,0.0,0.75,Neutral
3962,3201.0,0.9230324541204392,False,0.010927024392909898,3201.0,0.010927024392909898,0.0,0.0,0.7466666666666667,Neutral
3963,3201.0,0.9085331267936297,False,0.010180670959203612,3201.0,0.010180670959203612,0.0,0.0,0.7433333333333333,Neutral
3964,3225.0,0.9424168998226655,False,0.02021502365053948,3225.0,0.02021502365053948,0.0,0.0,0.74,Neutral
3965,3201.0,0.9319509456278298,False,0.010272900286116073,3201.0,0.010272900286116073,0.0,0.0,0.7366666666666667,Neutral
3966,3212.0,0.7453232042873049,False,0.02730186251128445,3212.0,0.02730186251128445,0.0,0.0,0.7333333333333333,Neutral
3967,3212.0,0.7584233950301483,False,0.02731204728981544,3212.0,0.02731204728981544,0.0,0.0,0.73,Neutral
3968,3201.0,0.9007809973402348,False,0.012967098795303932,3201.0,0.012967098795303932,0.0,0.0,0.7266666666666667,Neutral
3969,3201.0,0.8978611804815975,False,0.015422010946475212,3201.0,0.015422010946475212,0.0,0.0,0.7233333333333334,Neutral
3970,3201.0,0.9285560577683007,False,0.018574843365745764,3201.0,0.018574843365745764,0.0,0.0,0.72,Neutral
3971,3212.0,0.9170883589240094,False,0.02620445781979053,3212.0,0.02620445781979053,0.0,0.0,0.7166666666666667,Neutral
3972,3199.0,0.6818771049790601,False,0.03232010084260232,3199.0,0.03232010084260232,0.0,0.0,0.7133333333333334,Neutral
3973,3201.0,0.8681731847209864,False,0.024435714545799795,3201.0,0.024435714545799795,0.0,0.0,0.71,Neutral
3974,3201.0,0.9442338388333985,False,0.02513128772496258,3201.0,0.02513128772496258,0.0,0.0,0.7066666666666667,Neutral
3975,3201.0,0.9449797518391194,False,0.02561404873717966,3201.0,0.02561404873717966,0.0,0.0,0.7033333333333334,Neutral
3976,3212.0,0.9435630719718608,False,0.02362109752363732,3212.0,0.02362109752363732,0.0,0.0,0.7,Neutral
3977,3212.0,0.9452294811239897,False,0.023263586814394097,3212.0,0.023263586814394097,0.0,0.0,0.6966666666666667,Neutral
3978,3212.0,0.943369300504514,False,0.02294087121274423,3212.0,0.02294087121274423,0.0,0.0,0.6933333333333334,Neutral
3979,3201.0,0.951248297241789,False,0.027088743191620756,3201.0,0.027088743191620756,0.0,0.0,0.69,Neutral
3980,3201.0,0.8382678010582344,False,0.02722409371930342,3201.0,0.02722409371930342,0.0,0.0,0.6866666666666666,Neutral
3981,3201.0,0.8463655407257796,False,0.027304129056188394,3201.0,0.027304129056188394,0.0,0.0,0.6833333333333333,Neutral
3982,3201.0,0.7679599798502699,False,0.027375611594990093,3201.0,0.027375611594990093,0.0,0.0,0.68,Neutral
3983,3199.0,0.8953660453936673,False,0.02466615209106322,3199.0,0.02466615209106322,0.0,0.0,0.6766666666666666,Neutral
3984,3199.0,0.6301588466606772,False,0.02405332948722185,3199.0,0.02405332948722185,0.0,0.0,0.6733333333333333,Neutral
3985,3201.0,0.8772007915142809,False,0.02741832262205213,3201.0,0.02741832262205213,0.0,0.0,0.67,Neutral
3986,3201.0,0.8816823564174084,False,0.027556256812300454,3201.0,0.027556256812300454,0.0,0.0,0.6666666666666666,Neutral
3987,3201.0,0.780996974534295,False,0.027295866741652165,3201.0,0.027295866741652165,0.0,0.0,0.6633333333333333,Neutral
3988,3199.0,0.9381616301746253,False,0.023175090788397586,3199.0,0.023175090788397586,0.0,0.0,0.66,Neutral
3989,3201.0,0.9450553876783478,False,0.026260790844835905,3201.0,0.026260790844835905,0.0,0.0,0.6566666666666666,Neutral
3990,3201.0,0.785431929518536,False,0.025519548092674576,3201.0,0.025519548092674576,0.0,0.0,0.6533333333333333,Neutral
3991,3201.0,0.7838657862195413,False,0.024654196353852638,3201.0,0.024654196353852638,0.0,0.0,0.65,Neutral
3992,3201.0,0.750617968580632,False,0.02347355491937117,3201.0,0.02347355491937117,0.0,0.0,0.6466666666666666,Neutral
3993,3201.0,0.9479690897630493,False,0.022712786625304102,3201.0,0.022712786625304102,0.0,0.0,0.6433333333333333,Neutral
3994,3201.0,0.8278384330396205,False,0.022933372155405404,3201.0,0.022933372155405404,0.0,0.0,0.64,Neutral
3995,3201.0,0.8308281131518512,False,0.02225482087754426,3201.0,0.02225482087754426,0.0,0.0,0.6366666666666667,Neutral
3996,3199.0,0.8485059628767374,False,0.02529536296371029,3199.0,0.02529536296371029,0.0,0.0,0.6333333333333333,Neutral
3997,3199.0,0.6356467752323938,False,0.025487262641203167,3199.0,0.025487262641203167,0.0,0.0,0.63,Neutral
3998,3199.0,0.9384627834983655,False,0.02569647875293981,3199.0,0.02569647875293981,0.0,0.0,0.6266666666666667,Neutral
3999,3201.0,0.8827142462627635,False,0.016427750385516332,3201.0,0.016427750385516332,0.0,0.0,0.6233333333333333,Neutral
4000,3201.0,0.8915869737474402,False,0.01534852837963027,3201.0,0.01534852837963027,0.0,0.0,0.62,Neutral
4001,3201.0,0.9224970790815632,False,0.015403811647761311,3201.0,0.015403811647761311,0.0,0.0,0.6166666666666667,Neutral
4002,3226.0,0.8643769080919848,False,0.027402358839205762,3226.0,0.027402358839205762,0.0,0.0,0.6133333333333333,Neutral
4003,3226.0,0.8821081808681577,False,0.027231139635159985,3226.0,0.027231139635159985,0.0,0.0,0.61,Neutral
4004,3226.0,0.9495777840692171,False,0.027188707807309264,3226.0,0.027188707807309264,0.0,0.0,0.6066666666666667,Neutral
4005,3226.0,0.9181610580395001,False,0.02713759060176269,3226.0,0.02713759060176269,0.0,0.0,0.6033333333333334,Neutral
4006,3226.0,0.9276289327934509,False,0.027116757302652037,3226.0,0.027116757302652037,0.0,0.0,0.6,Neutral
4007,3234.0,0.9420194861724543,False,0.01,3234.0,0.01,0.0,0.0,0.5966666666666667,Neutral
4008,3226.0,0.4215695536756665,True,0.02710324538786106,3226.0,0.02710324538786106,0.0,0.0,0.5966666666666667,Neutral
4009,3201.0,0.8526693354692801,False,0.012994862294066177,3201.0,0.012994862294066177,0.0,0.0,0.5933333333333334,Neutral
4010,3243.0,0.4208611319394846,True,0.027319678303964177,3243.0,0.027319678303964177,0.0,0.0,0.5933333333333334,Neutral
4011,3243.0,0.6133345192967455,False,0.027273172131777466,3243.0,0.027273172131777466,0.0,0.0,0.59,Neutral
4012,3226.0,0.9087252199579271,False,0.026975658453445822,3226.0,0.026975658453445822,0.0,0.0,0.5866666666666667,Neutral
4013,3226.0,0.9396015294781185,False,0.026960844400652315,3226.0,0.026960844400652315,0.0,0.0,0.5833333333333334,Neutral
4014,3226.0,0.6119333514281976,False,0.026963924120245657,3226.0,0.026963924120245657,0.0,0.0,0.5833333333333334,Neutral
4015,3226.0,0.6085540025218104,False,0.02693946044794949,3226.0,0.02693946044794949,0.0,0.0,0.58,Neutral
4016,3201.0,0.8633474069359175,False,0.013128644646856305,3201.0,0.013128644646856305,0.0,0.0,0.5766666666666667,Neutral
4017,3201.0,0.7929615743538869,False,0.012865640488967366,3201.0,0.012865640488967366,0.0,0.0,0.5733333333333334,Neutral
4018,3201.0,0.9245269529637963,False,0.012073580015101207,3201.0,0.012073580015101207,0.0,0.0,0.57,Neutral
4019,3243.0,0.9230420667382243,False,0.02725847998304368,3243.0,0.02725847998304368,0.0,0.0,0.5666666666666667,Neutral
4020,3243.0,0.9343252510324502,False,0.02726433985244263,3243.0,0.02726433985244263,0.0,0.0,0.5633333333333334,Neutral
4021,3243.0,0.9358049628322732,False,0.02722456266998614,3243.0,0.02722456266998614,0.0,0.0,0.56,Neutral
4022,3243.0,0.9304661342128702,False,0.027095308466296132,3243.0,0.027095308466296132,0.0,0.0,0.5566666666666666,Neutral
4023,3243.0,0.9390384811092202,False,0.02683322456254451,3243.0,0.02683322456254451,0.0,0.0,0.5533333333333333,Neutral
4024,3243.0,0.9455251392367285,False,0.026509994646333756,3243.0,0.026509994646333756,0.0,0.0,0.55,Neutral
4025,3201.0,0.9490778584880885,False,0.014018161804405448,3201.0,0.014018161804405448,0.0,0.0,0.5466666666666666,Neutral
4026,3201.0,0.9530790066632961,False,0.013699513716803618,3201.0,0.013699513716803618,0.0,0.0,0.5433333333333333,Neutral
4027,3201.0,0.9548436694432869,False,0.01333736123241513,3201.0,0.01333736123241513,0.0,0.0,0.54,Neutral
4028,3199.0,0.5444229322598835,True,0.026154215600035745,3199.0,0.026154215600035745,0.0,0.0,0.54,Neutral
4029,3201.0,0.9521723505159267,False,0.01476803733001057,3201.0,0.01476803733001057,0.0,0.0,0.5366666666666666,Neutral
4030,3201.0,0.9571881889071991,False,0.03339825673137393,3201.0,0.03339825673137393,0.0,0.0,0.5333333333333333,Neutral
4031,3201.0,0.8916503190573757,False,0.06249205668507739,3201.0,0.06249205668507739,0.0,0.0,0.53,Neutral
4032,3226.0,0.9093887565366797,False,0.027059086516344446,3226.0,0.027059086516344446,0.0,0.0,0.5266666666666666,Neutral
4033,3243.0,0.6731074687433504,False,0.026398034141949807,3243.0,0.026398034141949807,0.0,0.0,0.5233333333333333,Neutral
4034,3243.0,0.699031267021162,False,0.026200461202792017,3243.0,0.026200461202792017,0.0,0.0,0.52,Neutral
4035,3243.0,0.7319735175225294,False,0.02588443733673185,3243.0,0.02588443733673185,0.0,0.0,0.5166666666666667,Neutral
4036,3226.0,0.7180673316390012,False,0.026982398352989018,3226.0,0.026982398352989018,0.0,0.0,0.5133333333333333,Neutral
4037,3243.0,0.7587740211493256,False,0.025553534499605447,3243.0,0.025553534499605447,0.0,0.0,0.5133333333333333,Neutral
4038,3226.0,0.7264986117343605,False,0.027008796786797136,3226.0,0.027008796786797136,0.0,0.0,0.5133333333333333,Neutral
4039,3201.0,0.8833942891647485,False,0.14544148688742725,3201.0,0.14544148688742725,0.0,0.0,0.5133333333333333,Neutral
4040,3201.0,0.8726363817983961,False,0.15079689313666864,3201.0,0.15079689313666864,0.0,0.0,0.5133333333333333,Neutral
4041,3201.0,0.8512612352535377,False,0.147207817895681,3201.0,0.147207817895681,0.0,0.0,0.5133333333333333,Positive
4042,3243.0,0.7324696966177735,False,0.02541806389383217,3243.0,0.02541806389383217,0.0,0.0,0.51,Positive
4043,3243.0,0.7644631916959428,False,0.02521954971719397,3243.0,0.02521954971719397,0.0,0.0,0.5066666666666667,Positive
4044,3243.0,0.9274917309229558,False,0.025202217724408806,3243.0,0.025202217724408806,0.0,0.0,0.5033333333333333,Positive
4045,3243.0,0.9080727937039731,False,0.025054644984838174,3243.0,0.025054644984838174,0.0,0.0,0.5,Neutral
4046,3243.0,0.8486053668219081,False,0.02497482420460466,3243.0,0.02497482420460466,0.0,0.0,0.49666666666666665,Neutral
4047,3201.0,1.0,False,0.033382481255811454,3201.0,0.033382481255811454,0.0,0.0,0.49333333333333335,Neutral
4048,3201.0,1.0,False,0.029973313764850556,3201.0,0.029973313764850556,0.0,0.0,0.49,Neutral
4049,3201.0,0.8703793334002385,False,0.027426998812185032,3201.0,0.027426998812185032,0.0,0.0,0.4866666666666667,Neutral
4050,3201.0,1.0,False,0.02613773742892738,3201.0,0.02613773742892738,0.0,0.0,0.48333333333333334,Neutral
4051,3201.0,0.5610762714394502,False,0.024928314658149035,3201.0,0.024928314658149035,0.0,0.0,0.48,Neutral
4052,3201.0,0.6196202320576788,False,0.023949605129755837,3201.0,0.023949605129755837,0.0,0.0,0.4766666666666667,Neutral
4053,3201.0,0.7112161019433219,False,0.0231340361855118,3201.0,0.0231340361855118,0.0,0.0,0.4766666666666667,Neutral
4054,3201.0,0.7340357303838863,False,0.02254221513357247,3201.0,0.02254221513357247,0.0,0.0,0.47333333333333333,Neutral
4055,3201.0,0.7546837931020622,False,0.022217607583519716,3201.0,0.022217607583519716,0.0,0.0,0.47,Neutral
4056,3201.0,1.0,False,0.022071189788829337,3201.0,0.022071189788829337,0.0,0.0,0.4666666666666667,Neutral
4057,3243.0,0.9650789876348244,False,0.02522112215954645,3243.0,0.02522112215954645,0.0,0.0,0.4633333333333333,Neutral
4058,3253.0,0.9980846425780899,False,0.01,3253.0,0.01,0.0,0.0,0.46,Neutral
4059,3243.0,0.8627912402153015,False,0.02574689130870706,3243.0,0.02574689130870706,0.0,0.0,0.45666666666666667,Neutral
4060,3243.0,0.9560762047767639,False,0.026026209227263283,3243.0,0.026026209227263283,0.0,0.0,0.4533333333333333,Neutral
4061,3243.0,0.9419503283433411,False,0.02601047479338064,3243.0,0.02601047479338064,0.0,0.0,0.45,Neutral
4062,3243.0,0.907710244167771,False,0.026314329445095083,3243.0,0.026314329445095083,0.0,0.0,0.44666666666666666,Neutral
4063,3243.0,0.9848658255715204,False,0.026383620878486676,3243.0,0.026383620878486676,0.0,0.0,0.44333333333333336,Neutral
4064,3243.0,0.9885681244202214,False,0.026169105424518693,3243.0,0.026169105424518693,0.0,0.0,0.44,Neutral
4065,3226.0,0.5572819709777832,True,0.03570327909104654,3226.0,0.03570327909104654,0.0,0.0,0.44,Neutral
4066,3243.0,0.9879284501075745,False,0.029730947562355475,3243.0,0.029730947562355475,0.0,0.0,0.43666666666666665,Neutral
4067,3243.0,0.8795780539512634,False,0.03141223188200076,3243.0,0.03141223188200076,0.0,0.0,0.43333333333333335,Neutral
4068,3243.0,0.9401309490203857,False,0.03191168521416094,3243.0,0.03191168521416094,0.0,0.0,0.43,Neutral
4069,3252.0,0.7727435516929656,False,0.029411731353503806,3252.0,0.029411731353503806,0.0,0.0,0.4266666666666667,Neutral
4070,3252.0,0.9679639862527849,False,0.029504799739162313,3252.0,0.029504799739162313,0.0,0.0,0.42333333333333334,Neutral
4071,3243.0,1.0,False,0.02973430600699278,3243.0,0.02973430600699278,0.0,0.0,0.42,Neutral
4072,3252.0,0.9733314966571693,False,0.029661298036787152,3252.0,0.029661298036787152,0.0,0.0,0.4166666666666667,Neutral
4073,3243.0,0.9729898362226692,False,0.026458942746152618,3243.0,0.026458942746152618,0.0,0.0,0.41333333333333333,Neutral
4074,3252.0,0.7422451165817358,False,0.030184177240837246,3252.0,0.030184177240837246,0.0,0.0,0.41,Neutral
4075,3243.0,0.9849508227472451,False,0.02263623779295431,3243.0,0.02263623779295431,0.0,0.0,0.41,Neutral
4076,3243.0,0.9884526768117841,False,0.02125436293183044,3243.0,0.02125436293183044,0.0,0.0,0.4066666666666667,Neutral
4077,3252.0,0.9356406487736936,False,0.029776089016587418,3252.0,0.029776089016587418,0.0,0.0,0.4066666666666667,Neutral
4078,3252.0,0.935592451144869,False,0.0293056893076772,3252.0,0.0293056893076772,0.0,0.0,0.4066666666666667,Neutral
4079,3252.0,0.8186461659453699,False,0.028731971178609882,3252.0,0.028731971178609882,0.0,0.0,0.4066666666666667,Neutral
4080,3247.0,0.85704060703739,False,0.028241565572131856,3247.0,0.028241565572131856,0.0,0.0,0.4066666666666667,Neutral
4081,3252.0,0.8912336961680261,False,0.02785963465415352,3252.0,0.02785963465415352,0.0,0.0,0.4066666666666667,Neutral
4082,3252.0,0.9030619414822703,False,0.02752809928630294,3252.0,0.02752809928630294,0.0,0.0,0.4033333333333333,Neutral
4083,3252.0,0.927927659706773,False,0.027112977992264326,3252.0,0.027112977992264326,0.0,0.0,0.4,Neutral
4084,3252.0,0.9367855733990154,False,0.026785477788721052,3252.0,0.026785477788721052,0.0,0.0,0.4,Neutral
4085,3252.0,0.9428808093765702,False,0.026530616472959928,3252.0,0.026530616472959928,0.0,0.0,0.39666666666666667,Neutral
4086,3252.0,0.9466155416191875,False,0.026219332018667812,3252.0,0.026219332018667812,0.0,0.0,0.3933333333333333,Neutral
4087,3252.0,0.983205803590704,False,0.025938489880048696,3252.0,0.025938489880048696,0.0,0.0,0.39,Neutral
4088,3247.0,0.7071354985237122,False,0.018726125232756033,3247.0,0.018726125232756033,0.0,0.0,0.38666666666666666,Neutral
4089,3252.0,0.977439720380945,False,0.02537136812830352,3252.0,0.02537136812830352,0.0,0.0,0.38333333333333336,Neutral
4090,3247.0,0.6504611372947693,False,0.01926249762243831,3247.0,0.01926249762243831,0.0,0.0,0.38,Neutral
4091,3247.0,0.6302588582038879,True,0.019314270560678713,3247.0,0.019314270560678713,0.0,0.0,0.38,Neutral
4092,3247.0,0.9267266587876075,False,0.01967904219450472,3247.0,0.01967904219450472,0.0,0.0,0.37666666666666665,Neutral
4093,3252.0,0.9126023333055836,False,0.024793926973635805,3252.0,0.024793926973635805,0.0,0.0,0.37666666666666665,Neutral
4094,3247.0,0.882044749510071,False,0.02034653229858088,3247.0,0.02034653229858088,0.0,0.0,0.37333333333333335,Neutral
4095,3247.0,0.8540406662570664,False,0.020864218257806936,3247.0,0.020864218257806936,0.0,0.0,0.37,Neutral
4096,3247.0,0.6475995182991028,True,0.021341619809410357,3247.0,0.021341619809410357,0.0,0.0,0.37,Neutral
4097,3247.0,0.777164829395946,False,0.0217377301929738,3247.0,0.0217377301929738,0.0,0.0,0.36666666666666664,Neutral
4098,3247.0,0.7682901206667381,False,0.022254302672958078,3247.0,0.022254302672958078,0.0,0.0,0.36333333333333334,Neutral
4099,3252.0,0.7463055793306178,False,0.025565560489739934,3252.0,0.025565560489739934,0.0,0.0,0.36,Neutral
4100,3252.0,0.7236952483672883,False,0.025698192515996938,3252.0,0.025698192515996938,0.0,0.0,0.3566666666666667,Neutral
4101,3252.0,0.6701663147820633,False,0.025662138792896423,3252.0,0.025662138792896423,0.0,0.0,0.35333333333333333,Neutral
4102,3252.0,0.9558329756825784,False,0.025810674047121757,3252.0,0.025810674047121757,0.0,0.0,0.35,Neutral
4103,3252.0,0.9817643227775861,False,0.025998907333966925,3252.0,0.025998907333966925,0.0,0.0,0.3466666666666667,Neutral
4104,3252.0,0.9836274723811913,False,0.02614769056278387,3252.0,0.02614769056278387,0.0,0.0,0.3433333333333333,Neutral
4105,3271.0,0.7882071137428284,False,0.020026179358060885,3271.0,0.020026179358060885,0.0,0.0,0.34,Neutral
4106,3290.0,0.8653360530177017,False,0.017621708626795716,3290.0,0.017621708626795716,0.0,0.0,0.33666666666666667,Neutral
4107,3290.0,0.8613949892366456,False,0.018167606672557613,3290.0,0.018167606672557613,0.0,0.0,0.3333333333333333,Neutral
4108,3290.0,0.8672554701169829,False,0.01885662628059834,3290.0,0.01885662628059834,0.0,0.0,0.33,Neutral
4109,3290.0,0.8620677131259028,False,0.01970085659577797,3290.0,0.01970085659577797,0.0,0.0,0.32666666666666666,Neutral
4110,3290.0,0.79889259843787,False,0.0206335202225152,3290.0,0.0206335202225152,0.0,0.0,0.3233333333333333,Neutral
4111,3247.0,0.9606829144447632,False,0.026034248624808916,3247.0,0.026034248624808916,0.0,0.0,0.32,Neutral
4112,3271.0,0.8856014983369862,False,0.018770582423291597,3271.0,0.018770582423291597,0.0,0.0,0.31666666666666665,Neutral
4113,3271.0,0.9069684711205719,False,0.01904260239694289,3271.0,0.01904260239694289,0.0,0.0,0.31333333333333335,Neutral
4114,3271.0,0.9212714895143567,False,0.019392000526318422,3271.0,0.019392000526318422,0.0,0.0,0.31,Neutral
4115,3247.0,0.9634755170859743,False,0.026512193448316748,3247.0,0.026512193448316748,0.0,0.0,0.30666666666666664,Neutral
4116,3247.0,0.9644388797653614,False,0.026569061194430154,3247.0,0.026569061194430154,0.0,0.0,0.30666666666666664,Neutral
4117,3247.0,0.4139299690723419,True,0.02660301798552491,3247.0,0.02660301798552491,0.0,0.0,0.30666666666666664,Neutral
4118,3247.0,0.4395736753940582,True,0.026639655920417525,3247.0,0.026639655920417525,0.0,0.0,0.30666666666666664,Neutral
4119,3247.0,0.964720025625396,False,0.026663744298799412,3247.0,0.026663744298799412,0.0,0.0,0.30333333333333334,Neutral
4120,3247.0,0.9612048293086347,False,0.026681925918669764,3247.0,0.026681925918669764,0.0,0.0,0.30333333333333334,Neutral
4121,3247.0,0.9568314120645149,False,0.02665989406207094,3247.0,0.02665989406207094,0.0,0.0,0.30333333333333334,Neutral
4122,3247.0,0.9535258787087414,False,0.02665814994147988,3247.0,0.02665814994147988,0.0,0.0,0.30333333333333334,Neutral
4123,3247.0,0.9565686064016901,False,0.026659625690935693,3247.0,0.026659625690935693,0.0,0.0,0.3,Neutral
4124,3247.0,0.9544880157771345,False,0.026617745552484078,3247.0,0.026617745552484078,0.0,0.0,0.2966666666666667,Neutral
4125,3247.0,0.9470421784987328,False,0.02671786860197181,3247.0,0.02671786860197181,0.0,0.0,0.29333333333333333,Neutral
4126,3247.0,0.5712013523084606,False,0.026865035305299666,3247.0,0.026865035305299666,0.0,0.0,0.29,Neutral
4127,3247.0,0.5963340073702027,False,0.026909099399711152,3247.0,0.026909099399711152,0.0,0.0,0.2866666666666667,Neutral
4128,3247.0,0.623418384258722,False,0.026842216785029002,3247.0,0.026842216785029002,0.0,0.0,0.2833333333333333,Neutral
4129,3247.0,0.728670346344349,False,0.026703474075691354,3247.0,0.026703474075691354,0.0,0.0,0.28,Neutral
4130,3252.0,0.8081719757040986,False,0.02896493879903226,3252.0,0.02896493879903226,0.0,0.0,0.27666666666666667,Neutral
4131,3252.0,0.8572686149024494,False,0.028087924889522477,3252.0,0.028087924889522477,0.0,0.0,0.2733333333333333,Neutral
4132,3247.0,0.8618038983921423,False,0.025746388498594654,3247.0,0.025746388498594654,0.0,0.0,0.27,Neutral
4133,3247.0,0.8604398029405232,False,0.02592972172702633,3247.0,0.02592972172702633,0.0,0.0,0.26666666666666666,Neutral
4134,3252.0,0.8856551975900361,False,0.025713446082594058,3252.0,0.025713446082594058,0.0,0.0,0.2633333333333333,Neutral
4135,3252.0,0.8977802264938474,False,0.025230714788381733,3252.0,0.025230714788381733,0.0,0.0,0.26,Neutral
4136,3247.0,0.8935674021696723,False,0.024993926829989736,3247.0,0.024993926829989736,0.0,0.0,0.25666666666666665,Neutral
4137,3247.0,0.902515946943334,False,0.025085823124752406,3247.0,0.025085823124752406,0.0,0.0,0.25333333333333335,Neutral
4138,3252.0,0.8919746932163969,False,0.025659923024144903,3252.0,0.025659923024144903,0.0,0.0,0.25,Neutral
4139,3252.0,0.899310679855232,False,0.02581818870863685,3252.0,0.02581818870863685,0.0,0.0,0.24666666666666667,Neutral
4140,3247.0,0.875828141303113,False,0.024915522985892107,3247.0,0.024915522985892107,0.0,0.0,0.24333333333333335,Neutral
4141,3247.0,0.8695548861809044,False,0.024371729151761834,3247.0,0.024371729151761834,0.0,0.0,0.24,Neutral
4142,3247.0,0.8435861980656477,False,0.024550581579914417,3247.0,0.024550581579914417,0.0,0.0,0.23666666666666666,Neutral
4143,3247.0,0.8279264144783599,False,0.0246102851922981,3247.0,0.0246102851922981,0.0,0.0,0.23333333333333334,Neutral
4144,3247.0,0.809854496947117,False,0.024673560977256218,3247.0,0.024673560977256218,0.0,0.0,0.23,Neutral
4145,3247.0,0.844368203673128,False,0.02488047950075273,3247.0,0.02488047950075273,0.0,0.0,0.22666666666666666,Neutral
4146,3247.0,0.8516730445513171,False,0.025363288701266102,3247.0,0.025363288701266102,0.0,0.0,0.22333333333333333,Neutral
4147,3247.0,1.0,False,0.02605481492481675,3247.0,0.02605481492481675,0.0,0.0,0.22,Neutral
4148,3247.0,0.8464981146579247,False,0.02598970687735628,3247.0,0.02598970687735628,0.0,0.0,0.21666666666666667,Neutral
4149,3247.0,0.837748065394723,False,0.02585190149130428,3247.0,0.02585190149130428,0.0,0.0,0.21333333333333335,Neutral
4150,3247.0,0.8203900196831324,False,0.025731553229937948,3247.0,0.025731553229937948,0.0,0.0,0.21,Neutral
4151,3247.0,0.8916084604226844,False,0.02554810826579305,3247.0,0.02554810826579305,0.0,0.0,0.20666666666666667,Neutral
4152,3271.0,0.9428193863839543,False,0.02573406125678707,3271.0,0.02573406125678707,0.0,0.0,0.20333333333333334,Neutral
4153,3252.0,0.9472622335150614,False,0.024268836209208427,3252.0,0.024268836209208427,0.0,0.0,0.2,Neutral
4154,3310.0,0.641344742150353,False,0.019150096000241347,3310.0,0.019150096000241347,0.0,0.0,0.19666666666666666,Neutral
4155,3271.0,0.7294582536841562,False,0.02512358846392645,3271.0,0.02512358846392645,0.0,0.0,0.19333333333333333,Neutral
4156,3271.0,0.8172449001830727,False,0.02492801263598084,3271.0,0.02492801263598084,0.0,0.0,0.19,Neutral
4157,3271.0,0.7645318361184996,False,0.024925176786737894,3271.0,0.024925176786737894,0.0,0.0,0.18666666666666668,Neutral
4158,3271.0,0.7419215782794838,False,0.025139315601583934,3271.0,0.025139315601583934,0.0,0.0,0.18333333333333332,Neutral
4159,3271.0,0.8229465841128188,False,0.025205091615363155,3271.0,0.025205091615363155,0.0,0.0,0.18,Neutral
4160,3271.0,0.7569102395544753,False,0.025239174608051394,3271.0,0.025239174608051394,0.0,0.0,0.17666666666666667,Neutral
4161,3271.0,0.7843096209481589,False,0.025203397980023513,3271.0,0.025203397980023513,0.0,0.0,0.17333333333333334,Neutral
4162,3271.0,0.7560403393905556,False,0.025179201908337175,3271.0,0.025179201908337175,0.0,0.0,0.17,Neutral
4163,3271.0,0.7267547417534924,False,0.025191901484598597,3271.0,0.025191901484598597,0.0,0.0,0.16666666666666666,Neutral
4164,3271.0,0.7299094187057638,False,0.025243739222805293,3271.0,0.025243739222805293,0.0,0.0,0.16333333333333333,Neutral
4165,3271.0,0.7239000030371321,False,0.025306497511455105,3271.0,0.025306497511455105,0.0,0.0,0.16333333333333333,Neutral
4166,3322.0,0.7764530516511402,False,0.018391953783615557,3322.0,0.018391953783615557,0.0,0.0,0.16333333333333333,Neutral
4167,3322.0,0.5202033766832542,True,0.018421305924831315,3322.0,0.018421305924831315,0.0,0.0,0.16333333333333333,Neutral
4168,3322.0,0.5311297306063346,True,0.0184553942079448,3322.0,0.0184553942079448,0.0,0.0,0.16333333333333333,Neutral
4169,3322.0,0.5554422384118796,False,0.018496904444957944,3322.0,0.018496904444957944,0.0,0.0,0.16333333333333333,Neutral
4170,3322.0,0.609689749465406,False,0.018536229925992256,3322.0,0.018536229925992256,0.0,0.0,0.16333333333333333,Neutral
4171,3322.0,0.5520420283491233,False,0.018576079437020297,3322.0,0.018576079437020297,0.0,0.0,0.16666666666666666,Neutral
4172,3322.0,0.613783856695581,False,0.018608039889481093,3322.0,0.018608039889481093,0.0,0.0,0.17,Neutral
4173,3322.0,0.614223306825477,False,0.018641046919854205,3322.0,0.018641046919854205,0.0,0.0,0.17,Neutral
4174,3322.0,0.6147105398508191,False,0.01867505375949566,3322.0,0.01867505375949566,0.0,0.0,0.17333333333333334,Neutral
4175,3322.0,0.6328143518282582,False,0.01866344460438682,3322.0,0.01866344460438682,0.0,0.0,0.17333333333333334,Neutral
4176,3322.0,0.6727058871425166,False,0.018690036078864148,3322.0,0.018690036078864148,0.0,0.0,0.17333333333333334,Neutral
4177,3322.0,0.7941287334675917,False,0.018739765539466602,3322.0,0.018739765539466602,0.0,0.0,0.17333333333333334,Neutral
4178,3326.0,0.8784252009640272,False,0.014459571406285184,3326.0,0.014459571406285184,0.0,0.0,0.17333333333333334,Neutral
4179,3326.0,0.8980383514725422,False,0.01285767858089598,3326.0,0.01285767858089598,0.0,0.0,0.17333333333333334,Neutral
4180,3326.0,0.8879376345883139,False,0.015963729542745452,3326.0,0.015963729542745452,0.0,0.0,0.17333333333333334,Neutral
4181,3326.0,0.9735911642282653,False,0.018148026334359236,3326.0,0.018148026334359236,0.0,0.0,0.17333333333333334,Neutral
4182,3326.0,0.8496600293614042,False,0.020820812863405095,3326.0,0.020820812863405095,0.0,0.0,0.17333333333333334,Neutral
4183,3326.0,0.755806716615574,False,0.022614517170310405,3326.0,0.022614517170310405,0.0,0.0,0.17333333333333334,Neutral
4184,3322.0,0.5825530593849527,False,0.019514151731610956,3322.0,0.019514151731610956,0.0,0.0,0.17333333333333334,Neutral
4185,3322.0,0.6559977021808637,False,0.01980950028270062,3322.0,0.01980950028270062,0.0,0.0,0.17333333333333334,Neutral
4186,3322.0,0.674790263178063,False,0.020105499259832443,3322.0,0.020105499259832443,0.0,0.0,0.17333333333333334,Neutral
4187,3322.0,0.6260482445494514,False,0.020402216270687636,3322.0,0.020402216270687636,0.0,0.0,0.17333333333333334,Neutral
4188,3322.0,0.657833861189598,False,0.020459909531436133,3322.0,0.020459909531436133,0.0,0.0,0.17333333333333334,Neutral
4189,3326.0,0.8635443732328663,False,0.026414429666453448,3326.0,0.026414429666453448,0.0,0.0,0.17333333333333334,Neutral
4190,3322.0,0.7376875092161508,False,0.020932869930578083,3322.0,0.020932869930578083,0.0,0.0,0.17333333333333334,Neutral
4191,3326.0,0.7138900654570799,False,0.025632478272926817,3326.0,0.025632478272926817,0.0,0.0,0.17333333333333334,Neutral
4192,3326.0,0.7937311304234624,False,0.024493568618308252,3326.0,0.024493568618308252,0.0,0.0,0.17333333333333334,Neutral
4193,3326.0,0.771405767856296,False,0.02272032892409144,3326.0,0.02272032892409144,0.0,0.0,0.17333333333333334,Neutral
4194,3326.0,0.7910479463007383,False,0.02062305430786001,3326.0,0.02062305430786001,0.0,0.0,0.17333333333333334,Neutral
4195,3326.0,0.9565404492453212,False,0.01835809472298307,3326.0,0.01835809472298307,0.0,0.0,0.17333333333333334,Neutral
4196,3326.0,0.9015645985084724,False,0.01636810025098489,3326.0,0.01636810025098489,0.0,0.0,0.17333333333333334,Neutral
4197,3316.0,0.6152476510683346,False,0.024674521064144632,3316.0,0.024674521064144632,0.0,0.0,0.17,Neutral
4198,3316.0,0.6422347515580815,False,0.02458123946719247,3316.0,0.02458123946719247,0.0,0.0,0.16666666666666666,Neutral
4199,3316.0,0.6613509360223002,False,0.024466695330603607,3316.0,0.024466695330603607,0.0,0.0,0.16333333333333333,Neutral
4200,3311.0,0.7637282851698248,False,0.027178921571974074,3311.0,0.027178921571974074,0.0,0.0,0.16,Neutral
4201,3311.0,0.7920905785622097,False,0.02731531883783884,3311.0,0.02731531883783884,0.0,0.0,0.15666666666666668,Neutral
4202,3322.0,0.6198089314221866,False,0.022579916034527355,3322.0,0.022579916034527355,0.0,0.0,0.15666666666666668,Neutral
4203,3322.0,0.5454747142537714,True,0.02319428179357441,3322.0,0.02319428179357441,0.0,0.0,0.15666666666666668,Neutral
4204,3322.0,0.5201298956282786,True,0.024095805518668943,3322.0,0.024095805518668943,0.0,0.0,0.15666666666666668,Neutral
4205,3322.0,0.47019041720756216,True,0.01,3322.0,0.01,0.0,0.0,0.15666666666666668,Neutral
4206,3322.0,0.5366473098538096,True,0.026560459419657893,3322.0,0.026560459419657893,0.0,0.0,0.15666666666666668,Neutral
4207,3322.0,0.5015138142056518,True,0.02909383232421829,3322.0,0.02909383232421829,0.0,0.0,0.15666666666666668,Neutral
4208,3316.0,0.8955338396279795,False,0.026029676776619475,3316.0,0.026029676776619475,0.0,0.0,0.15333333333333332,Neutral
4209,3322.0,0.6461976685322494,False,0.03331952824776736,3322.0,0.03331952824776736,0.0,0.0,0.15333333333333332,Neutral
4210,3316.0,0.7894430868127534,False,0.026572645960980325,3316.0,0.026572645960980325,0.0,0.0,0.15,Neutral
4211,3334.0,0.8244530124514199,False,0.01,3334.0,0.01,0.0,0.0,0.14666666666666667,Neutral
4212,3334.0,0.8102835427222221,False,0.01,3334.0,0.01,0.0,0.0,0.14333333333333334,Neutral
4213,3334.0,0.8146861475548766,False,0.01,3334.0,0.01,0.0,0.0,0.14,Neutral
4214,3334.0,0.804003732272322,False,0.01,3334.0,0.01,0.0,0.0,0.13666666666666666,Neutral
4215,3334.0,0.7902125432209144,False,0.01,3334.0,0.01,0.0,0.0,0.13333333333333333,Neutral
4216,3334.0,0.7780605868385904,False,0.010098712748647775,3334.0,0.010098712748647775,0.0,0.0,0.13,Neutral
4217,3334.0,0.7659267786061347,False,0.012124019427885302,3334.0,0.012124019427885302,0.0,0.0,0.12666666666666668,Neutral
4218,3334.0,0.7298732336892639,False,0.01419721567780754,3334.0,0.01419721567780754,0.0,0.0,0.12333333333333334,Neutral
4219,3334.0,0.7182438856576395,False,0.01624309610914856,3334.0,0.01624309610914856,0.0,0.0,0.12,Neutral
4220,3334.0,0.6657845989722678,False,0.01855761281354849,3367.0,0.22121613577514274,0.39580049005371437,0.0,0.11666666666666667,Neutral
4221,3334.0,0.6420960704110621,False,0.020685893541315937,3367.0,0.11910180812175582,0.38342487142247095,0.0,0.11333333333333333,Neutral
4222,3334.0,0.5953413831082319,False,0.022464646514617395,3334.0,0.022464646514617395,0.0,0.0,0.11,Neutral
4223,3334.0,0.5581734188370144,False,0.02400168767688925,3367.0,0.0672608207237248,0.36652798733828656,0.0,0.10666666666666667,Neutral
4224,3364.0,0.976917998547747,False,0.018929622358304775,3364.0,0.018929622358304775,0.0,0.0,0.10333333333333333,Neutral
4225,3364.0,0.9726231248470223,False,0.01898370934529796,3364.0,0.01898370934529796,0.0,0.0,0.10333333333333333,Neutral
4226,3364.0,0.969315052521778,False,0.019067524071293362,3364.0,0.019067524071293362,0.0,0.0,0.10333333333333333,Neutral
4227,3364.0,0.9640463704004745,False,0.01918172231247421,3364.0,0.01918172231247421,0.0,0.0,0.10333333333333333,Neutral
4228,3334.0,0.5371101110147567,True,0.027216289295071597,3334.0,0.027216289295071597,0.0,0.0,0.10333333333333333,Neutral
4229,3334.0,0.5850038040339814,False,0.02721749360475953,3334.0,0.02721749360475953,0.0,0.0,0.10333333333333333,Neutral
4230,3364.0,0.9445891472762241,False,0.019571526935664642,3364.0,0.019571526935664642,0.0,0.0,0.10333333333333333,Neutral
4231,3334.0,0.7951250808450209,False,0.026957823795682345,3334.0,0.026957823795682345,0.0,0.0,0.10333333333333333,Neutral
4232,3364.0,0.9051990048509374,False,0.01980568090304953,3364.0,0.01980568090304953,0.0,0.0,0.10333333333333333,Neutral
4233,3334.0,0.6674122573582469,False,0.026387092423003782,3334.0,0.026387092423003782,0.0,0.0,0.10333333333333333,Neutral
4234,3364.0,0.8629666397710791,False,0.01997635958557894,3364.0,0.01997635958557894,0.0,0.0,0.10333333333333333,Neutral
4235,3334.0,0.6403338842416333,False,0.025642634834600123,3334.0,0.025642634834600123,0.0,0.0,0.10333333333333333,Neutral
4236,3334.0,0.5522808010307709,False,0.025283475427083965,3334.0,0.025283475427083965,0.0,0.0,0.10333333333333333,Neutral
4237,3334.0,0.7189293692650854,False,0.02492453136041217,3334.0,0.02492453136041217,0.0,0.0,0.10333333333333333,Neutral
4238,3334.0,0.578211183305341,False,0.0245772541964681,3334.0,0.0245772541964681,0.0,0.0,0.10333333333333333,Neutral
4239,3334.0,0.5826279273672804,False,0.024283975850728123,3334.0,0.024283975850728123,0.0,0.0,0.10333333333333333,Neutral
4240,3367.0,0.6405969649821756,False,0.02690025371046789,3367.0,0.02690025371046789,0.0,0.0,0.10333333333333333,Neutral
4241,3367.0,0.6625486688612906,False,0.026762817685980423,3367.0,0.026762817685980423,0.0,0.0,0.10333333333333333,Neutral
4242,3367.0,0.6772182250130628,False,0.02667162637510189,3367.0,0.02667162637510189,0.0,0.0,0.10333333333333333,Neutral
4243,3367.0,0.7041935702258937,False,0.02662407372955144,3367.0,0.02662407372955144,0.0,0.0,0.10333333333333333,Neutral
4244,3334.0,0.5367463002394333,True,0.02304991199623334,3334.0,0.02304991199623334,0.0,0.0,0.10333333333333333,Neutral
4245,3334.0,0.49314805169667364,True,0.022870757080778875,3334.0,0.022870757080778875,0.0,0.0,0.10333333333333333,Neutral
4246,3334.0,0.5321198640638856,True,0.022692357694937597,3334.0,0.022692357694937597,0.0,0.0,0.10333333333333333,Neutral
4247,3334.0,0.681663679538425,False,0.02248940365567703,3334.0,0.02248940365567703,0.0,0.0,0.10333333333333333,Neutral
4248,3334.0,0.6974980723100443,False,0.022280030123573047,3334.0,0.022280030123573047,0.0,0.0,0.10333333333333333,Neutral
4249,3334.0,0.726875317447314,False,0.022102120385744835,3334.0,0.022102120385744835,0.0,0.0,0.10333333333333333,Neutral
4250,3334.0,0.55751046918998,False,0.02192288248850568,3334.0,0.02192288248850568,0.0,0.0,0.10333333333333333,Neutral
4251,3334.0,0.6423975717147812,False,0.021786546798460874,3334.0,0.021786546798460874,0.0,0.0,0.10333333333333333,Neutral
4252,3334.0,0.6943024765198198,False,0.02167902916854318,3334.0,0.02167902916854318,0.0,0.0,0.10333333333333333,Neutral
4253,3334.0,0.7137257036625203,False,0.021612571203399867,3334.0,0.021612571203399867,0.0,0.0,0.10333333333333333,Neutral
4254,3334.0,0.8200940225884489,False,0.021612189641855656,3334.0,0.021612189641855656,0.0,0.0,0.10333333333333333,Neutral
4255,3371.0,0.49972906708717346,True,0.026631611106034056,3371.0,0.026631611106034056,0.0,0.0,0.10333333333333333,Neutral
4256,3334.0,0.858595377819027,False,0.021690684071812866,3334.0,0.021690684071812866,0.0,0.0,0.10333333333333333,Neutral
4257,3334.0,0.9428522532209603,False,0.02175151366079401,3334.0,0.02175151366079401,0.0,0.0,0.10333333333333333,Neutral
4258,3334.0,0.9436721810310847,False,0.021868526245068437,3334.0,0.021868526245068437,0.0,0.0,0.10333333333333333,Neutral
4259,3334.0,0.9368526525840861,False,0.02200656139876858,3334.0,0.02200656139876858,0.0,0.0,0.10333333333333333,Neutral
4260,3334.0,0.9451080212564893,False,0.022199491913762224,3334.0,0.022199491913762224,0.0,0.0,0.10333333333333333,Neutral
4261,3334.0,0.9463390821105859,False,0.022386166712898583,3334.0,0.022386166712898583,0.0,0.0,0.10333333333333333,Neutral
4262,3334.0,0.9467019457804284,False,0.022611206501184603,3334.0,0.022611206501184603,0.0,0.0,0.10333333333333333,Neutral
4263,3334.0,0.9464534166347177,False,0.022817417558118863,3334.0,0.022817417558118863,0.0,0.0,0.10333333333333333,Neutral
4264,3271.0,0.7849122881889343,False,0.02588762025599224,3271.0,0.02588762025599224,0.0,0.0,0.10333333333333333,Neutral
4265,3334.0,0.9487622953537997,False,0.02329234923237648,3334.0,0.02329234923237648,0.0,0.0,0.10333333333333333,Neutral
4266,3271.0,0.9525666224291829,False,0.024616227410766068,3271.0,0.024616227410766068,0.0,0.0,0.10333333333333333,Neutral
4267,3271.0,0.9497195964739721,False,0.02408597673650785,3271.0,0.02408597673650785,0.0,0.0,0.10333333333333333,Neutral
4268,3271.0,0.9395850571889945,False,0.023507945528108604,3271.0,0.023507945528108604,0.0,0.0,0.10333333333333333,Neutral
4269,3391.0,0.8209466700310996,False,0.01974154880990609,3391.0,0.01974154880990609,0.0,0.0,0.10666666666666667,Neutral
4270,3391.0,0.8368013750720711,False,0.019834266152721394,3391.0,0.019834266152721394,0.0,0.0,0.11,Neutral
4271,3271.0,0.6619110626573157,False,0.02282615982544966,3271.0,0.02282615982544966,0.0,0.0,0.11,Neutral
4272,3271.0,0.5210437799498465,True,0.02248402714681639,3271.0,0.02248402714681639,0.0,0.0,0.11,Neutral
4273,3271.0,0.49258695768509697,True,0.02305948617679217,3271.0,0.02305948617679217,0.0,0.0,0.11,Neutral
4274,3271.0,0.5582371629286592,False,0.022873180257152046,3271.0,0.022873180257152046,0.0,0.0,0.11,Neutral
4275,3334.0,0.9469913756457443,False,0.02317274542949972,3334.0,0.02317274542949972,0.0,0.0,0.11,Neutral
4276,3334.0,0.9361029136535428,False,0.023028491538298904,3334.0,0.023028491538298904,0.0,0.0,0.11,Neutral
4277,3334.0,0.940004367406651,False,0.02290467753366605,3334.0,0.02290467753366605,0.0,0.0,0.11,Neutral
4278,3334.0,0.8202880132711499,False,0.022716509486463008,3334.0,0.022716509486463008,0.0,0.0,0.11,Neutral
4279,3334.0,0.8560692958567033,False,0.0224545216711077,3334.0,0.0224545216711077,0.0,0.0,0.11,Neutral
4280,3334.0,1.0,False,0.022185010755357337,3334.0,0.022185010755357337,0.0,0.0,0.11,Neutral
4281,3334.0,1.0,False,0.021953879517868626,3334.0,0.021953879517868626,0.0,0.0,0.11,Neutral
4282,3334.0,1.0,False,0.021735415209310247,3334.0,0.021735415209310247,0.0,0.0,0.11,Neutral
4283,3334.0,0.9801379999400469,False,0.021556626287226478,3334.0,0.021556626287226478,0.0,0.0,0.11,Neutral
4284,3334.0,0.9210139953544046,False,0.021408305727107547,3334.0,0.021408305727107547,0.0,0.0,0.11,Neutral
4285,3334.0,0.9489189459269717,False,0.021255327344438562,3334.0,0.021255327344438562,0.0,0.0,0.11,Neutral
4286,3334.0,0.952933642552781,False,0.021116811707602594,3334.0,0.021116811707602594,0.0,0.0,0.11,Neutral
4287,3334.0,0.9483377174094207,False,0.020989271215847795,3334.0,0.020989271215847795,0.0,0.0,0.11,Neutral
4288,3334.0,0.9541405042539218,False,0.02088823125366722,3334.0,0.02088823125366722,0.0,0.0,0.11,Neutral
4289,3334.0,0.965352241331384,False,0.020825567872549303,3334.0,0.020825567872549303,0.0,0.0,0.11,Neutral
4290,3334.0,0.9753604873771966,False,0.0207677309545433,3334.0,0.0207677309545433,0.0,0.0,0.11,Neutral
4291,3334.0,0.9700717395269645,False,0.020728918972174423,3334.0,0.020728918972174423,0.0,0.0,0.11,Neutral
4292,3334.0,0.9788597233336939,False,0.02069185844441341,3334.0,0.02069185844441341,0.0,0.0,0.11,Neutral
4293,3334.0,0.9713525165380377,False,0.020664957452221435,3334.0,0.020664957452221435,0.0,0.0,0.11,Neutral
4294,3334.0,0.970693664080384,False,0.02064595817979577,3334.0,0.02064595817979577,0.0,0.0,0.11,Neutral
4295,3334.0,0.9700342305513545,False,0.02062845671771619,3334.0,0.02062845671771619,0.0,0.0,0.11,Neutral
4296,3367.0,0.9787537831886874,False,0.025764884386132534,3367.0,0.025764884386132534,0.0,0.0,0.11,Neutral
4297,3367.0,0.9781510614543563,False,0.025800397536555764,3367.0,0.025800397536555764,0.0,0.0,0.11,Neutral
4298,3367.0,0.977647023044826,False,0.02580568134977323,3367.0,0.02580568134977323,0.0,0.0,0.11,Neutral
4299,3367.0,0.9772648577731358,False,0.02576341937093957,3367.0,0.02576341937093957,0.0,0.0,0.11,Neutral
4300,3334.0,0.9683262864823732,False,0.020741372572253437,3334.0,0.020741372572253437,0.0,0.0,0.11,Neutral
4301,3367.0,0.9767214602463552,False,0.02566067144500495,3367.0,0.02566067144500495,0.0,0.0,0.11,Neutral
4302,3367.0,0.9764119422666838,False,0.025583952292121508,3367.0,0.025583952292121508,0.0,0.0,0.11,Neutral
4303,3334.0,0.9683877426151216,False,0.02080826222703731,3334.0,0.02080826222703731,0.0,0.0,0.11,Neutral
4304,3399.0,0.6587823419952543,False,0.019276234049860175,3399.0,0.019276234049860175,0.0,0.0,0.11333333333333333,Neutral
4305,3399.0,0.6564236153449966,False,0.019345729362984634,3399.0,0.019345729362984634,0.0,0.0,0.11666666666666667,Neutral
4306,3399.0,0.6504822494896014,False,0.01942093498095843,3399.0,0.01942093498095843,0.0,0.0,0.12,Neutral
4307,3399.0,0.6430534641198573,False,0.01948907064119026,3399.0,0.01948907064119026,0.0,0.0,0.12333333333333334,Neutral
4308,3334.0,0.9712854306174971,False,0.020892755874238764,3334.0,0.020892755874238764,0.0,0.0,0.12333333333333334,Neutral
4309,3334.0,0.97210420042514,False,0.020844778558630893,3334.0,0.020844778558630893,0.0,0.0,0.12333333333333334,Neutral
4310,3334.0,0.9793922474008426,False,0.02079527566208475,3334.0,0.02079527566208475,0.0,0.0,0.12333333333333334,Neutral
4311,3334.0,0.9736492351362356,False,0.0207448379643037,3334.0,0.0207448379643037,0.0,0.0,0.12333333333333334,Neutral
4312,3334.0,0.9796812279834249,False,0.020691208540888885,3334.0,0.020691208540888885,0.0,0.0,0.12333333333333334,Neutral
4313,3399.0,0.6161135700860985,False,0.01996084339573194,3399.0,0.01996084339573194,0.0,0.0,0.12666666666666668,Neutral
4314,3399.0,0.6101413031668756,False,0.02032740526958765,3399.0,0.02032740526958765,0.0,0.0,0.13,Neutral
4315,3399.0,0.5877517255543115,False,0.020601924862439815,3399.0,0.020601924862439815,0.0,0.0,0.13333333333333333,Neutral
4316,3399.0,0.5653997310900604,False,0.020861317526121005,3399.0,0.020861317526121005,0.0,0.0,0.13666666666666666,Neutral
4317,3399.0,0.5443058412139173,True,0.02101489063274323,3399.0,0.02101489063274323,0.0,0.0,0.13666666666666666,Neutral
4318,3399.0,0.5530449004974162,False,0.02118873722322113,3399.0,0.02118873722322113,0.0,0.0,0.14,Neutral
4319,3399.0,0.5791477143298671,False,0.021398703037336358,3399.0,0.021398703037336358,0.0,0.0,0.14333333333333334,Neutral
4320,3399.0,0.6071883537670599,False,0.021606290245720035,3399.0,0.021606290245720035,0.0,0.0,0.14666666666666667,Neutral
4321,3399.0,0.6441955993641121,False,0.02196471834715416,3399.0,0.02196471834715416,0.0,0.0,0.15,Neutral
4322,3399.0,0.672661489652487,False,0.022274744992649392,3399.0,0.022274744992649392,0.0,0.0,0.15333333333333332,Neutral
4323,3399.0,0.6991935911275723,False,0.022628411533682738,3399.0,0.022628411533682738,0.0,0.0,0.15666666666666668,Neutral
4324,3399.0,0.7265006824419679,False,0.023097496984913233,3399.0,0.023097496984913233,0.0,0.0,0.16,Neutral
4325,3399.0,0.7484913446604593,False,0.023567234390832303,3399.0,0.023567234390832303,0.0,0.0,0.16333333333333333,Neutral
4326,3399.0,0.7653429123796829,False,0.024031640650078866,3399.0,0.024031640650078866,0.0,0.0,0.16666666666666666,Neutral
4327,3399.0,0.7792407753636855,False,0.024483959001723093,3399.0,0.024483959001723093,0.0,0.0,0.17,Neutral
4328,3399.0,0.7893663118677247,False,0.02495476824130312,3399.0,0.02495476824130312,0.0,0.0,0.17333333333333334,Neutral
4329,3399.0,0.7956177438078885,False,0.025352891104904424,3399.0,0.025352891104904424,0.0,0.0,0.17666666666666667,Neutral
4330,3399.0,0.7986999038795992,False,0.025699086002088662,3399.0,0.025699086002088662,0.0,0.0,0.18,Neutral
4331,3399.0,0.797817273914972,False,0.02608254806898786,3399.0,0.02608254806898786,0.0,0.0,0.18333333333333332,Neutral
4332,3399.0,0.6548722736484384,False,0.026362073957548436,3399.0,0.026362073957548436,0.0,0.0,0.18666666666666668,Neutral
4333,3399.0,0.6308459720219315,False,0.026649681584022974,3399.0,0.026649681584022974,0.0,0.0,0.19,Neutral
4334,3399.0,0.611550268976613,False,0.026746778035226713,3399.0,0.026746778035226713,0.0,0.0,0.19333333333333333,Neutral
4335,3334.0,0.9829286413865878,False,0.020580607238959887,3334.0,0.020580607238959887,0.0,0.0,0.19333333333333333,Neutral
4336,3399.0,0.7302353945361175,False,0.027288538579042666,3399.0,0.027288538579042666,0.0,0.0,0.19666666666666666,Neutral
4337,3399.0,0.9570766018453389,False,0.027464269740060488,3399.0,0.027464269740060488,0.0,0.0,0.2,Neutral
4338,3399.0,0.9644263879687343,False,0.02751147467806455,3399.0,0.02751147467806455,0.0,0.0,0.20333333333333334,Neutral
4339,,,False,,,,,,,Neutral
4340,3334.0,1.0,False,0.02041769369380198,3334.0,0.02041769369380198,0.0,0.0,0.20333333333333334,Neutral
4341,3334.0,1.0,False,0.020339384669968975,3334.0,0.020339384669968975,0.0,0.0,0.20333333333333334,Neutral
4342,3334.0,1.0,False,0.020279651376772106,3334.0,0.020279651376772106,0.0,0.0,0.20333333333333334,Neutral
4343,3367.0,1.0,False,0.029745981964855537,3367.0,0.029745981964855537,0.0,0.0,0.20333333333333334,Neutral
4344,,,False,,,,,,,Neutral
4345,3334.0,1.0,False,0.02028688644602799,3334.0,0.02028688644602799,0.0,0.0,0.20333333333333334,Neutral
4346,3334.0,1.0,False,0.02031930985743463,3334.0,0.02031930985743463,0.0,0.0,0.20333333333333334,Neutral
4347,3334.0,1.0,False,0.020147924450372466,3334.0,0.020147924450372466,0.0,0.0,0.20333333333333334,Neutral
4348,,,False,,,,,,,Neutral
4349,,,False,,,,,,,Neutral
4350,,,False,,,,,,,Neutral
4351,3334.0,1.0,False,0.020520897689897854,3334.0,0.020520897689897854,0.0,0.0,0.20333333333333334,Neutral
4352,3334.0,0.970683730715679,False,0.020770687697198875,3334.0,0.020770687697198875,0.0,0.0,0.20333333333333334,Neutral
4353,3334.0,0.9700159175874309,False,0.02092118623252109,3334.0,0.02092118623252109,0.0,0.0,0.20333333333333334,Neutral
4354,3334.0,0.9706156863376297,False,0.02098100566042241,3334.0,0.02098100566042241,0.0,0.0,0.20333333333333334,Neutral
4355,3334.0,0.9721673063563468,False,0.020966132815036734,3334.0,0.020966132815036734,0.0,0.0,0.20333333333333334,Neutral
4356,3334.0,0.973611635409183,False,0.02090256184912827,3334.0,0.02090256184912827,0.0,0.0,0.20333333333333334,Neutral
4357,3334.0,0.9741551364975602,False,0.020795281942063107,3334.0,0.020795281942063107,0.0,0.0,0.20333333333333334,Neutral
4358,3334.0,0.9752959010340437,False,0.02061628454675339,3334.0,0.02061628454675339,0.0,0.0,0.20333333333333334,Neutral
4359,3334.0,0.9765399818906014,False,0.020380271566939192,3334.0,0.020380271566939192,0.0,0.0,0.20333333333333334,Neutral
4360,3334.0,0.9776027376772002,False,0.020105203423503144,3334.0,0.020105203423503144,0.0,0.0,0.20333333333333334,Neutral
4361,3334.0,0.978205603627889,False,0.019783561392137196,3334.0,0.019783561392137196,0.0,0.0,0.20333333333333334,Neutral
4362,3401.0,0.979738766411206,False,0.027292484905601537,3401.0,0.027292484905601537,0.0,0.0,0.20333333333333334,Neutral
4363,3401.0,0.979729216499097,False,0.027332925728429897,3401.0,0.027332925728429897,0.0,0.0,0.20333333333333334,Neutral
4364,3401.0,0.9794038043210213,False,0.02730482569370383,3401.0,0.02730482569370383,0.0,0.0,0.20333333333333334,Neutral
4365,3401.0,1.0,False,0.027236001486894316,3401.0,0.027236001486894316,0.0,0.0,0.20333333333333334,Neutral
4366,3401.0,1.0,False,0.027171472733817887,3401.0,0.027171472733817887,0.0,0.0,0.20333333333333334,Neutral
4367,3401.0,1.0,False,0.027138639944360523,3401.0,0.027138639944360523,0.0,0.0,0.20333333333333334,Neutral
4368,3401.0,1.0,False,0.02712369550507104,3401.0,0.02712369550507104,0.0,0.0,0.20333333333333334,Neutral
4369,3401.0,1.0,False,0.02713107702487097,3401.0,0.02713107702487097,0.0,0.0,0.20333333333333334,Neutral
4370,3401.0,1.0,False,0.02715342825629908,3401.0,0.02715342825629908,0.0,0.0,0.20333333333333334,Neutral
4371,3401.0,1.0,False,0.027178136836496173,3401.0,0.027178136836496173,0.0,0.0,0.20333333333333334,Neutral
4372,3401.0,1.0,False,0.027208097944835943,3401.0,0.027208097944835943,0.0,0.0,0.20333333333333334,Neutral
4373,3401.0,1.0,False,0.027242592764333953,3401.0,0.027242592764333953,0.0,0.0,0.20333333333333334,Neutral
4374,3401.0,1.0,False,0.027246734323999315,3401.0,0.027246734323999315,0.0,0.0,0.20333333333333334,Neutral
4375,3401.0,1.0,False,0.027229901804799,3401.0,0.027229901804799,0.0,0.0,0.20333333333333334,Neutral
4376,3401.0,0.9557609276670795,False,0.027193890702788333,3401.0,0.027193890702788333,0.0,0.0,0.20333333333333334,Neutral
4377,3401.0,0.9551872807415662,False,0.027152439565840063,3401.0,0.027152439565840063,0.0,0.0,0.20333333333333334,Neutral
4378,3401.0,1.0,False,0.027077056649175184,3401.0,0.027077056649175184,0.0,0.0,0.20333333333333334,Neutral
4379,3401.0,1.0,False,0.026979263363355075,3401.0,0.026979263363355075,0.0,0.0,0.20333333333333334,Neutral
4380,3401.0,1.0,False,0.02694824532228936,3401.0,0.02694824532228936,0.0,0.0,0.20333333333333334,Neutral
4381,3401.0,1.0,False,0.026868564632799977,3401.0,0.026868564632799977,0.0,0.0,0.20333333333333334,Neutral
4382,3401.0,1.0,False,0.026728573099592243,3401.0,0.026728573099592243,0.0,0.0,0.20333333333333334,Neutral
4383,3401.0,1.0,False,0.026570686378575396,3401.0,0.026570686378575396,0.0,0.0,0.20333333333333334,Neutral
4384,3401.0,1.0,False,0.026382904710191293,3401.0,0.026382904710191293,0.0,0.0,0.20333333333333334,Neutral
4385,3401.0,1.0,False,0.026171982309034166,3401.0,0.026171982309034166,0.0,0.0,0.20333333333333334,Neutral
4386,3401.0,1.0,False,0.025758229848363488,3401.0,0.025758229848363488,0.0,0.0,0.20333333333333334,Neutral
4387,3401.0,1.0,False,0.02559716835150105,3401.0,0.02559716835150105,0.0,0.0,0.20333333333333334,Neutral
4388,3401.0,1.0,False,0.025442790102267094,3401.0,0.025442790102267094,0.0,0.0,0.20333333333333334,Neutral
4389,3402.0,0.977738276822518,False,0.01,3402.0,0.01,0.0,0.0,0.20333333333333334,Neutral
4390,3402.0,0.9724028408913089,False,0.01,3402.0,0.01,0.0,0.0,0.20333333333333334,Neutral
4391,3402.0,0.968869504366097,False,0.011096342610452307,3402.0,0.011096342610452307,0.0,0.0,0.20333333333333334,Neutral
4392,3401.0,0.9635421462210245,False,0.02545485751375632,3401.0,0.02545485751375632,0.0,0.0,0.20333333333333334,Neutral
4393,3401.0,0.9617089573541153,False,0.025387396741289644,3401.0,0.025387396741289644,0.0,0.0,0.20333333333333334,Neutral
4394,3401.0,0.9613843106203283,False,0.02528214225085039,3401.0,0.02528214225085039,0.0,0.0,0.20333333333333334,Neutral
4395,3401.0,0.9610532720089867,False,0.02520157769508538,3401.0,0.02520157769508538,0.0,0.0,0.20333333333333334,Neutral
4396,3401.0,0.9604223531449184,False,0.025140684894757015,3401.0,0.025140684894757015,0.0,0.0,0.20333333333333334,Neutral
4397,3401.0,0.9591868742868318,False,0.025088333899961308,3401.0,0.025088333899961308,0.0,0.0,0.20333333333333334,Neutral
4398,3401.0,0.9574354937062219,False,0.025077370506943295,3401.0,0.025077370506943295,0.0,0.0,0.20333333333333334,Neutral
4399,3401.0,0.9563694796322638,False,0.025086339839962227,3401.0,0.025086339839962227,0.0,0.0,0.20333333333333334,Neutral
4400,3401.0,0.9564438611531265,False,0.025082592053433488,3401.0,0.025082592053433488,0.0,0.0,0.20333333333333334,Neutral
4401,3401.0,0.9571621059473626,False,0.025037612674179935,3401.0,0.025037612674179935,0.0,0.0,0.20333333333333334,Neutral
4402,3401.0,0.9576380796866759,False,0.02497140271077224,3401.0,0.02497140271077224,0.0,0.0,0.20333333333333334,Neutral
4403,3401.0,0.9562435857402263,False,0.024911362330342402,3401.0,0.024911362330342402,0.0,0.0,0.20333333333333334,Neutral
4404,3401.0,0.9560045741844039,False,0.024870071224569777,3401.0,0.024870071224569777,0.0,0.0,0.20333333333333334,Neutral
4405,3401.0,0.9560944589210607,False,0.02483201173862798,3401.0,0.02483201173862798,0.0,0.0,0.20333333333333334,Neutral
4406,3401.0,0.9565209381962416,False,0.024775816366172914,3401.0,0.024775816366172914,0.0,0.0,0.20333333333333334,Neutral
4407,3401.0,0.9566877855695698,False,0.024714105325455083,3401.0,0.024714105325455083,0.0,0.0,0.20333333333333334,Neutral
4408,3401.0,0.9564669532911966,False,0.024665390216903258,3401.0,0.024665390216903258,0.0,0.0,0.20333333333333334,Neutral
4409,3401.0,0.9568881766816368,False,0.02461215222815572,3401.0,0.02461215222815572,0.0,0.0,0.20333333333333334,Neutral
4410,3401.0,0.957867801358488,False,0.024532250430520208,3401.0,0.024532250430520208,0.0,0.0,0.20333333333333334,Neutral
4411,3401.0,0.9590720348203438,False,0.024499215109670052,3401.0,0.024499215109670052,0.0,0.0,0.20333333333333334,Neutral
4412,3401.0,0.9603065539894048,False,0.024508144297085116,3401.0,0.024508144297085116,0.0,0.0,0.20333333333333334,Neutral
4413,3401.0,0.9617929827761647,False,0.024561066683648727,3401.0,0.024561066683648727,0.0,0.0,0.20333333333333334,Neutral
4414,3401.0,0.9635362285056592,False,0.024617382996014795,3401.0,0.024617382996014795,0.0,0.0,0.20333333333333334,Neutral
4415,3401.0,0.9654189228275124,False,0.024692572555293682,3401.0,0.024692572555293682,0.0,0.0,0.20333333333333334,Neutral
4416,3401.0,0.9676740868157648,False,0.024770106378244318,3401.0,0.024770106378244318,0.0,0.0,0.20333333333333334,Neutral
4417,3401.0,0.9698799165097324,False,0.024846615805333833,3401.0,0.024846615805333833,0.0,0.0,0.20333333333333334,Neutral
4418,3401.0,0.972200834115673,False,0.02491008856916404,3401.0,0.02491008856916404,0.0,0.0,0.20333333333333334,Neutral
4419,3401.0,0.974338442223912,False,0.02496730278718241,3401.0,0.02496730278718241,0.0,0.0,0.20333333333333334,Neutral
4420,3401.0,0.97634795125362,False,0.02500480756867936,3401.0,0.02500480756867936,0.0,0.0,0.20333333333333334,Neutral
4421,3401.0,1.0,False,0.02503769511231137,3401.0,0.02503769511231137,0.0,0.0,0.20333333333333334,Neutral
4422,3401.0,1.0,False,0.025049227775898127,3401.0,0.025049227775898127,0.0,0.0,0.20333333333333334,Neutral
4423,3401.0,1.0,False,0.025031915600087155,3401.0,0.025031915600087155,0.0,0.0,0.20333333333333334,Neutral
4424,3401.0,1.0,False,0.025003033834466445,3401.0,0.025003033834466445,0.0,0.0,0.20333333333333334,Neutral
4425,3401.0,1.0,False,0.024959579587226974,3401.0,0.024959579587226974,0.0,0.0,0.20333333333333334,Neutral
4426,3401.0,1.0,False,0.02489978229448516,3401.0,0.02489978229448516,0.0,0.0,0.20333333333333334,Neutral
4427,3401.0,1.0,False,0.024853275386686156,3401.0,0.024853275386686156,0.0,0.0,0.20333333333333334,Neutral
4428,3401.0,1.0,False,0.02481525369168809,3401.0,0.02481525369168809,0.0,0.0,0.20333333333333334,Neutral
4429,3401.0,1.0,False,0.024789465307620877,3401.0,0.024789465307620877,0.0,0.0,0.20333333333333334,Neutral
4430,3401.0,1.0,False,0.024812320089507046,3401.0,0.024812320089507046,0.0,0.0,0.20333333333333334,Neutral
4431,3401.0,1.0,False,0.024864102128054278,3401.0,0.024864102128054278,0.0,0.0,0.20333333333333334,Neutral
4432,3401.0,1.0,False,0.024946532137026342,3401.0,0.024946532137026342,0.0,0.0,0.20333333333333334,Neutral
4433,3401.0,1.0,False,0.025044776565368698,3401.0,0.025044776565368698,0.0,0.0,0.20333333333333334,Neutral
4434,3401.0,1.0,False,0.025147754914062806,3401.0,0.025147754914062806,0.0,0.0,0.20333333333333334,Neutral
4435,3401.0,1.0,False,0.025269918460312173,3401.0,0.025269918460312173,0.0,0.0,0.20333333333333334,Neutral
4436,3401.0,1.0,False,0.025386677693208112,3401.0,0.025386677693208112,0.0,0.0,0.20333333333333334,Neutral
4437,3401.0,1.0,False,0.025484722851879898,3401.0,0.025484722851879898,0.0,0.0,0.20333333333333334,Neutral
4438,3401.0,1.0,False,0.025578799714026077,3401.0,0.025578799714026077,0.0,0.0,0.20333333333333334,Neutral
4439,3401.0,1.0,False,0.025684363834377194,3401.0,0.025684363834377194,0.0,0.0,0.20333333333333334,Neutral
4440,3401.0,1.0,False,0.025803186556618583,3401.0,0.025803186556618583,0.0,0.0,0.20333333333333334,Neutral
4441,3401.0,1.0,False,0.02592701901723838,3401.0,0.02592701901723838,0.0,0.0,0.20333333333333334,Neutral
4442,3401.0,1.0,False,0.026028838884770263,3401.0,0.026028838884770263,0.0,0.0,0.20333333333333334,Neutral
4443,3401.0,1.0,False,0.026098443678046916,3401.0,0.026098443678046916,0.0,0.0,0.20333333333333334,Neutral
4444,3401.0,1.0,False,0.026128712972129153,3401.0,0.026128712972129153,0.0,0.0,0.20333333333333334,Neutral
4445,3401.0,1.0,False,0.026135720068852265,3401.0,0.026135720068852265,0.0,0.0,0.20333333333333334,Neutral
4446,3401.0,1.0,False,0.026141367953238345,3401.0,0.026141367953238345,0.0,0.0,0.20333333333333334,Neutral
4447,3401.0,1.0,False,0.026199051925891535,3401.0,0.026199051925891535,0.0,0.0,0.20333333333333334,Neutral
4448,3401.0,1.0,False,0.026300039522022502,3401.0,0.026300039522022502,0.0,0.0,0.20333333333333334,Neutral
4449,3401.0,1.0,False,0.026450333796318917,3401.0,0.026450333796318917,0.0,0.0,0.20333333333333334,Neutral
4450,3401.0,1.0,False,0.026621259814128193,3401.0,0.026621259814128193,0.0,0.0,0.20333333333333334,Neutral
4451,3401.0,1.0,False,0.02676474233544427,3401.0,0.02676474233544427,0.0,0.0,0.20333333333333334,Neutral
4452,3401.0,1.0,False,0.026856775991782038,3401.0,0.026856775991782038,0.0,0.0,0.20333333333333334,Neutral
4453,3401.0,1.0,False,0.026880987349562763,3401.0,0.026880987349562763,0.0,0.0,0.20333333333333334,Neutral
4454,3401.0,1.0,False,0.026846568588592253,3401.0,0.026846568588592253,0.0,0.0,0.20333333333333334,Neutral
4455,3401.0,1.0,False,0.026816618245558387,3401.0,0.026816618245558387,0.0,0.0,0.20333333333333334,Neutral
4456,3401.0,1.0,False,0.026823328478241034,3401.0,0.026823328478241034,0.0,0.0,0.20333333333333334,Neutral
4457,3401.0,1.0,False,0.02681541998703497,3401.0,0.02681541998703497,0.0,0.0,0.20333333333333334,Neutral
4458,3401.0,1.0,False,0.026748301698639506,3401.0,0.026748301698639506,0.0,0.0,0.20333333333333334,Neutral
4459,3401.0,1.0,False,0.026648526482917205,3401.0,0.026648526482917205,0.0,0.0,0.20333333333333334,Neutral
4460,3401.0,0.9442873857824162,False,0.026586753246514366,3401.0,0.026586753246514366,0.0,0.0,0.20333333333333334,Neutral
4461,3401.0,0.9423905915821842,False,0.0265427447835887,3401.0,0.0265427447835887,0.0,0.0,0.20333333333333334,Neutral
4462,3401.0,0.9403237733311555,False,0.026501888588411363,3401.0,0.026501888588411363,0.0,0.0,0.20333333333333334,Neutral
4463,3401.0,0.8417947819256031,False,0.026427166626252645,3401.0,0.026427166626252645,0.0,0.0,0.20333333333333334,Neutral
4464,3401.0,0.8427225468853161,False,0.026345251388849265,3401.0,0.026345251388849265,0.0,0.0,0.20333333333333334,Neutral
4465,3401.0,0.8430484366982283,False,0.026282844633371483,3401.0,0.026282844633371483,0.0,0.0,0.20333333333333334,Neutral
4466,3401.0,0.8424280014582101,False,0.026222547776794006,3401.0,0.026222547776794006,0.0,0.0,0.20333333333333334,Neutral
4467,3401.0,0.8434962438534321,False,0.026109175622763898,3401.0,0.026109175622763898,0.0,0.0,0.20333333333333334,Neutral
4468,3401.0,0.8435831608114993,False,0.026067823983288097,3401.0,0.026067823983288097,0.0,0.0,0.20333333333333334,Neutral
4469,3401.0,0.8437671959337053,False,0.026025759247815552,3401.0,0.026025759247815552,0.0,0.0,0.20333333333333334,Neutral
4470,3401.0,0.8442994736395047,False,0.02597744162150578,3401.0,0.02597744162150578,0.0,0.0,0.20333333333333334,Neutral
4471,3401.0,0.8454981682974693,False,0.02588805028724323,3401.0,0.02588805028724323,0.0,0.0,0.20333333333333334,Neutral
4472,3401.0,0.8456560198923933,False,0.025860242322389104,3401.0,0.025860242322389104,0.0,0.0,0.20333333333333334,Neutral
4473,3401.0,0.8453545851668609,False,0.025901871384637943,3401.0,0.025901871384637943,0.0,0.0,0.20333333333333334,Neutral
4474,3401.0,0.8452853035618422,False,0.025965890857280183,3401.0,0.025965890857280183,0.0,0.0,0.20333333333333334,Neutral
4475,3401.0,0.8449647601229483,False,0.026014542286531078,3401.0,0.026014542286531078,0.0,0.0,0.20333333333333334,Neutral
4476,3401.0,0.8448124730124742,False,0.02604454829433457,3401.0,0.02604454829433457,0.0,0.0,0.20333333333333334,Neutral
4477,3401.0,0.8499854235098432,False,0.026084516319806954,3401.0,0.026084516319806954,0.0,0.0,0.20333333333333334,Neutral
4478,3401.0,0.8481642043505242,False,0.026131420522364775,3401.0,0.026131420522364775,0.0,0.0,0.20333333333333334,Neutral
4479,3401.0,0.847273491865085,False,0.026198103347337267,3401.0,0.026198103347337267,0.0,0.0,0.20333333333333334,Neutral
4480,3401.0,0.8469881498658932,False,0.026263358767288903,3401.0,0.026263358767288903,0.0,0.0,0.20333333333333334,Neutral
4481,3401.0,0.8476535995317669,False,0.02632767539889137,3401.0,0.02632767539889137,0.0,0.0,0.20333333333333334,Neutral
4482,3401.0,0.8483091953125351,False,0.02639699026697638,3401.0,0.02639699026697638,0.0,0.0,0.20333333333333334,Neutral
4483,3401.0,0.8487552831323056,False,0.026462887487117732,3401.0,0.026462887487117732,0.0,0.0,0.20333333333333334,Neutral
4484,3401.0,0.8211424720770507,False,0.026530866191865413,3401.0,0.026530866191865413,0.0,0.0,0.20333333333333334,Neutral
4485,3401.0,0.8480462931470228,False,0.026626675851309352,3401.0,0.026626675851309352,0.0,0.0,0.20333333333333334,Neutral
4486,3401.0,0.8445021484616898,False,0.02671439880330295,3401.0,0.02671439880330295,0.0,0.0,0.2,Neutral
4487,3401.0,0.8435647160368804,False,0.026782017305471497,3401.0,0.026782017305471497,0.0,0.0,0.19666666666666666,Neutral
4488,3401.0,0.8434428377669541,False,0.02684484172561626,3401.0,0.02684484172561626,0.0,0.0,0.19333333333333333,Neutral
4489,3401.0,0.9468991825717898,False,0.026909877393243593,3401.0,0.026909877393243593,0.0,0.0,0.19,Neutral
4490,3401.0,0.9226641628960608,False,0.02696802907549366,3401.0,0.02696802907549366,0.0,0.0,0.18666666666666668,Neutral
4491,3401.0,0.8626147916053564,False,0.027002534085171576,3401.0,0.027002534085171576,0.0,0.0,0.18333333333333332,Neutral
4492,3401.0,0.9512264980525847,False,0.027036858896246584,3401.0,0.027036858896246584,0.0,0.0,0.18,Neutral
4493,3401.0,0.8673574159643895,False,0.027056271585606865,3401.0,0.027056271585606865,0.0,0.0,0.17666666666666667,Neutral
4494,3401.0,0.8704950789289453,False,0.027083221209832267,3401.0,0.027083221209832267,0.0,0.0,0.17333333333333334,Neutral
4495,3401.0,0.8732002715085331,False,0.027099988372685836,3401.0,0.027099988372685836,0.0,0.0,0.17,Neutral
4496,3401.0,0.8751797867434254,False,0.027110562978372495,3401.0,0.027110562978372495,0.0,0.0,0.16666666666666666,Neutral
4497,3401.0,0.9338317175001876,False,0.027129197911913493,3401.0,0.027129197911913493,0.0,0.0,0.16333333333333333,Neutral
4498,3401.0,0.8799551165286446,False,0.027139906838085436,3401.0,0.027139906838085436,0.0,0.0,0.16,Neutral
4499,3401.0,0.9364735804673997,False,0.02714666242133724,3401.0,0.02714666242133724,0.0,0.0,0.15666666666666668,Neutral
4500,3401.0,0.8837235821008351,False,0.027150329546361242,3401.0,0.027150329546361242,0.0,0.0,0.15333333333333332,Neutral
4501,3401.0,0.9378519801052843,False,0.027150449813216727,3401.0,0.027150449813216727,0.0,0.0,0.15,Neutral
4502,3401.0,0.9593181138501999,False,0.027168771298331153,3401.0,0.027168771298331153,0.0,0.0,0.14666666666666667,Neutral
4503,3401.0,0.9599891229471255,False,0.027183205663319367,3401.0,0.027183205663319367,0.0,0.0,0.14333333333333334,Neutral
4504,3401.0,0.960162832677405,False,0.02719356116743963,3401.0,0.02719356116743963,0.0,0.0,0.14,Neutral
4505,3401.0,0.9603595714991708,False,0.027208362023924786,3401.0,0.027208362023924786,0.0,0.0,0.13666666666666666,Neutral
4506,3401.0,0.9606409539628092,False,0.027229028093793985,3401.0,0.027229028093793985,0.0,0.0,0.13333333333333333,Neutral
4507,3401.0,0.9608011577791556,False,0.02722572833237132,3401.0,0.02722572833237132,0.0,0.0,0.13,Neutral
4508,3401.0,0.9417499040385923,False,0.027235289391818195,3401.0,0.027235289391818195,0.0,0.0,0.12666666666666668,Neutral
4509,3401.0,0.9426576099665386,False,0.027233543730703174,3401.0,0.027233543730703174,0.0,0.0,0.12333333333333334,Neutral
4510,3401.0,0.8673127168883114,False,0.027233660635011498,3401.0,0.027233660635011498,0.0,0.0,0.12,Neutral
4511,3401.0,0.8671302707842328,False,0.027223072627450412,3401.0,0.027223072627450412,0.0,0.0,0.11666666666666667,Neutral
4512,3401.0,0.9437127662986432,False,0.02721451692024798,3401.0,0.02721451692024798,0.0,0.0,0.11333333333333333,Neutral
4513,3401.0,0.892875098501141,False,0.027193043823810936,3401.0,0.027193043823810936,0.0,0.0,0.11,Neutral
4514,3401.0,0.825492460824321,False,0.027189066592230627,3401.0,0.027189066592230627,0.0,0.0,0.10666666666666667,Neutral
4515,3401.0,0.9434865792186187,False,0.027164646275399412,3401.0,0.027164646275399412,0.0,0.0,0.10666666666666667,Neutral
4516,3401.0,0.8684585674759223,False,0.027144461746949254,3401.0,0.027144461746949254,0.0,0.0,0.10666666666666667,Neutral
4517,3401.0,0.942591720907159,False,0.027135351861207472,3401.0,0.027135351861207472,0.0,0.0,0.10666666666666667,Neutral
4518,3401.0,0.9420288565363787,False,0.027125229227334652,3401.0,0.027125229227334652,0.0,0.0,0.10666666666666667,Neutral
4519,3401.0,0.9416787041077946,False,0.027117380427846872,3401.0,0.027117380427846872,0.0,0.0,0.10666666666666667,Neutral
4520,3401.0,0.9417484058791848,False,0.02711708756504293,3401.0,0.02711708756504293,0.0,0.0,0.10333333333333333,Neutral
4521,3401.0,0.9415883199876678,False,0.027136671637944577,3401.0,0.027136671637944577,0.0,0.0,0.10333333333333333,Neutral
4522,3401.0,0.9443668580716471,False,0.027181379867264165,3401.0,0.027181379867264165,0.0,0.0,0.1,Neutral
4523,3401.0,0.9638511205936373,False,0.027207628238831362,3401.0,0.027207628238831362,0.0,0.0,0.1,Neutral
4524,3401.0,0.9647546680174887,False,0.027237726735267875,3401.0,0.027237726735267875,0.0,0.0,0.1,Neutral
4525,3401.0,0.9652798423485544,False,0.027260521894691612,3401.0,0.027260521894691612,0.0,0.0,0.1,Neutral
4526,3401.0,0.9648670597276419,False,0.02726917539774659,3401.0,0.02726917539774659,0.0,0.0,0.1,Neutral
4527,3401.0,0.9631277904038671,False,0.027275720860222175,3401.0,0.027275720860222175,0.0,0.0,0.1,Neutral
4528,3401.0,0.9624017029278369,False,0.027272220107315174,3401.0,0.027272220107315174,0.0,0.0,0.1,Neutral
4529,3401.0,0.9621912697325973,False,0.02728292272793952,3401.0,0.02728292272793952,0.0,0.0,0.1,Neutral
4530,3401.0,0.9609930316218346,False,0.027266772009511907,3401.0,0.027266772009511907,0.0,0.0,0.1,Neutral
4531,3401.0,0.937461950929537,False,0.027203620252224132,3401.0,0.027203620252224132,0.0,0.0,0.1,Neutral
4532,3401.0,0.9329906739504263,False,0.027123935704364475,3401.0,0.027123935704364475,0.0,0.0,0.1,Neutral
4533,3401.0,0.9528467920241707,False,0.02703545688995929,3401.0,0.02703545688995929,0.0,0.0,0.1,Neutral
4534,3401.0,0.9248460891988018,False,0.026951244665348692,3401.0,0.026951244665348692,0.0,0.0,0.1,Neutral
4535,3401.0,0.9196070560482891,False,0.02684045902642265,3401.0,0.02684045902642265,0.0,0.0,0.1,Neutral
4536,3401.0,0.9151665992436928,False,0.026738586904820307,3401.0,0.026738586904820307,0.0,0.0,0.1,Neutral
4537,3401.0,0.9141691254373672,False,0.026606630667300266,3401.0,0.026606630667300266,0.0,0.0,0.1,Neutral
4538,3401.0,0.8176802340401081,False,0.02643753078663561,3401.0,0.02643753078663561,0.0,0.0,0.1,Neutral
4539,3401.0,0.821623452933016,False,0.026223446676344204,3401.0,0.026223446676344204,0.0,0.0,0.1,Neutral
4540,3401.0,0.8242885702459736,False,0.026049423274305004,3401.0,0.026049423274305004,0.0,0.0,0.1,Neutral
4541,3401.0,0.8266048908294676,False,0.025893471007725457,3401.0,0.025893471007725457,0.0,0.0,0.1,Neutral
4542,3401.0,0.8293758510169145,False,0.025775913924896997,3401.0,0.025775913924896997,0.0,0.0,0.1,Neutral
4543,3401.0,0.8326503273056499,False,0.025667960142312717,3401.0,0.025667960142312717,0.0,0.0,0.1,Neutral
4544,3401.0,0.8344803855124154,False,0.02557130536964764,3401.0,0.02557130536964764,0.0,0.0,0.1,Neutral
4545,3401.0,0.8355285860299089,False,0.025462828226928736,3401.0,0.025462828226928736,0.0,0.0,0.1,Neutral
4546,3401.0,0.8616151912033869,False,0.025356161314381745,3401.0,0.025356161314381745,0.0,0.0,0.1,Neutral
4547,3401.0,0.8554623974739457,False,0.025275949486606167,3401.0,0.025275949486606167,0.0,0.0,0.1,Neutral
4548,3401.0,0.8518854634871825,False,0.02519405795858662,3401.0,0.02519405795858662,0.0,0.0,0.1,Neutral
4549,3401.0,0.8503506997536681,False,0.02515018411778142,3401.0,0.02515018411778142,0.0,0.0,0.1,Neutral
4550,3401.0,0.8483506694446998,False,0.025125016639500248,3401.0,0.025125016639500248,0.0,0.0,0.1,Neutral
4551,3401.0,0.8470833107727294,False,0.025120913481593687,3401.0,0.025120913481593687,0.0,0.0,0.1,Neutral
4552,3401.0,0.8458618520748071,False,0.025113754585734824,3401.0,0.025113754585734824,0.0,0.0,0.1,Neutral
4553,3401.0,0.8452678909553799,False,0.025125036958567264,3401.0,0.025125036958567264,0.0,0.0,0.1,Neutral
4554,3401.0,0.8450996153976775,False,0.02516869699386242,3401.0,0.02516869699386242,0.0,0.0,0.1,Neutral
4555,3401.0,0.8456027484232622,False,0.025215708612639155,3401.0,0.025215708612639155,0.0,0.0,0.1,Neutral
4556,3401.0,0.845183434908559,False,0.025251562211361128,3401.0,0.025251562211361128,0.0,0.0,0.1,Neutral
4557,3401.0,0.8456119031874598,False,0.02529839018784619,3401.0,0.02529839018784619,0.0,0.0,0.1,Neutral
4558,3418.0,0.8802388740258836,False,0.020203851128658454,3418.0,0.020203851128658454,0.0,0.0,0.1,Neutral
4559,3401.0,0.8472743180887633,False,0.025415109213354388,3401.0,0.025415109213354388,0.0,0.0,0.1,Neutral
4560,3401.0,0.8489389453580655,False,0.025473857913734323,3401.0,0.025473857913734323,0.0,0.0,0.1,Neutral
4561,3401.0,0.8498684906420186,False,0.025514916232105198,3401.0,0.025514916232105198,0.0,0.0,0.1,Neutral
4562,3401.0,0.8507612286703838,False,0.025542694368703246,3401.0,0.025542694368703246,0.0,0.0,0.1,Neutral
4563,3401.0,0.8513475252323979,False,0.025574555165526685,3401.0,0.025574555165526685,0.0,0.0,0.1,Neutral
4564,3418.0,0.8858491497485006,False,0.02030798428150905,3418.0,0.02030798428150905,0.0,0.0,0.1,Neutral
4565,3418.0,0.8867206652305533,False,0.020310005283720744,3418.0,0.020310005283720744,0.0,0.0,0.1,Neutral
4566,3401.0,0.774580944393351,False,0.025630503634340294,3401.0,0.025630503634340294,0.0,0.0,0.1,Neutral
4567,3401.0,0.7734155367766871,False,0.02564076469357092,3401.0,0.02564076469357092,0.0,0.0,0.1,Neutral
4568,3401.0,0.8548744438262275,False,0.025658696537156835,3401.0,0.025658696537156835,0.0,0.0,0.1,Neutral
4569,3401.0,0.854969934184936,False,0.025668965333327465,3401.0,0.025668965333327465,0.0,0.0,0.1,Neutral
4570,3401.0,0.8553124626783817,False,0.02566550936845574,3401.0,0.02566550936845574,0.0,0.0,0.1,Neutral
4571,3401.0,0.8551420644017016,False,0.02567475442840368,3401.0,0.02567475442840368,0.0,0.0,0.1,Neutral
4572,3401.0,0.7747689163871541,False,0.02568763830507576,3401.0,0.02568763830507576,0.0,0.0,0.1,Neutral
4573,3401.0,0.8547111760022058,False,0.025696579653309622,3401.0,0.025696579653309622,0.0,0.0,0.1,Neutral
4574,3401.0,0.855434110903237,False,0.025697500584791384,3401.0,0.025697500584791384,0.0,0.0,0.1,Neutral
4575,3401.0,0.8559809562972255,False,0.02569235472662942,3401.0,0.02569235472662942,0.0,0.0,0.1,Neutral
4576,3401.0,0.8555499154021844,False,0.025688300487629885,3401.0,0.025688300487629885,0.0,0.0,0.1,Neutral
4577,3401.0,0.8575050975703669,False,0.025693118331546895,3401.0,0.025693118331546895,0.0,0.0,0.09666666666666666,Neutral
4578,3401.0,0.7780687811226439,False,0.025704580341974637,3401.0,0.025704580341974637,0.0,0.0,0.09333333333333334,Neutral
4579,3401.0,0.7808224607466457,False,0.025728426675579043,3401.0,0.025728426675579043,0.0,0.0,0.09333333333333334,Neutral
4580,3401.0,0.7843983473224406,False,0.025752478791450827,3401.0,0.025752478791450827,0.0,0.0,0.09333333333333334,Neutral
4581,3401.0,0.7862683760481828,False,0.025740629954935673,3401.0,0.025740629954935673,0.0,0.0,0.09333333333333334,Neutral
4582,3401.0,0.7893141354525657,False,0.025737710152083395,3401.0,0.025737710152083395,0.0,0.0,0.09333333333333334,Neutral
4583,3401.0,0.8624000751462829,False,0.025743340043792615,3401.0,0.025743340043792615,0.0,0.0,0.09333333333333334,Neutral
4584,3401.0,0.7588576746405393,False,0.0257421471511184,3401.0,0.0257421471511184,0.0,0.0,0.09333333333333334,Neutral
4585,3401.0,0.7501945491780591,False,0.025747411797353324,3401.0,0.025747411797353324,0.0,0.0,0.09333333333333334,Neutral
4586,3401.0,0.7862366607192276,False,0.025746882558969158,3401.0,0.025746882558969158,0.0,0.0,0.09333333333333334,Neutral
4587,3401.0,0.766462025956623,False,0.02572389576067525,3401.0,0.02572389576067525,0.0,0.0,0.09333333333333334,Neutral
4588,3401.0,0.7937268058953508,False,0.025714128991969513,3401.0,0.025714128991969513,0.0,0.0,0.09333333333333334,Neutral
4589,3401.0,0.7891262127900364,False,0.02571392976803981,3401.0,0.02571392976803981,0.0,0.0,0.09333333333333334,Neutral
4590,3401.0,0.7839860373988647,False,0.025749499278076408,3401.0,0.025749499278076408,0.0,0.0,0.09333333333333334,Neutral
4591,3401.0,0.8652608900192159,False,0.025753931865717335,3401.0,0.025753931865717335,0.0,0.0,0.09333333333333334,Neutral
4592,3401.0,0.8635868537797684,False,0.025773227928081576,3401.0,0.025773227928081576,0.0,0.0,0.09333333333333334,Neutral
4593,3401.0,0.8621989441261996,False,0.025782472554762216,3401.0,0.025782472554762216,0.0,0.0,0.09333333333333334,Neutral
4594,3440.0,0.9008322858961708,False,0.020404613995934427,3440.0,0.020404613995934427,0.0,0.0,0.09333333333333334,Neutral
4595,3440.0,0.8999005028980543,False,0.020363408521993327,3440.0,0.020363408521993327,0.0,0.0,0.09333333333333334,Neutral
4596,3440.0,0.8995078917770165,False,0.020333272261368614,3440.0,0.020333272261368614,0.0,0.0,0.09333333333333334,Neutral
4597,3401.0,0.8594813767843003,False,0.025793687145162326,3401.0,0.025793687145162326,0.0,0.0,0.09333333333333334,Neutral
4598,3440.0,0.8986786463315257,False,0.020295404304024812,3440.0,0.020295404304024812,0.0,0.0,0.09333333333333334,Neutral
4599,3440.0,0.8985014765525319,False,0.020280549045577922,3440.0,0.020280549045577922,0.0,0.0,0.09333333333333334,Neutral
4600,3440.0,0.8982085060037379,False,0.02027199544296864,3440.0,0.02027199544296864,0.0,0.0,0.09333333333333334,Neutral
4601,3440.0,0.8981465530854834,False,0.0202658720297042,3440.0,0.0202658720297042,0.0,0.0,0.09333333333333334,Neutral
4602,3401.0,0.8585219642020752,False,0.025794394579594062,3401.0,0.025794394579594062,0.0,0.0,0.09333333333333334,Neutral
4603,3440.0,0.8975448094307662,False,0.02026174221144341,3440.0,0.02026174221144341,0.0,0.0,0.09333333333333334,Neutral
4604,3440.0,0.8969449944600782,False,0.0202646261454581,3440.0,0.0202646261454581,0.0,0.0,0.09333333333333334,Neutral
4605,3401.0,0.8582119571803043,False,0.025768376154006994,3401.0,0.025768376154006994,0.0,0.0,0.09333333333333334,Neutral
4606,3401.0,0.8585982327286603,False,0.025764522859506367,3401.0,0.025764522859506367,0.0,0.0,0.09333333333333334,Neutral
4607,3401.0,0.8587535904820522,False,0.025760166505900656,3401.0,0.025760166505900656,0.0,0.0,0.09333333333333334,Neutral
4608,3401.0,0.8584778212165233,False,0.025749215848049654,3401.0,0.025749215848049654,0.0,0.0,0.09333333333333334,Neutral
4609,3401.0,0.8583561410439577,False,0.02573632606115498,3401.0,0.02573632606115498,0.0,0.0,0.09333333333333334,Neutral
4610,3401.0,0.8584229777262498,False,0.025732456953455714,3401.0,0.025732456953455714,0.0,0.0,0.09,Neutral
4611,3401.0,0.8579553373750284,False,0.025698804396899796,3401.0,0.025698804396899796,0.0,0.0,0.08666666666666667,Neutral
4612,3401.0,0.7775247065563617,False,0.02569960456176954,3401.0,0.02569960456176954,0.0,0.0,0.08333333333333333,Neutral
4613,3401.0,0.8589389025063742,False,0.025682710636890208,3401.0,0.025682710636890208,0.0,0.0,0.08,Neutral
4614,3401.0,0.7793133298373386,False,0.02568440444345412,3401.0,0.02568440444345412,0.0,0.0,0.08,Neutral
4615,3401.0,0.7793546599667954,False,0.025679228980317294,3401.0,0.025679228980317294,0.0,0.0,0.08,Neutral
4616,3401.0,0.7781969423006949,False,0.025698926415315165,3401.0,0.025698926415315165,0.0,0.0,0.08,Neutral
4617,3401.0,0.7774491952305728,False,0.025714496467363096,3401.0,0.025714496467363096,0.0,0.0,0.08,Neutral
4618,3401.0,0.876685657225664,False,0.02575411232955406,3401.0,0.02575411232955406,0.0,0.0,0.08,Neutral
4619,3401.0,0.7857520296100942,False,0.025845820334573395,3401.0,0.025845820334573395,0.0,0.0,0.07666666666666666,Neutral
4620,3401.0,0.5429498706032253,True,0.025900293822676713,3401.0,0.025900293822676713,0.0,0.0,0.07666666666666666,Neutral
4621,3401.0,0.5887474300038136,False,0.026038668634278832,3401.0,0.026038668634278832,0.0,0.0,0.07333333333333333,Neutral
4622,3401.0,0.5722472943907052,False,0.026132929162097487,3401.0,0.026132929162097487,0.0,0.0,0.07,Neutral
4623,3401.0,0.5645790478955737,False,0.026130536986888945,3401.0,0.026130536986888945,0.0,0.0,0.06666666666666667,Neutral
4624,3401.0,0.5612844344051376,False,0.026199864378049515,3401.0,0.026199864378049515,0.0,0.0,0.06333333333333334,Neutral
4625,3401.0,0.5550035146888362,False,0.026261980769149977,3401.0,0.026261980769149977,0.0,0.0,0.06,Neutral
4626,3401.0,0.5398184879899804,True,0.026322036890706682,3401.0,0.026322036890706682,0.0,0.0,0.06,Neutral
4627,3401.0,0.5271030107708017,True,0.026337948417675068,3401.0,0.026337948417675068,0.0,0.0,0.06,Neutral
4628,3401.0,0.47482774997794713,True,0.026453795655406707,3401.0,0.026453795655406707,0.0,0.0,0.06,Neutral
4629,3401.0,0.4635442371811589,True,0.02668728212372122,3401.0,0.02668728212372122,0.0,0.0,0.06,Neutral
4630,3401.0,0.48453419472860454,True,0.026658920711769764,3401.0,0.026658920711769764,0.0,0.0,0.06,Neutral
4631,3401.0,0.4416825119237337,True,0.02664958726209741,3401.0,0.02664958726209741,0.0,0.0,0.06,Neutral
4632,3401.0,0.44526398575167253,True,0.01,3401.0,0.01,0.0,0.0,0.06,Neutral
4633,3401.0,0.441813761611064,True,0.01,3401.0,0.01,0.0,0.0,0.06,Neutral
4634,3401.0,0.46960700466746796,True,0.01,3401.0,0.01,0.0,0.0,0.06,Neutral
4635,3442.0,0.43399917248330544,True,0.01,3442.0,0.01,0.0,0.0,0.06,Neutral
4636,3442.0,0.43920004674041546,True,0.01,3442.0,0.01,0.0,0.0,0.06,Neutral
4637,3442.0,0.4350420674482602,True,0.01,3442.0,0.01,0.0,0.0,0.06,Neutral
4638,3442.0,0.4286331459457587,True,0.01,3442.0,0.01,0.0,0.0,0.06,Neutral
4639,3442.0,0.4228778022640285,True,0.01,3442.0,0.01,0.0,0.0,0.06,Neutral
4640,3442.0,0.4149476483106944,True,0.01,3442.0,0.01,0.0,0.0,0.06,Neutral
4641,3401.0,0.4263856633764856,True,0.01,3401.0,0.01,0.0,0.0,0.06,Neutral
4642,3401.0,0.7029316507940947,False,0.02680673534593661,3401.0,0.02680673534593661,0.0,0.0,0.056666666666666664,Neutral
4643,3401.0,0.4474472174388031,True,0.01,3401.0,0.01,0.0,0.0,0.056666666666666664,Neutral
4644,3401.0,0.4554433859371348,True,0.02686822218810427,3401.0,0.02686822218810427,0.0,0.0,0.056666666666666664,Neutral
4645,3401.0,0.4476527416306111,True,0.026860752621560475,3401.0,0.026860752621560475,0.0,0.0,0.056666666666666664,Neutral
4646,3401.0,0.4917927304075697,True,0.026858976635031933,3401.0,0.026858976635031933,0.0,0.0,0.056666666666666664,Neutral
4647,3401.0,0.5118675893451397,True,0.026860118501409926,3401.0,0.026860118501409926,0.0,0.0,0.056666666666666664,Neutral
4648,3401.0,0.531997513344986,True,0.026865393052963798,3401.0,0.026865393052963798,0.0,0.0,0.056666666666666664,Neutral
4649,3401.0,0.550238018235835,False,0.0268509083170847,3401.0,0.0268509083170847,0.0,0.0,0.05333333333333334,Neutral
4650,3443.0,0.7633459668890885,False,0.020081530903590387,3443.0,0.020081530903590387,0.0,0.0,0.05,Neutral
4651,3443.0,0.7381696711375818,False,0.020037376315054055,3443.0,0.020037376315054055,0.0,0.0,0.04666666666666667,Neutral
4652,3443.0,0.7303778503918986,False,0.020014985113482518,3443.0,0.020014985113482518,0.0,0.0,0.043333333333333335,Neutral
4653,3443.0,0.7206176490277114,False,0.01998802845325742,3443.0,0.01998802845325742,0.0,0.0,0.04,Neutral
4654,3443.0,0.69903425493635,False,0.01995637409487271,3443.0,0.01995637409487271,0.0,0.0,0.03666666666666667,Neutral
4655,3401.0,0.6304017823303633,False,0.026751842353749875,3401.0,0.026751842353749875,0.0,0.0,0.03333333333333333,Neutral
4656,3401.0,0.6392615334521697,False,0.026721400773708857,3401.0,0.026721400773708857,0.0,0.0,0.03,Neutral
4657,3401.0,0.6459743830316672,False,0.02670445025254235,3401.0,0.02670445025254235,0.0,0.0,0.02666666666666667,Neutral
4658,3401.0,0.7354118523531398,False,0.026687724840862813,3401.0,0.026687724840862813,0.0,0.0,0.023333333333333334,Neutral
4659,3401.0,0.6590319308633065,False,0.02667404935341628,3401.0,0.02667404935341628,0.0,0.0,0.02,Neutral
4660,3401.0,0.6645481158847883,False,0.02666051593618627,3401.0,0.02666051593618627,0.0,0.0,0.016666666666666666,Neutral
4661,3401.0,0.6673719668860911,False,0.026645378224947638,3401.0,0.026645378224947638,0.0,0.0,0.013333333333333334,Neutral
4662,3401.0,0.669071449670196,False,0.026632151145876953,3401.0,0.026632151145876953,0.0,0.0,0.01,Neutral
4663,3401.0,0.6704717206050995,False,0.026619113182909868,3401.0,0.026619113182909868,0.0,0.0,0.01,Neutral
4664,3401.0,0.6708853469634077,False,0.026610415314888378,3401.0,0.026610415314888378,0.0,0.0,0.006666666666666667,Neutral
4665,3401.0,0.6729073321838546,False,0.02660407781927774,3401.0,0.02660407781927774,0.0,0.0,0.0033333333333333335,Neutral
4666,3401.0,0.6706593483771239,False,0.0266161361191035,3401.0,0.0266161361191035,0.0,0.0,0.0,Neutral
4667,3401.0,0.6675995114646672,False,0.026631909253134183,3401.0,0.026631909253134183,0.0,0.0,0.0,Neutral
4668,3401.0,0.6657935929369733,False,0.026636924355219832,3401.0,0.026636924355219832,0.0,0.0,0.0,Neutral
4669,3401.0,0.6590938270825704,False,0.0266265671391632,3401.0,0.0266265671391632,0.0,0.0,0.0,Neutral
4670,3401.0,0.6481381058947437,False,0.026626944018902872,3401.0,0.026626944018902872,0.0,0.0,0.0,Neutral
4671,3401.0,0.6391078662059667,False,0.02663240666541838,3401.0,0.02663240666541838,0.0,0.0,0.0,Neutral
4672,3401.0,0.6280303852756564,False,0.026644974787144476,3401.0,0.026644974787144476,0.0,0.0,0.0,Neutral
4673,3401.0,0.6176452550990214,False,0.026639449317881786,3401.0,0.026639449317881786,0.0,0.0,0.0,Neutral
4674,3401.0,0.6068104720893788,False,0.026637105303840527,3401.0,0.026637105303840527,0.0,0.0,0.0,Neutral
4675,3401.0,0.5998534125561112,False,0.026650029500476305,3401.0,0.026650029500476305,0.0,0.0,0.0,Neutral
4676,3401.0,0.6529174435455004,False,0.026652065509424568,3401.0,0.026652065509424568,0.0,0.0,0.0,Neutral
4677,3401.0,0.5816805232314749,False,0.026648362492746522,3401.0,0.026648362492746522,0.0,0.0,0.0,Neutral
4678,3401.0,0.7492973583386029,False,0.02665720997187352,3401.0,0.02665720997187352,0.0,0.0,0.0,Neutral
4679,3401.0,0.7503411210066514,False,0.02667038561302177,3401.0,0.02667038561302177,0.0,0.0,0.0,Neutral
4680,3401.0,0.7529467077153367,False,0.02669148835556771,3401.0,0.02669148835556771,0.0,0.0,0.0,Neutral
4681,3401.0,0.6330323247010299,False,0.026684904004626097,3401.0,0.026684904004626097,0.0,0.0,0.0,Neutral
4682,3401.0,0.6278801656166274,False,0.026680067874712644,3401.0,0.026680067874712644,0.0,0.0,0.0,Neutral
4683,3443.0,0.7367330317975007,False,0.020127678485895004,3443.0,0.020127678485895004,0.0,0.0,0.0,Neutral
4684,3401.0,0.6281404035841007,False,0.026689001879603946,3401.0,0.026689001879603946,0.0,0.0,0.0,Neutral
4685,3443.0,0.7422524480901765,False,0.020089583695414602,3443.0,0.020089583695414602,0.0,0.0,0.0,Neutral
4686,3443.0,0.7407092002434905,False,0.020054220924506767,3443.0,0.020054220924506767,0.0,0.0,0.0,Neutral
4687,3443.0,0.7399358898187286,False,0.02002124710654019,3443.0,0.02002124710654019,0.0,0.0,0.0,Neutral
4688,3443.0,0.7358669847789789,False,0.019985211324253373,3443.0,0.019985211324253373,0.0,0.0,0.0,Neutral
4689,3443.0,0.729669148038003,False,0.019909345685123262,3443.0,0.019909345685123262,0.0,0.0,0.0,Neutral
4690,3401.0,0.6793516402087196,False,0.02663209122424188,3401.0,0.02663209122424188,0.0,0.0,0.0,Neutral
4691,3401.0,0.6908339103234045,False,0.026676851038776997,3401.0,0.026676851038776997,0.0,0.0,0.0,Neutral
4692,3443.0,0.7409515636793926,False,0.019784637783105883,3443.0,0.019784637783105883,0.0,0.0,0.0,Neutral
4693,3401.0,0.7178077748926914,False,0.026818508808965053,3401.0,0.026818508808965053,0.0,0.0,0.0,Neutral
4694,3401.0,0.6556672493746851,False,0.02690219613807983,3401.0,0.02690219613807983,0.0,0.0,0.0,Neutral
4695,3401.0,0.6627038239957351,False,0.026953179107279752,3401.0,0.026953179107279752,0.0,0.0,0.0,Neutral
4696,3401.0,0.671541693040465,False,0.02698968280095314,3401.0,0.02698968280095314,0.0,0.0,0.0,Neutral
4697,3401.0,0.6800174036522191,False,0.02703655639132101,3401.0,0.02703655639132101,0.0,0.0,0.0,Neutral
4698,3401.0,0.7488020439820592,False,0.02704189802391842,3401.0,0.02704189802391842,0.0,0.0,0.0,Neutral
4699,3401.0,0.7548965155210878,False,0.027034054601505608,3401.0,0.027034054601505608,0.0,0.0,0.0,Neutral
4700,3401.0,1.0,False,0.02660120913100222,3401.0,0.02660120913100222,0.0,0.0,0.0,Neutral
4701,3452.0,0.9930731666172119,False,0.023954505596465274,3452.0,0.023954505596465274,0.0,0.0,0.0,Neutral
4702,3452.0,0.996148187095666,False,0.02361311404250642,3452.0,0.02361311404250642,0.0,0.0,0.0,Neutral
4703,3452.0,0.9938830789425194,False,0.02282136543344664,3452.0,0.02282136543344664,0.0,0.0,0.0,Neutral
4704,3452.0,0.9942703879917665,False,0.022134408638671145,3452.0,0.022134408638671145,0.0,0.0,0.0,Neutral
4705,3452.0,0.9946365118630636,False,0.02148685039447827,3452.0,0.02148685039447827,0.0,0.0,0.0,Neutral
4706,3453.0,0.9537551405968383,False,0.07560259292862198,3453.0,0.07560259292862198,0.0,0.0,0.0,Neutral
4707,3452.0,0.9951166115166948,False,0.02042756393554465,3452.0,0.02042756393554465,0.0,0.0,0.0,Neutral
4708,3452.0,0.995391266051933,False,0.019877734256309308,3452.0,0.019877734256309308,0.0,0.0,0.0,Neutral
4709,3452.0,0.9956462120087715,False,0.019319923663549208,3452.0,0.019319923663549208,0.0,0.0,0.0,Neutral
4710,3452.0,0.9960080828949313,False,0.01871555314755156,3452.0,0.01871555314755156,0.0,0.0,0.0,Neutral
4711,3452.0,0.9963939495311387,False,0.01812467278667894,3452.0,0.01812467278667894,0.0,0.0,0.0,Neutral
4712,3452.0,0.996739422397766,False,0.017588490978002396,3452.0,0.017588490978002396,0.0,0.0,0.0,Neutral
4713,3454.0,0.9219758186057027,False,0.01,3454.0,0.01,0.0,0.0,0.0033333333333333335,Neutral
4714,3454.0,0.98038053725596,False,0.01,3454.0,0.01,0.0,0.0,0.006666666666666667,Neutral
4715,3454.0,0.9795844399625371,False,0.01,3454.0,0.01,0.0,0.0,0.01,Neutral
4716,3454.0,0.9783217631884578,False,0.01,3454.0,0.01,0.0,0.0,0.013333333333333334,Neutral
4717,3454.0,0.9776785061694533,False,0.01,3454.0,0.01,0.0,0.0,0.016666666666666666,Neutral
4718,3454.0,0.9777771615346441,False,0.01,3454.0,0.01,0.0,0.0,0.02,Neutral
4719,3454.0,0.9772104523575245,False,0.01,3454.0,0.01,0.0,0.0,0.023333333333333334,Neutral
4720,3454.0,0.9354037327215661,False,0.01,3454.0,0.01,0.0,0.0,0.02666666666666667,Neutral
4721,3454.0,0.9444277452158925,False,0.010522976970419307,3454.0,0.010522976970419307,0.0,0.0,0.03,Neutral
4722,3454.0,0.945971313219316,False,0.012564262816483623,3454.0,0.012564262816483623,0.0,0.0,0.03333333333333333,Neutral
4723,3454.0,0.9434642502117949,False,0.01468219927352848,3454.0,0.01468219927352848,0.0,0.0,0.03666666666666667,Neutral
4724,3454.0,0.937691590482217,False,0.016763579653742845,3454.0,0.016763579653742845,0.0,0.0,0.04,Neutral
4725,3454.0,0.9297220789226285,False,0.01868761434818391,3454.0,0.01868761434818391,0.0,0.0,0.043333333333333335,Neutral
4726,3454.0,0.9195044538104213,False,0.02036044524438476,3454.0,0.02036044524438476,0.0,0.0,0.04666666666666667,Neutral
4727,3454.0,0.9070382246685372,False,0.021821689311170376,3454.0,0.021821689311170376,0.0,0.0,0.05,Neutral
4728,3454.0,0.8910844067910278,False,0.02312652396132324,3454.0,0.02312652396132324,0.0,0.0,0.05333333333333334,Neutral
4729,3454.0,0.8725477372616112,False,0.024170710444047415,3454.0,0.024170710444047415,0.0,0.0,0.056666666666666664,Neutral
4730,3454.0,0.8518874527086401,False,0.025029636437015,3454.0,0.025029636437015,0.0,0.0,0.06,Neutral
4731,3454.0,0.8286713968136361,False,0.02579538738925149,3454.0,0.02579538738925149,0.0,0.0,0.06333333333333334,Neutral
4732,3454.0,0.8020076918435671,False,0.026334058537802227,3454.0,0.026334058537802227,0.0,0.0,0.06666666666666667,Neutral
4733,3454.0,0.6266112923622131,True,0.026747852133486603,3454.0,0.026747852133486603,0.0,0.0,0.06666666666666667,Neutral
4734,3454.0,0.6053184270858765,True,0.027200127720453687,3454.0,0.027200127720453687,0.0,0.0,0.06666666666666667,Neutral
4735,3454.0,0.6984968939933833,False,0.027521826691505085,3454.0,0.027521826691505085,0.0,0.0,0.07,Neutral
4736,3454.0,0.9897965125073175,False,0.02763629461711008,3454.0,0.02763629461711008,0.0,0.0,0.07333333333333333,Neutral
4737,3453.0,1.0,False,0.018397117968055928,3453.0,0.018397117968055928,0.0,0.0,0.07333333333333333,Neutral
4738,3401.0,0.9853121439674125,False,0.026884370739211853,3401.0,0.026884370739211853,0.0,0.0,0.07333333333333333,Neutral
4739,3401.0,1.0,False,0.027005106760030546,3401.0,0.027005106760030546,0.0,0.0,0.07333333333333333,Neutral
4740,3401.0,1.0,False,0.02700859904020706,3401.0,0.02700859904020706,0.0,0.0,0.07333333333333333,Neutral
4741,3460.0,0.7172506745898184,False,0.024925534825640024,3460.0,0.024925534825640024,0.0,0.0,0.07666666666666666,Neutral
4742,3460.0,0.735263670676474,False,0.02462967140136627,3460.0,0.02462967140136627,0.0,0.0,0.08,Neutral
4743,3460.0,0.7501312055959121,False,0.024383863135152152,3460.0,0.024383863135152152,0.0,0.0,0.08333333333333333,Neutral
4744,3460.0,0.5185585618019104,True,0.02411578439186715,3460.0,0.02411578439186715,0.0,0.0,0.08333333333333333,Neutral
4745,3460.0,0.7774183611641219,False,0.023800727254671236,3460.0,0.023800727254671236,0.0,0.0,0.08666666666666667,Neutral
4746,3460.0,0.7900586315060939,False,0.02343355724405864,3460.0,0.02343355724405864,0.0,0.0,0.09,Neutral
4747,3460.0,0.8042639831688269,False,0.023060730576377482,3460.0,0.023060730576377482,0.0,0.0,0.09333333333333334,Neutral
4748,3460.0,0.8173152232436864,False,0.02269749000675242,3460.0,0.02269749000675242,0.0,0.0,0.09666666666666666,Neutral
4749,3460.0,0.8306684911137501,False,0.022387559864646907,3460.0,0.022387559864646907,0.0,0.0,0.1,Neutral
4750,3460.0,0.8485285353267369,False,0.02203397731461327,3460.0,0.02203397731461327,0.0,0.0,0.10333333333333333,Neutral
4751,3460.0,0.6813580393791199,False,0.021649723804264807,3460.0,0.021649723804264807,0.0,0.0,0.10666666666666667,Neutral
4752,3460.0,0.6870524883270264,False,0.02124340824248142,3460.0,0.02124340824248142,0.0,0.0,0.11,Neutral
4753,3460.0,0.7023538947105408,False,0.020825216283934318,3460.0,0.020825216283934318,0.0,0.0,0.11333333333333333,Neutral
4754,3460.0,0.7238180041313171,False,0.020407997469181323,3460.0,0.020407997469181323,0.0,0.0,0.11666666666666667,Neutral
4755,3460.0,0.7645730376243591,False,0.020003763376753546,3460.0,0.020003763376753546,0.0,0.0,0.12,Neutral
4756,3460.0,0.7801996469497681,False,0.019665387259903043,3460.0,0.019665387259903043,0.0,0.0,0.12333333333333334,Neutral
4757,3460.0,0.950662411657643,False,0.019376400252392824,3460.0,0.019376400252392824,0.0,0.0,0.12666666666666668,Neutral
4758,3460.0,0.8651649355888367,False,0.019129959325163808,3460.0,0.019129959325163808,0.0,0.0,0.13,Neutral
4759,3460.0,0.8738422989845276,False,0.018904435901521195,3460.0,0.018904435901521195,0.0,0.0,0.13333333333333333,Neutral
4760,3460.0,0.8938087821006775,False,0.018694222339607967,3460.0,0.018694222339607967,0.0,0.0,0.13666666666666666,Neutral
4761,3460.0,0.8965053558349609,False,0.01849814523346469,3460.0,0.01849814523346469,0.0,0.0,0.14,Neutral
4762,3460.0,0.9104065299034119,False,0.018316305340490696,3460.0,0.018316305340490696,0.0,0.0,0.14333333333333334,Neutral
4763,3401.0,0.9959813356399536,False,0.026884323188660124,3401.0,0.026884323188660124,0.0,0.0,0.14333333333333334,Neutral
4764,3401.0,0.995357096195221,False,0.026898042063071795,3401.0,0.026898042063071795,0.0,0.0,0.14333333333333334,Neutral
4765,3462.0,0.8946961669672046,False,0.019024570895168774,3462.0,0.019024570895168774,0.0,0.0,0.14666666666666667,Neutral
4766,3462.0,0.8807662992139257,False,0.021071734609123375,3462.0,0.021071734609123375,0.0,0.0,0.15,Neutral
4767,3462.0,0.8674973942205771,False,0.022748066658671257,3462.0,0.022748066658671257,0.0,0.0,0.15333333333333332,Neutral
4768,3462.0,0.8554192323025146,False,0.024059251043686808,3462.0,0.024059251043686808,0.0,0.0,0.15666666666666668,Neutral
4769,3462.0,0.8428587719204887,False,0.02508858654243589,3462.0,0.02508858654243589,0.0,0.0,0.16,Neutral
4770,3462.0,0.8292313948662414,False,0.025879000152454302,3462.0,0.025879000152454302,0.0,0.0,0.16333333333333333,Neutral
4771,3462.0,0.8156708449446138,False,0.02639524274911432,3462.0,0.02639524274911432,0.0,0.0,0.16666666666666666,Neutral
4772,3462.0,0.8019525071936736,False,0.02679053777901812,3462.0,0.02679053777901812,0.0,0.0,0.17,Neutral
4773,3462.0,0.7855842090915955,False,0.0270361093485301,3462.0,0.0270361093485301,0.0,0.0,0.17333333333333334,Neutral
4774,3462.0,0.7666028853320679,False,0.02715982633244562,3462.0,0.02715982633244562,0.0,0.0,0.17666666666666667,Neutral
4775,3462.0,0.7434700210086994,False,0.027203376078413624,3462.0,0.027203376078413624,0.0,0.0,0.18,Neutral
4776,3462.0,0.7163355828800172,False,0.02716853731824415,3462.0,0.02716853731824415,0.0,0.0,0.18333333333333332,Neutral
4777,3462.0,0.6857773258542248,False,0.027091544736108582,3462.0,0.027091544736108582,0.0,0.0,0.18666666666666668,Neutral
4778,3462.0,0.6549979508571963,False,0.026993232497373693,3462.0,0.026993232497373693,0.0,0.0,0.19,Neutral
4779,3462.0,0.6211682529399303,False,0.026863265580432557,3462.0,0.026863265580432557,0.0,0.0,0.19333333333333333,Neutral
4780,3462.0,0.5877061738997869,False,0.026712795740162516,3462.0,0.026712795740162516,0.0,0.0,0.19666666666666666,Neutral
4781,3462.0,0.5556997997488496,False,0.026570175476885612,3462.0,0.026570175476885612,0.0,0.0,0.2,Neutral
4782,3462.0,0.5421312962949314,True,0.026424551527745914,3462.0,0.026424551527745914,0.0,0.0,0.2,Neutral
4783,3462.0,0.5502644699598102,False,0.026238357275556633,3462.0,0.026238357275556633,0.0,0.0,0.20333333333333334,Neutral
4784,3462.0,0.5728721827689415,False,0.02605880405724665,3462.0,0.02605880405724665,0.0,0.0,0.20666666666666667,Neutral
4785,3462.0,0.5967515463935336,False,0.025883094183189195,3462.0,0.025883094183189195,0.0,0.0,0.21,Neutral
4786,3462.0,0.6165459479583613,False,0.02571200242961735,3462.0,0.02571200242961735,0.0,0.0,0.21333333333333335,Neutral
4787,3462.0,0.6463360526969247,False,0.02552890610168527,3462.0,0.02552890610168527,0.0,0.0,0.21666666666666667,Neutral
4788,3462.0,0.6786741013319119,False,0.025330289364362605,3462.0,0.025330289364362605,0.0,0.0,0.22,Neutral
4789,3462.0,0.7062650568107128,False,0.025127684768601295,3462.0,0.025127684768601295,0.0,0.0,0.22333333333333333,Neutral
4790,3462.0,0.7273479895014091,False,0.024913956544006806,3462.0,0.024913956544006806,0.0,0.0,0.22666666666666666,Neutral
4791,3462.0,0.7458584112892707,False,0.024680332460751873,3462.0,0.024680332460751873,0.0,0.0,0.23,Neutral
4792,3462.0,0.759736549429557,False,0.02443817334565841,3462.0,0.02443817334565841,0.0,0.0,0.23333333333333334,Neutral
4793,3462.0,0.7718996754882509,False,0.02420566252167778,3462.0,0.02420566252167778,0.0,0.0,0.23666666666666666,Neutral
4794,3462.0,0.7846700489406769,False,0.02396845909641584,3462.0,0.02396845909641584,0.0,0.0,0.24,Neutral
4795,3462.0,0.7980009510026369,False,0.02373019423437282,3462.0,0.02373019423437282,0.0,0.0,0.24333333333333335,Neutral
4796,3462.0,0.8117213500908025,False,0.02348682243213344,3462.0,0.02348682243213344,0.0,0.0,0.24666666666666667,Neutral
4797,3462.0,0.8261228280194756,False,0.023235079836160997,3462.0,0.023235079836160997,0.0,0.0,0.25,Neutral
4798,3462.0,0.8396313520035775,False,0.022989625503390287,3462.0,0.022989625503390287,0.0,0.0,0.25333333333333335,Neutral
4799,3462.0,0.852625006436551,False,0.02274298890248953,3462.0,0.02274298890248953,0.0,0.0,0.25666666666666665,Neutral
4800,3462.0,0.8648417156538812,False,0.022486526336351422,3462.0,0.022486526336351422,0.0,0.0,0.26,Neutral
4801,3462.0,0.8759067377235678,False,0.022231288510741663,3462.0,0.022231288510741663,0.0,0.0,0.2633333333333333,Neutral
4802,3462.0,0.8859574806092142,False,0.02197963226711008,3462.0,0.02197963226711008,0.0,0.0,0.26666666666666666,Neutral
4803,3462.0,0.8950749803481471,False,0.021731551974506724,3462.0,0.021731551974506724,0.0,0.0,0.27,Neutral
4804,3462.0,0.9040056392021176,False,0.021474476502960166,3462.0,0.021474476502960166,0.0,0.0,0.2733333333333333,Neutral
4805,3462.0,0.9120772445926518,False,0.02121727581128787,3462.0,0.02121727581128787,0.0,0.0,0.27666666666666667,Neutral
4806,3462.0,0.9193273838190623,False,0.020963430543341415,3462.0,0.020963430543341415,0.0,0.0,0.28,Neutral
4807,3462.0,0.9258242045352929,False,0.020712132785189845,3462.0,0.020712132785189845,0.0,0.0,0.2833333333333333,Neutral
4808,3462.0,0.9316260608065062,False,0.02047667794743363,3462.0,0.02047667794743363,0.0,0.0,0.2866666666666667,Neutral
4809,3462.0,0.9367559907303342,False,0.020259239844830242,3462.0,0.020259239844830242,0.0,0.0,0.29,Neutral
4810,3462.0,0.9414189078345646,False,0.020068201722578564,3462.0,0.020068201722578564,0.0,0.0,0.29333333333333333,Neutral
4811,3462.0,0.945918281655943,False,0.019897337463460292,3462.0,0.019897337463460292,0.0,0.0,0.2966666666666667,Neutral
4812,3462.0,0.9503249514236439,False,0.0197390078054569,3462.0,0.0197390078054569,0.0,0.0,0.3,Neutral
4813,3462.0,0.954352080479048,False,0.01959364962316464,3462.0,0.01959364962316464,0.0,0.0,0.30333333333333334,Neutral
4814,3462.0,0.9580965923921684,False,0.019458012193141274,3462.0,0.019458012193141274,0.0,0.0,0.30666666666666664,Neutral
4815,3462.0,0.9595272078529853,False,0.0193225004691596,3462.0,0.0193225004691596,0.0,0.0,0.31,Neutral
4816,3462.0,0.9623757834786713,False,0.01918928758003266,3462.0,0.01918928758003266,0.0,0.0,0.31333333333333335,Neutral
4817,3462.0,0.9650521220271148,False,0.019055675464748238,3462.0,0.019055675464748238,0.0,0.0,0.31666666666666665,Neutral
4818,3462.0,0.967329339846861,False,0.0189255044314475,3462.0,0.0189255044314475,0.0,0.0,0.32,Neutral
4819,3462.0,0.9692627087969214,False,0.018794586455156446,3462.0,0.018794586455156446,0.0,0.0,0.3233333333333333,Neutral
4820,3462.0,0.9707590048813931,False,0.0186821635290134,3462.0,0.0186821635290134,0.0,0.0,0.32666666666666666,Neutral
4821,3401.0,1.0,False,0.027293882249114318,3401.0,0.027293882249114318,0.0,0.0,0.32666666666666666,Neutral
4822,3401.0,1.0,False,0.027395742717699487,3401.0,0.027395742717699487,0.0,0.0,0.32666666666666666,Neutral
4823,3401.0,1.0,False,0.027454968902285784,3401.0,0.027454968902285784,0.0,0.0,0.32666666666666666,Neutral
4824,3401.0,1.0,False,0.02749500460980229,3401.0,0.02749500460980229,0.0,0.0,0.32666666666666666,Neutral
4825,3401.0,1.0,False,0.027521608347048844,3401.0,0.027521608347048844,0.0,0.0,0.32666666666666666,Neutral
4826,3401.0,1.0,False,0.027542282973408,3401.0,0.027542282973408,0.0,0.0,0.32666666666666666,Neutral
4827,3401.0,1.0,False,0.02754512541320765,3401.0,0.02754512541320765,0.0,0.0,0.32666666666666666,Neutral
4828,3401.0,1.0,False,0.027544743815891774,3401.0,0.027544743815891774,0.0,0.0,0.32666666666666666,Neutral
4829,3401.0,1.0,False,0.027517178082294105,3401.0,0.027517178082294105,0.0,0.0,0.32666666666666666,Neutral
4830,3401.0,1.0,False,0.027538531501908006,3401.0,0.027538531501908006,0.0,0.0,0.32666666666666666,Neutral
4831,3401.0,1.0,False,0.027550257598215284,3401.0,0.027550257598215284,0.0,0.0,0.32666666666666666,Neutral
4832,3401.0,1.0,False,0.027556491276393882,3401.0,0.027556491276393882,0.0,0.0,0.32666666666666666,Neutral
4833,3401.0,1.0,False,0.02756319514014215,3401.0,0.02756319514014215,0.0,0.0,0.32666666666666666,Neutral
4834,3401.0,1.0,False,0.02755717566504284,3401.0,0.02755717566504284,0.0,0.0,0.32666666666666666,Neutral
4835,3401.0,1.0,False,0.027566320415417955,3401.0,0.027566320415417955,0.0,0.0,0.32666666666666666,Neutral
4836,3401.0,1.0,False,0.027576528391926647,3401.0,0.027576528391926647,0.0,0.0,0.32666666666666666,Neutral
4837,3401.0,1.0,False,0.027563234746362675,3401.0,0.027563234746362675,0.0,0.0,0.32666666666666666,Neutral
4838,3401.0,1.0,False,0.02755724910442406,3401.0,0.02755724910442406,0.0,0.0,0.32666666666666666,Neutral
4839,3401.0,1.0,False,0.027576253014507154,3401.0,0.027576253014507154,0.0,0.0,0.32666666666666666,Neutral
4840,3401.0,1.0,False,0.027602384241827,3401.0,0.027602384241827,0.0,0.0,0.32666666666666666,Neutral
4841,3401.0,1.0,False,0.027613220868960543,3401.0,0.027613220868960543,0.0,0.0,0.32666666666666666,Neutral
4842,3401.0,1.0,False,0.027614561243395886,3401.0,0.027614561243395886,0.0,0.0,0.32666666666666666,Neutral
4843,3401.0,1.0,False,0.02760829285281825,3401.0,0.02760829285281825,0.0,0.0,0.32666666666666666,Neutral
4844,3401.0,1.0,False,0.027600476979458884,3401.0,0.027600476979458884,0.0,0.0,0.32666666666666666,Neutral
4845,3401.0,1.0,False,0.027569831820035213,3401.0,0.027569831820035213,0.0,0.0,0.32666666666666666,Neutral
4846,3401.0,1.0,False,0.027574475992172533,3401.0,0.027574475992172533,0.0,0.0,0.32666666666666666,Neutral
4847,3401.0,1.0,False,0.02757482375423933,3401.0,0.02757482375423933,0.0,0.0,0.32666666666666666,Neutral
4848,3401.0,1.0,False,0.027554038590854046,3401.0,0.027554038590854046,0.0,0.0,0.32666666666666666,Neutral
4849,3401.0,1.0,False,0.027524356525373144,3401.0,0.027524356525373144,0.0,0.0,0.32666666666666666,Neutral
4850,3401.0,1.0,False,0.02749410863507291,3401.0,0.02749410863507291,0.0,0.0,0.32666666666666666,Neutral
4851,3401.0,1.0,False,0.02747674119789036,3401.0,0.02747674119789036,0.0,0.0,0.32666666666666666,Neutral
4852,3401.0,1.0,False,0.02746027099650795,3401.0,0.02746027099650795,0.0,0.0,0.32666666666666666,Neutral
4853,3401.0,1.0,False,0.027442569926690946,3401.0,0.027442569926690946,0.0,0.0,0.32666666666666666,Neutral
4854,3401.0,1.0,False,0.027403915076811808,3401.0,0.027403915076811808,0.0,0.0,0.32666666666666666,Neutral
4855,3401.0,1.0,False,0.02735919076001951,3401.0,0.02735919076001951,0.0,0.0,0.32666666666666666,Neutral
4856,3401.0,1.0,False,0.027318329809624918,3401.0,0.027318329809624918,0.0,0.0,0.32666666666666666,Neutral
4857,3401.0,1.0,False,0.027285431858222003,3401.0,0.027285431858222003,0.0,0.0,0.32666666666666666,Neutral
4858,3401.0,1.0,False,0.027253639130330576,3401.0,0.027253639130330576,0.0,0.0,0.32666666666666666,Neutral
4859,3401.0,1.0,False,0.027227920691196856,3401.0,0.027227920691196856,0.0,0.0,0.32666666666666666,Neutral
4860,3401.0,1.0,False,0.027215205787757327,3401.0,0.027215205787757327,0.0,0.0,0.32666666666666666,Neutral
4861,3401.0,1.0,False,0.027226217450946916,3401.0,0.027226217450946916,0.0,0.0,0.32666666666666666,Neutral
4862,3401.0,1.0,False,0.027248349191528482,3401.0,0.027248349191528482,0.0,0.0,0.32666666666666666,Neutral
4863,3401.0,1.0,False,0.027275085908432434,3401.0,0.027275085908432434,0.0,0.0,0.32666666666666666,Neutral
4864,3401.0,1.0,False,0.027311884571359548,3401.0,0.027311884571359548,0.0,0.0,0.32666666666666666,Neutral
4865,3401.0,1.0,False,0.027336793377367198,3401.0,0.027336793377367198,0.0,0.0,0.32666666666666666,Neutral
4866,3401.0,1.0,False,0.027357956322842387,3401.0,0.027357956322842387,0.0,0.0,0.32666666666666666,Neutral
4867,3401.0,1.0,False,0.02737172367729609,3401.0,0.02737172367729609,0.0,0.0,0.32666666666666666,Neutral
4868,3401.0,1.0,False,0.027379436110457584,3401.0,0.027379436110457584,0.0,0.0,0.32666666666666666,Neutral
4869,3401.0,1.0,False,0.02738043598376516,3401.0,0.02738043598376516,0.0,0.0,0.32666666666666666,Neutral
4870,3401.0,1.0,False,0.027381040175557318,3401.0,0.027381040175557318,0.0,0.0,0.32666666666666666,Neutral
4871,3401.0,1.0,False,0.0273770887548984,3401.0,0.0273770887548984,0.0,0.0,0.32666666666666666,Neutral
4872,3401.0,1.0,False,0.027358406083933424,3401.0,0.027358406083933424,0.0,0.0,0.32666666666666666,Neutral
4873,3401.0,1.0,False,0.027341178047362833,3401.0,0.027341178047362833,0.0,0.0,0.32666666666666666,Neutral
4874,3401.0,1.0,False,0.027316211503970553,3401.0,0.027316211503970553,0.0,0.0,0.32666666666666666,Neutral
4875,3401.0,1.0,False,0.027282268592235332,3401.0,0.027282268592235332,0.0,0.0,0.32666666666666666,Neutral
4876,3401.0,1.0,False,0.027236305798313366,3401.0,0.027236305798313366,0.0,0.0,0.32666666666666666,Neutral
4877,3401.0,1.0,False,0.027197983595774605,3401.0,0.027197983595774605,0.0,0.0,0.32666666666666666,Neutral
4878,3401.0,1.0,False,0.02717162113812846,3401.0,0.02717162113812846,0.0,0.0,0.32666666666666666,Neutral
4879,3401.0,1.0,False,0.02716348778111826,3401.0,0.02716348778111826,0.0,0.0,0.32666666666666666,Neutral
4880,3401.0,1.0,False,0.027163893042372284,3401.0,0.027163893042372284,0.0,0.0,0.32666666666666666,Neutral
4881,3401.0,1.0,False,0.02716833219869319,3401.0,0.02716833219869319,0.0,0.0,0.32666666666666666,Neutral
4882,3401.0,1.0,False,0.027180202127518788,3401.0,0.027180202127518788,0.0,0.0,0.32666666666666666,Neutral
4883,3401.0,1.0,False,0.02718208899868865,3401.0,0.02718208899868865,0.0,0.0,0.32666666666666666,Neutral
4884,3401.0,1.0,False,0.027189615303224182,3401.0,0.027189615303224182,0.0,0.0,0.32666666666666666,Neutral
4885,3401.0,1.0,False,0.02720075417911075,3401.0,0.02720075417911075,0.0,0.0,0.32666666666666666,Neutral
4886,3401.0,1.0,False,0.027208363071172775,3401.0,0.027208363071172775,0.0,0.0,0.32666666666666666,Neutral
4887,3401.0,1.0,False,0.027209838665615715,3401.0,0.027209838665615715,0.0,0.0,0.32666666666666666,Neutral
4888,3401.0,1.0,False,0.02720743587490545,3401.0,0.02720743587490545,0.0,0.0,0.32666666666666666,Neutral
4889,3401.0,1.0,False,0.02721597089631521,3401.0,0.02721597089631521,0.0,0.0,0.32666666666666666,Neutral
4890,3401.0,1.0,False,0.027225687783492453,3401.0,0.027225687783492453,0.0,0.0,0.32666666666666666,Neutral
4891,3401.0,1.0,False,0.027236172496715786,3401.0,0.027236172496715786,0.0,0.0,0.32666666666666666,Neutral
4892,3401.0,1.0,False,0.027245236317708012,3401.0,0.027245236317708012,0.0,0.0,0.32666666666666666,Neutral
4893,3401.0,1.0,False,0.027249318686665993,3401.0,0.027249318686665993,0.0,0.0,0.32666666666666666,Neutral
4894,3401.0,1.0,False,0.02726085138730367,3401.0,0.02726085138730367,0.0,0.0,0.32666666666666666,Neutral
4895,3401.0,1.0,False,0.02726762672753956,3401.0,0.02726762672753956,0.0,0.0,0.32666666666666666,Neutral
4896,3401.0,1.0,False,0.027268681689547124,3401.0,0.027268681689547124,0.0,0.0,0.32666666666666666,Neutral
4897,3401.0,1.0,False,0.02728225456131118,3401.0,0.02728225456131118,0.0,0.0,0.32666666666666666,Neutral
4898,3401.0,1.0,False,0.02729125129458618,3401.0,0.02729125129458618,0.0,0.0,0.32666666666666666,Neutral
4899,3401.0,1.0,False,0.027286627461140484,3401.0,0.027286627461140484,0.0,0.0,0.32666666666666666,Neutral
4900,3401.0,1.0,False,0.027277686901895335,3401.0,0.027277686901895335,0.0,0.0,0.32666666666666666,Neutral
4901,3401.0,1.0,False,0.027267442875143343,3401.0,0.027267442875143343,0.0,0.0,0.32666666666666666,Neutral
4902,3401.0,1.0,False,0.02725862018456926,3401.0,0.02725862018456926,0.0,0.0,0.32666666666666666,Neutral
4903,3401.0,1.0,False,0.027254034981438316,3401.0,0.027254034981438316,0.0,0.0,0.32666666666666666,Neutral
4904,3401.0,1.0,False,0.02725024318425735,3401.0,0.02725024318425735,0.0,0.0,0.32666666666666666,Neutral
4905,3401.0,1.0,False,0.027239444686708487,3401.0,0.027239444686708487,0.0,0.0,0.32666666666666666,Neutral
4906,3401.0,1.0,False,0.027249956832926542,3401.0,0.027249956832926542,0.0,0.0,0.32666666666666666,Neutral
4907,3401.0,1.0,False,0.027242711769063756,3401.0,0.027242711769063756,0.0,0.0,0.32666666666666666,Neutral
4908,3401.0,1.0,False,0.027236694901617585,3401.0,0.027236694901617585,0.0,0.0,0.32666666666666666,Neutral
4909,3466.0,0.9843135303744733,False,0.018425572631753543,3466.0,0.018425572631753543,0.0,0.0,0.33,Neutral
4910,3466.0,0.9799408247942978,False,0.018626276418510175,3466.0,0.018626276418510175,0.0,0.0,0.3333333333333333,Neutral
4911,3466.0,0.9766157019598085,False,0.018797374184177356,3466.0,0.018797374184177356,0.0,0.0,0.33666666666666667,Neutral
4912,3466.0,0.9727836536292032,False,0.019016828316926828,3466.0,0.019016828316926828,0.0,0.0,0.34,Neutral
4913,3401.0,1.0,False,0.027142840317473427,3401.0,0.027142840317473427,0.0,0.0,0.34,Neutral
4914,3401.0,1.0,False,0.027057577581246415,3401.0,0.027057577581246415,0.0,0.0,0.34,Neutral
4915,3401.0,1.0,False,0.027005521903773498,3401.0,0.027005521903773498,0.0,0.0,0.34,Neutral
4916,3401.0,1.0,False,0.026975778936176732,3401.0,0.026975778936176732,0.0,0.0,0.34,Neutral
4917,3401.0,1.0,False,0.02691385616756206,3401.0,0.02691385616756206,0.0,0.0,0.34,Neutral
4918,3401.0,1.0,False,0.026860413548876954,3401.0,0.026860413548876954,0.0,0.0,0.34,Neutral
4919,3401.0,1.0,False,0.02680478002569442,3401.0,0.02680478002569442,0.0,0.0,0.34,Neutral
4920,3401.0,1.0,False,0.026740513498775178,3401.0,0.026740513498775178,0.0,0.0,0.34,Neutral
4921,3401.0,1.0,False,0.026697122093246765,3401.0,0.026697122093246765,0.0,0.0,0.34,Neutral
4922,3401.0,1.0,False,0.026645796545744196,3401.0,0.026645796545744196,0.0,0.0,0.34,Neutral
4923,3401.0,1.0,False,0.026665074733004467,3401.0,0.026665074733004467,0.0,0.0,0.34,Neutral
4924,3401.0,1.0,False,0.026582108385031257,3401.0,0.026582108385031257,0.0,0.0,0.34,Neutral
4925,3401.0,1.0,False,0.0265279178009301,3401.0,0.0265279178009301,0.0,0.0,0.34,Neutral
4926,3401.0,1.0,False,0.02649946238027889,3401.0,0.02649946238027889,0.0,0.0,0.34,Neutral
4927,3401.0,1.0,False,0.0264786804437829,3401.0,0.0264786804437829,0.0,0.0,0.34,Neutral
4928,3467.0,0.9784929608058544,False,0.01,3467.0,0.01,0.0,0.0,0.3433333333333333,Neutral
4929,3467.0,0.9785993417155294,False,0.01,3467.0,0.01,0.0,0.0,0.3466666666666667,Neutral
4930,3401.0,1.0,False,0.02642374865124135,3401.0,0.02642374865124135,0.0,0.0,0.3466666666666667,Neutral
4931,3401.0,1.0,False,0.0263940709598558,3401.0,0.0263940709598558,0.0,0.0,0.3466666666666667,Neutral
4932,3401.0,1.0,False,0.026377022724096227,3401.0,0.026377022724096227,0.0,0.0,0.3466666666666667,Neutral
4933,3401.0,1.0,False,0.026341879790254152,3401.0,0.026341879790254152,0.0,0.0,0.3466666666666667,Neutral
4934,3401.0,1.0,False,0.02631668419895445,3401.0,0.02631668419895445,0.0,0.0,0.3466666666666667,Neutral
4935,3401.0,1.0,False,0.026323682420447553,3401.0,0.026323682420447553,0.0,0.0,0.3466666666666667,Neutral
4936,3401.0,0.9234387161156498,False,0.026308570916705444,3401.0,0.026308570916705444,0.0,0.0,0.3466666666666667,Neutral
4937,3401.0,0.9251526429654384,False,0.026282643466374437,3401.0,0.026282643466374437,0.0,0.0,0.3466666666666667,Neutral
4938,3401.0,0.9268464780719096,False,0.02627768206975046,3401.0,0.02627768206975046,0.0,0.0,0.3466666666666667,Neutral
4939,3401.0,0.9274414682037682,False,0.02627647201332087,3401.0,0.02627647201332087,0.0,0.0,0.3466666666666667,Neutral
4940,3401.0,0.9277241381840426,False,0.02628049320224598,3401.0,0.02628049320224598,0.0,0.0,0.3466666666666667,Neutral
4941,3401.0,0.9275027734504001,False,0.026320194652236627,3401.0,0.026320194652236627,0.0,0.0,0.3466666666666667,Neutral
4942,3401.0,0.9270022842097057,False,0.026314142618457898,3401.0,0.026314142618457898,0.0,0.0,0.3466666666666667,Neutral
4943,3401.0,0.926283904199543,False,0.02631352051165541,3401.0,0.02631352051165541,0.0,0.0,0.3466666666666667,Neutral
4944,3401.0,0.924787259229032,False,0.02634294774785813,3401.0,0.02634294774785813,0.0,0.0,0.3466666666666667,Neutral
4945,3401.0,0.9232449936430136,False,0.0263773453473172,3401.0,0.0263773453473172,0.0,0.0,0.3466666666666667,Neutral
4946,3401.0,0.9212585351405175,False,0.026431938562123843,3401.0,0.026431938562123843,0.0,0.0,0.3466666666666667,Neutral
4947,3401.0,0.918939961999917,False,0.026478410344350427,3401.0,0.026478410344350427,0.0,0.0,0.3466666666666667,Neutral
4948,3401.0,0.9165054342209343,False,0.02651452689044983,3401.0,0.02651452689044983,0.0,0.0,0.3466666666666667,Neutral
4949,3401.0,0.9139442249999872,False,0.026558574769793557,3401.0,0.026558574769793557,0.0,0.0,0.3466666666666667,Neutral
4950,3401.0,0.9121952572996467,False,0.02658823337385943,3401.0,0.02658823337385943,0.0,0.0,0.3466666666666667,Neutral
4951,,,False,,,,,,,Neutral
4952,3471.0,0.4932279499689451,True,0.02826585590676939,3471.0,0.02826585590676939,0.0,2795.031716834649,0.3466666666666667,Neutral
4953,3471.0,0.49100704229380865,True,0.02832309141330045,3471.0,0.02832309141330045,0.0,2776.783050276915,0.3466666666666667,Neutral
4954,3471.0,0.470365762492268,True,0.02837165017195266,3471.0,0.02837165017195266,0.0,2775.315244123117,0.3466666666666667,Neutral
4955,3471.0,0.4660957685701528,True,0.028431977798357044,3471.0,0.028431977798357044,0.0,2775.6837946447026,0.3466666666666667,Neutral
4956,3471.0,0.4615923869991071,True,0.028489415150792716,3471.0,0.028489415150792716,0.0,2776.403979856367,0.3466666666666667,Neutral
4957,3471.0,0.457571363933592,True,0.02856221940549132,3471.0,0.02856221940549132,0.0,2331.983620076907,0.3466666666666667,Neutral
4958,3473.0,0.611481539465742,False,0.01973344183439014,3473.0,0.01973344183439014,0.0,2338.3902192236174,0.35,Neutral
4959,3471.0,0.4499947858321148,True,0.028686278167502213,3471.0,0.028686278167502213,0.0,2362.967642222142,0.35,Neutral
4960,3473.0,0.6083463879070794,False,0.01971989840641651,3473.0,0.01971989840641651,0.0,2754.663553593952,0.35333333333333333,Neutral
4961,3473.0,0.6316760744170528,False,0.019718968108471804,3473.0,0.019718968108471804,0.0,2768.006902379825,0.3566666666666667,Neutral
4962,3473.0,0.6170635485442137,False,0.01973316575885827,3473.0,0.01973316575885827,0.0,2383.643002391981,0.36,Neutral
4963,3473.0,0.6164606251540509,False,0.019746761492750925,3473.0,0.019746761492750925,0.0,2393.159052558935,0.36333333333333334,Neutral
4964,3473.0,0.6156772940569617,False,0.019769898682526908,3473.0,0.019769898682526908,0.0,2401.536671134046,0.36666666666666664,Neutral
4965,3473.0,0.6366618651595057,False,0.01979987201649748,3473.0,0.01979987201649748,0.0,1700.7213700627372,0.37,Neutral
4966,3473.0,0.6229680053177826,False,0.01983438236470376,3473.0,0.01983438236470376,0.0,1731.984745282919,0.37333333333333335,Neutral
4967,3473.0,0.6395185801230271,False,0.01986405120775177,3473.0,0.01986405120775177,0.0,1678.949309255976,0.37666666666666665,Neutral
4968,3473.0,0.6402929722008416,False,0.019888480182167857,3473.0,0.019888480182167857,0.0,1700.1436173318082,0.38,Neutral
4969,3473.0,0.6347828562970281,False,0.019911376311647924,3473.0,0.019911376311647924,0.0,1717.551974635072,0.38333333333333336,Neutral
4970,3473.0,0.6353757824479189,False,0.01993249127981541,3473.0,0.01993249127981541,0.0,1740.6647715513714,0.38666666666666666,Neutral
4971,3473.0,0.6422180567692992,False,0.019949556903152883,3473.0,0.019949556903152883,0.0,1759.4776017238137,0.39,Neutral
4972,3473.0,0.6431641446344478,False,0.019963135320005595,3473.0,0.019963135320005595,0.0,1782.6361034033202,0.3933333333333333,Neutral
4973,3473.0,0.6433916254560632,False,0.019975233514324266,3473.0,0.019975233514324266,0.0,1801.2023545536724,0.39666666666666667,Neutral
4974,3473.0,0.6431052648247748,False,0.01998663054692122,3473.0,0.01998663054692122,0.0,1816.5893442640124,0.4,Neutral
4975,3473.0,0.6431121255975798,False,0.01999566632440595,3473.0,0.01999566632440595,0.0,1838.6372727313264,0.4033333333333333,Neutral
4976,3471.0,0.7463583518910402,False,0.029504451011570294,3471.0,0.029504451011570294,0.0,1855.7726196709364,0.4066666666666667,Neutral
4977,3471.0,0.7575997559484028,False,0.029494328445646874,3471.0,0.029494328445646874,0.0,713.6998241579217,0.41,Neutral
4978,3471.0,0.7470769852771459,False,0.02948347986275604,3471.0,0.02948347986275604,0.0,1892.8985566144336,0.41333333333333333,Neutral
4979,3471.0,0.7582726696456925,False,0.0294667631528092,3471.0,0.0294667631528092,0.0,706.7438525217885,0.4166666666666667,Neutral
4980,3471.0,0.7295954447777323,False,0.029456650556689966,3471.0,0.029456650556689966,0.0,1922.3411797118933,0.42,Neutral
4981,3473.0,0.6318909987483311,False,0.019990488583322162,3473.0,0.019990488583322162,0.0,1947.0979264655507,0.42333333333333334,Neutral
4982,3471.0,0.7295954810903446,False,0.029418354445016295,3471.0,0.029418354445016295,0.0,963.1147418143804,0.4266666666666667,Neutral
4983,3471.0,0.7032398031245309,False,0.02938290758021677,3471.0,0.02938290758021677,0.0,1981.5330846540214,0.43,Neutral
4984,3473.0,0.62976084083075,False,0.01996393063095125,3473.0,0.01996393063095125,0.0,2011.0870888109619,0.43333333333333335,Neutral
4985,3471.0,0.7384873820659503,False,0.029272006175311244,3471.0,0.029272006175311244,0.0,0.0,0.43666666666666665,Neutral
4986,3471.0,0.7278444217448727,False,0.029213148226050534,3471.0,0.029213148226050534,0.0,2027.7882915187495,0.44,Neutral
4987,3473.0,0.5283251503285724,True,0.019929831837104464,3473.0,0.019929831837104464,0.0,2051.0037006489574,0.44,Neutral
4988,3473.0,0.6268224073155482,False,0.01991947805123184,3473.0,0.01991947805123184,0.0,2069.5013982087166,0.44333333333333336,Neutral
4989,3473.0,0.6330610437810046,False,0.01990014282943938,3473.0,0.01990014282943938,0.0,953.9243664454619,0.44666666666666666,Neutral
4990,3473.0,0.6312860946140288,False,0.01988228381386997,3473.0,0.01988228381386997,0.0,950.3922301757216,0.45,Neutral
4991,3473.0,0.6299597803762105,False,0.019855679686148472,3473.0,0.019855679686148472,0.0,948.6739498278959,0.4533333333333333,Neutral
4992,3473.0,0.6526949659640386,False,0.019822748310145237,3473.0,0.019822748310145237,0.0,0.0,0.45666666666666667,Neutral
4993,3473.0,0.6510605242385906,False,0.01978856945265981,3473.0,0.01978856945265981,0.0,0.0,0.46,Neutral
4994,3473.0,0.6262177315358481,False,0.019752951706471383,3473.0,0.019752951706471383,0.0,936.0464379139764,0.4633333333333333,Neutral
4995,3473.0,0.6249531431404598,False,0.019708358308073638,3473.0,0.019708358308073638,0.0,932.6979946492884,0.4666666666666667,Neutral
4996,,,False,,,,,,,Neutral
4997,,,False,,,,,,,Neutral
4998,,,False,,,,,,,Neutral
4999,,,False,,,,,,,Neutral
5000,,,False,,,,,,,Neutral
5001,,,False,,,,,,,Neutral
5002,,,False,,,,,,,Neutral
5003,,,False,,,,,,,Neutral
5004,,,False,,,,,,,Neutral
5005,,,False,,,,,,,Neutral
5006,,,False,,,,,,,Neutral
5007,,,False,,,,,,,Neutral
5008,,,False,,,,,,,Neutral
5009,,,False,,,,,,,Neutral
5010,,,False,,,,,,,Neutral
5011,,,False,,,,,,,Neutral
5012,,,False,,,,,,,Neutral
5013,,,False,,,,,,,Neutral
5014,,,False,,,,,,,Neutral
5015,,,False,,,,,,,Neutral
5016,,,False,,,,,,,Neutral
5017,,,False,,,,,,,Neutral
5018,,,False,,,,,,,Neutral
5019,,,False,,,,,,,Neutral
5020,,,False,,,,,,,Neutral
5021,,,False,,,,,,,Neutral
5022,,,False,,,,,,,Neutral
5023,,,False,,,,,,,Neutral
5024,,,False,,,,,,,Neutral
5025,,,False,,,,,,,Neutral
5026,,,False,,,,,,,Neutral
5027,,,False,,,,,,,Neutral
5028,,,False,,,,,,,Neutral
5029,,,False,,,,,,,Neutral
5030,,,False,,,,,,,Neutral
5031,,,False,,,,,,,Neutral
5032,,,False,,,,,,,Neutral
5033,,,False,,,,,,,Neutral
5034,,,False,,,,,,,Neutral
5035,,,False,,,,,,,Neutral
5036,,,False,,,,,,,Neutral
5037,,,False,,,,,,,Neutral
5038,,,False,,,,,,,Neutral
5039,,,False,,,,,,,Neutral
5040,,,False,,,,,,,Neutral
5041,,,False,,,,,,,Neutral
5042,,,False,,,,,,,Neutral
5043,,,False,,,,,,,Neutral
5044,,,False,,,,,,,Neutral
5045,,,False,,,,,,,Neutral
5046,,,False,,,,,,,Neutral
5047,,,False,,,,,,,Neutral
5048,,,False,,,,,,,Neutral
5049,,,False,,,,,,,Neutral
5050,,,False,,,,,,,Neutral
5051,,,False,,,,,,,Neutral
5052,,,False,,,,,,,Neutral
5053,,,False,,,,,,,Neutral
5054,,,False,,,,,,,Neutral
5055,,,False,,,,,,,Neutral
5056,,,False,,,,,,,Neutral
5057,,,False,,,,,,,Neutral
5058,,,False,,,,,,,Neutral
5059,,,False,,,,,,,Neutral
5060,,,False,,,,,,,Neutral
5061,,,False,,,,,,,Neutral
5062,,,False,,,,,,,Neutral
5063,,,False,,,,,,,Neutral
5064,,,False,,,,,,,Neutral
5065,,,False,,,,,,,Neutral
5066,,,False,,,,,,,Neutral
5067,,,False,,,,,,,Neutral
5068,,,False,,,,,,,Neutral
5069,,,False,,,,,,,Neutral
5070,,,False,,,,,,,Neutral
5071,,,False,,,,,,,Neutral
5072,,,False,,,,,,,Neutral
5073,,,False,,,,,,,Neutral
5074,,,False,,,,,,,Neutral
5075,,,False,,,,,,,Neutral
5076,,,False,,,,,,,Neutral
5077,,,False,,,,,,,Neutral
5078,,,False,,,,,,,Neutral
5079,,,False,,,,,,,Neutral
5080,,,False,,,,,,,Neutral
5081,,,False,,,,,,,Neutral
5082,,,False,,,,,,,Neutral
5083,,,False,,,,,,,Neutral
5084,,,False,,,,,,,Neutral
5085,,,False,,,,,,,Neutral
5086,,,False,,,,,,,Neutral
5087,,,False,,,,,,,Neutral
5088,,,False,,,,,,,Neutral
5089,,,False,,,,,,,Neutral
5090,,,False,,,,,,,Neutral
5091,,,False,,,,,,,Neutral
5092,,,False,,,,,,,Neutral
5093,,,False,,,,,,,Neutral
5094,,,False,,,,,,,Neutral
5095,,,False,,,,,,,Neutral
5096,,,False,,,,,,,Neutral
5097,,,False,,,,,,,Neutral
